                       Norm,                    Minimum,                    Maximum,                       Mean
        +1.500013720646e-01,        +4.861838656667e-09,        +8.875249883119e-03,        +9.418119587920e-05
