{
  "columns": [
    "iter",
    "cost",
    "eps1",
    "eps2",
    "eps3"
  ],
  "reference_cost": 0.03429814340892011,
  "reference_eps": [
    1.9429809426077072,
    4.652159945299227,
    4.719520172551529
  ],
  "rows": [
    [
      0,
      0.09591514617204666,
      1.8612096309661865,
      3.464101552963257,
      6.447419166564941
    ],
    [
      1,
      0.07464878261089325,
      1.9880635738372803,
      3.7627222537994385,
      6.859404563903809
    ],
    [
      2,
      0.05747366324067116,
      2.129399061203003,
      4.080288887023926,
      7.26788330078125
    ],
    [
      3,
      0.04878799244761467,
      2.2897863388061523,
      4.400819778442383,
      7.618546485900879
    ],
    [
      4,
      0.04951411485671997,
      2.4604172706604004,
      4.6909894943237305,
      7.796892166137695
    ],
    [
      5,
      0.05512832850217819,
      2.5900955200195312,
      4.9125518798828125,
      7.796974182128906
    ],
    [
      6,
      0.05836191400885582,
      2.630343437194824,
      5.048791885375977,
      7.668953895568848
    ],
    [
      7,
      0.057150132954120636,
      2.600989818572998,
      5.1080193519592285,
      7.451339244842529
    ],
    [
      8,
      0.05294591933488846,
      2.5323033332824707,
      5.107663154602051,
      7.172678470611572
    ],
    [
      9,
      0.04781053960323334,
      2.446173906326294,
      5.066174507141113,
      6.852254390716553
    ],
    [
      10,
      0.043456532061100006,
      2.359130859375,
      5.001590251922607,
      6.501835823059082
    ],
    [
      11,
      0.04078684747219086,
      2.2842562198638916,
      4.9316534996032715,
      6.1306586265563965
    ],
    [
      12,
      0.03995494171977043,
      2.2298479080200195,
      4.8733673095703125,
      5.751158714294434
    ],
    [
      13,
      0.04086508974432945,
      2.1979880332946777,
      4.84136438369751,
      5.389008522033691
    ],
    [
      14,
      0.04288538172841072,
      2.1861305236816406,
      4.845500946044922,
      5.101444244384766
    ],
    [
      15,
      0.043877650052309036,
      2.190253973007202,
      4.888980865478516,
      4.953852653503418
    ],
    [
      16,
      0.04248729348182678,
      2.207218647003174,
      4.968814849853516,
      4.938785552978516
    ],
    [
      17,
      0.039579618722200394,
      2.2350118160247803,
      5.07831335067749,
      5.01317834854126
    ],
    [
      18,
      0.03676535189151764,
      2.2716879844665527,
      5.208551406860352,
      5.140088081359863
    ],
    [
      19,
      0.035286325961351395,
      2.314189910888672,
      5.348859786987305,
      5.285939693450928
    ],
    [
      20,
      0.035422779619693756,
      2.3575658798217773,
      5.48772668838501,
      5.415635585784912
    ],
    [
      21,
      0.03647277504205704,
      2.3951525688171387,
      5.6146931648254395,
      5.498112201690674
    ],
    [
      22,
      0.037374816834926605,
      2.4202470779418945,
      5.722480773925781,
      5.516411781311035
    ],
    [
      23,
      0.03741300851106644,
      2.4285924434661865,
      5.808015823364258,
      5.469625473022461
    ],
    [
      24,
      0.03652350604534149,
      2.4198763370513916,
      5.872134685516357,
      5.367501735687256
    ],
    [
      25,
      0.03521246463060379,
      2.3973755836486816,
      5.918633460998535,
      5.225556373596191
    ],
    [
      26,
      0.034231673926115036,
      2.366532802581787,
      5.953211784362793,
      5.0634331703186035
    ],
    [
      27,
      0.034120865166187286,
      2.333413600921631,
      5.982369899749756,
      4.905158996582031
    ],
    [
      28,
      0.03478601202368736,
      2.303433418273926,
      6.012165546417236,
      4.777695655822754
    ],
    [
      29,
      0.035521116107702255,
      2.280540704727173,
      6.046870231628418,
      4.703279972076416
    ],
    [
      30,
      0.03567637875676155,
      2.2669601440429688,
      6.088033676147461,
      4.689608097076416
    ],
    [
      31,
      0.035221800208091736,
      2.2633442878723145,
      6.1344218254089355,
      4.729222774505615
    ],
    [
      32,
      0.034599848091602325,
      2.268991231918335,
      6.182700157165527,
      4.805867671966553
    ],
    [
      33,
      0.03425979241728783,
      2.2820072174072266,
      6.228455066680908,
      4.899326801300049
    ],
    [
      34,
      0.0343453548848629,
      2.299497127532959,
      6.267231464385986,
      4.988497257232666
    ],
    [
      35,
      0.03468015789985657,
      2.3179497718811035,
      6.295400142669678,
      5.0550737380981445
    ],
    [
      36,
      0.03496212884783745,
      2.3338751792907715,
      6.310733318328857,
      5.087263584136963
    ],
    [
      37,
      0.03498199209570885,
      2.3445897102355957,
      6.312628746032715,
      5.081466197967529
    ],
    [
      38,
      0.03473380580544472,
      2.3488337993621826,
      6.302091121673584,
      5.041594505310059
    ],
    [
      39,
      0.03439231589436531,
      2.3469624519348145,
      6.281546592712402,
      4.977393627166748
    ],
    [
      40,
      0.03418513759970665,
      2.340632438659668,
      6.254521369934082,
      4.902705192565918
    ],
    [
      41,
      0.03422435000538826,
      2.3321781158447266,
      6.225108623504639,
      4.833462238311768
    ],
    [
      42,
      0.03441478684544563,
      2.3239145278930664,
      6.197214126586914,
      4.784659385681152
    ],
    [
      43,
      0.03454340249300003,
      2.3176169395446777,
      6.173734664916992,
      4.766485214233398
    ],
    [
      44,
      0.03448012098670006,
      2.3142542839050293,
      6.155938625335693,
      4.781548023223877
    ],
    [
      45,
      0.03427952155470848,
      2.3139684200286865,
      6.143335342407227,
      4.824862003326416
    ],
    [
      46,
      0.03409918025135994,
      2.316190004348755,
      6.13402795791626,
      4.885951042175293
    ],
    [
      47,
      0.03404918685555458,
      2.3198513984680176,
      6.125373840332031,
      4.951685905456543
    ],
    [
      48,
      0.034118276089429855,
      2.3236794471740723,
      6.114740371704102,
      5.009264945983887
    ],
    [
      49,
      0.03421182185411453,
      2.3265395164489746,
      6.1001410484313965,
      5.048898696899414
    ],
    [
      50,
      0.034240733832120895,
      2.3277313709259033,
      6.080643653869629,
      5.065553665161133
    ],
    [
      51,
      0.034182943403720856,
      2.3271517753601074,
      6.05653715133667,
      5.059362888336182
    ],
    [
      52,
      0.034085411578416824,
      2.3252663612365723,
      6.029242515563965,
      5.034967422485352
    ],
    [
      53,
      0.03401996195316315,
      2.322913885116577,
      6.001034259796143,
      5.000228404998779
    ],
    [
      54,
      0.03402526304125786,
      2.321016311645508,
      5.974599838256836,
      4.964565277099609
    ],
    [
      55,
      0.034081023186445236,
      2.3203091621398926,
      5.952476501464844,
      4.9369659423828125
    ],
    [
      56,
      0.03412887826561928,
      2.321153402328491,
      5.936511039733887,
      4.923966407775879
    ],
    [
      57,
      0.03412710130214691,
      2.32346773147583,
      5.927443981170654,
      4.928132057189941
    ],
    [
      58,
      0.03408334404230118,
      2.3267641067504883,
      5.924793243408203,
      4.947666168212891
    ],
    [
      59,
      0.03403972089290619,
      2.3302667140960693,
      5.92704963684082,
      4.977203369140625
    ]
  ]
}
