{
  "columns": [
    "iter",
    "cost",
    "eps1",
    "eps2",
    "eps3"
  ],
  "reference_cost": 0.03429814340892286,
  "reference_eps": [
    1.9429809262153472,
    4.652159920251887,
    4.719520144315033
  ],
  "rows": [
    [
      0,
      0.09591516107320786,
      1.8612096309661865,
      3.464101552963257,
      6.447419166564941
    ],
    [
      1,
      0.07464881241321564,
      1.9880635738372803,
      3.7627222537994385,
      6.859404563903809
    ],
    [
      2,
      0.05747365206480026,
      2.129399061203003,
      4.080288887023926,
      7.26788330078125
    ],
    [
      3,
      0.04878799244761467,
      2.2897863388061523,
      4.400819778442383,
      7.618546485900879
    ],
    [
      4,
      0.049514081329107285,
      2.4604177474975586,
      4.6909894943237305,
      7.7968950271606445
    ],
    [
      5,
      0.05512820556759834,
      2.5900955200195312,
      4.9125518798828125,
      7.7969794273376465
    ],
    [
      6,
      0.05836183577775955,
      2.6303441524505615,
      5.048791885375977,
      7.668961524963379
    ],
    [
      7,
      0.05715038254857063,
      2.6009912490844727,
      5.1080193519592285,
      7.45134973526001
    ],
    [
      8,
      0.05294603481888771,
      2.532304525375366,
      5.107662200927734,
      7.172690391540527
    ],
    [
      9,
      0.0478106327354908,
      2.4461746215820312,
      5.066173553466797,
      6.852267742156982
    ],
    [
      10,
      0.043456558138132095,
      2.359131336212158,
      5.001589298248291,
      6.501849174499512
    ],
    [
      11,
      0.04078684374690056,
      2.2842564582824707,
      4.931652069091797,
      6.130672454833984
    ],
    [
      12,
      0.03995488956570625,
      2.2298479080200195,
      4.8733649253845215,
      5.75117301940918
    ],
    [
      13,
      0.040865037590265274,
      2.1979880332946777,
      4.8413615226745605,
      5.389022350311279
    ],
    [
      14,
      0.04288525879383087,
      2.1861305236816406,
      4.845497131347656,
      5.101455211639404
    ],
    [
      15,
      0.043877650052309036,
      2.1902542114257812,
      4.888976097106934,
      4.953859329223633
    ],
    [
      16,
      0.04248732328414917,
      2.207219123840332,
      4.968810081481934,
      4.938790321350098
    ],
    [
      17,
      0.039579641073942184,
      2.2350122928619385,
      5.078308582305908,
      5.013181209564209
    ],
    [
      18,
      0.03676535561680794,
      2.27168869972229,
      5.2085466384887695,
      5.14008903503418
    ],
    [
      19,
      0.035286493599414825,
      2.314190626144409,
      5.348855018615723,
      5.285941123962402
    ],
    [
      20,
      0.03542264923453331,
      2.3575663566589355,
      5.487721920013428,
      5.415637016296387
    ],
    [
      21,
      0.036472734063863754,
      2.395153284072876,
      5.614688873291016,
      5.49811315536499
    ],
    [
      22,
      0.03737478330731392,
      2.4202475547790527,
      5.722477436065674,
      5.51641321182251
    ],
    [
      23,
      0.0374128557741642,
      2.4285929203033447,
      5.808013439178467,
      5.469626426696777
    ],
    [
      24,
      0.0365234911441803,
      2.419877052307129,
      5.872132778167725,
      5.367502212524414
    ],
    [
      25,
      0.035212378948926926,
      2.39737606048584,
      5.918632507324219,
      5.22555685043335
    ],
    [
      26,
      0.03423150256276131,
      2.3665342330932617,
      5.953211307525635,
      5.0634331703186035
    ],
    [
      27,
      0.034120772033929825,
      2.3334150314331055,
      5.982370853424072,
      4.905158996582031
    ],
    [
      28,
      0.034785836935043335,
      2.3034353256225586,
      6.012166976928711,
      4.777695655822754
    ],
    [
      29,
      0.035521000623703,
      2.2805428504943848,
      6.046871662139893,
      4.703280448913574
    ],
    [
      30,
      0.03567640483379364,
      2.2669625282287598,
      6.088036060333252,
      4.689608573913574
    ],
    [
      31,
      0.03522174432873726,
      2.2633466720581055,
      6.134424686431885,
      4.72922420501709
    ],
    [
      32,
      0.03459982946515083,
      2.268993377685547,
      6.182703971862793,
      4.8058695793151855
    ],
    [
      33,
      0.0342596136033535,
      2.2820088863372803,
      6.228459358215332,
      4.89932918548584
    ],
    [
      34,
      0.034345317631959915,
      2.2994985580444336,
      6.26723575592041,
      4.988499641418457
    ],
    [
      35,
      0.034680068492889404,
      2.317950487136841,
      6.295404434204102,
      5.055074691772461
    ],
    [
      36,
      0.03496202081441879,
      2.3338751792907715,
      6.310737609863281,
      5.087263584136963
    ],
    [
      37,
      0.03498196229338646,
      2.3445887565612793,
      6.312633514404297,
      5.081465244293213
    ],
    [
      38,
      0.03473370149731636,
      2.348832607269287,
      6.302095890045166,
      5.041592121124268
    ],
    [
      39,
      0.03439214453101158,
      2.346961498260498,
      6.281551837921143,
      4.977390289306641
    ],
    [
      40,
      0.034185104072093964,
      2.3406319618225098,
      6.2545270919799805,
      4.9027018547058105
    ],
    [
      41,
      0.03422430530190468,
      2.3321781158447266,
      6.225113391876221,
      4.833459377288818
    ],
    [
      42,
      0.03441464155912399,
      2.3239152431488037,
      6.1972198486328125,
      4.7846574783325195
    ],
    [
      43,
      0.03454327583312988,
      2.317617416381836,
      6.173741340637207,
      4.766484260559082
    ],
    [
      44,
      0.03448005020618439,
      2.3142552375793457,
      6.155945301055908,
      4.781548500061035
    ],
    [
      45,
      0.03427939862012863,
      2.3139700889587402,
      6.143342018127441,
      4.824863433837891
    ],
    [
      46,
      0.03409906476736069,
      2.3161916732788086,
      6.134035110473633,
      4.885952949523926
    ],
    [
      47,
      0.034049149602651596,
      2.3198530673980713,
      6.125380516052246,
      4.951687812805176
    ],
    [
      48,
      0.0341181606054306,
      2.323681354522705,
      6.114746570587158,
      5.009264945983887
    ],
    [
      49,
      0.03421175479888916,
      2.326540946960449,
      6.1001458168029785,
      5.048896789550781
    ],
    [
      50,
      0.03424063324928284,
      2.327732563018799,
      6.080647945404053,
      5.065550327301025
    ],
    [
      51,
      0.03418280556797981,
      2.3271520137786865,
      6.0565409660339355,
      5.059358596801758
    ],
    [
      52,
      0.034085460007190704,
      2.3252665996551514,
      6.0292463302612305,
      5.034963130950928
    ],
    [
      53,
      0.034019846469163895,
      2.322913885116577,
      6.001037120819092,
      5.0002241134643555
    ],
    [
      54,
      0.034025274217128754,
      2.321016311645508,
      5.974603176116943,
      4.964561939239502
    ],
    [
      55,
      0.034080784767866135,
      2.3203084468841553,
      5.952480316162109,
      4.93696403503418
    ],
    [
      56,
      0.03412886708974838,
      2.321152687072754,
      5.936514377593994,
      4.923966407775879
    ],
    [
      57,
      0.03412703797221184,
      2.323467254638672,
      5.927447319030762,
      4.928133487701416
    ],
    [
      58,
      0.034083202481269836,
      2.32676362991333,
      5.924797058105469,
      4.947668552398682
    ],
    [
      59,
      0.034039635211229324,
      2.3302674293518066,
      5.927052974700928,
      4.977206230163574
    ]
  ]
}
