{
  "case_id": "waveguide_wr90",
  "freqs_hz": [
    8200000000.0,
    8899999744.0,
    9600000000.0,
    10300000256.0,
    11000000512.0,
    11699999744.0,
    12400000000.0
  ],
  "n_ports": 2,
  "s": [
    [
      [
        [
          0.0,
          0.0
        ],
        [
          0.0,
          0.0
        ],
        [
          0.0,
          -0.0
        ],
        [
          -0.0,
          -0.0
        ],
        [
          -0.0,
          -0.0
        ],
        [
          -0.0,
          -0.0
        ],
        [
          -0.0,
          0.0
        ]
      ],
      [
        [
          1.0,
          -0.0
        ],
        [
          1.0,
          -0.0
        ],
        [
          1.0,
          -0.0
        ],
        [
          1.0,
          -4.0851340088465804e-08
        ],
        [
          1.0,
          -0.0
        ],
        [
          1.0,
          -6.601246216320078e-09
        ],
        [
          1.0,
          -0.0
        ]
      ]
    ],
    [
      [
        [
          0.9999999403953552,
          -0.0
        ],
        [
          0.9999999403953552,
          -0.0
        ],
        [
          1.0,
          -0.0
        ],
        [
          1.0,
          -0.0
        ],
        [
          1.0,
          1.0111225634545917e-08
        ],
        [
          0.9999999403953552,
          -0.0
        ],
        [
          1.0,
          -0.0
        ]
      ],
      [
        [
          0.0,
          0.0
        ],
        [
          0.0,
          0.0
        ],
        [
          0.0,
          -0.0
        ],
        [
          -0.0,
          -0.0
        ],
        [
          -0.0,
          -0.0
        ],
        [
          -0.0,
          -0.0
        ],
        [
          -0.0,
          0.0
        ]
      ]
    ]
  ]
}
