{
  "case_id": "waveguide_wr90",
  "freqs_hz": [
    8200000000.0,
    8409999872.0,
    8620000256.0,
    8830000128.0,
    9040000000.0,
    9249999872.0,
    9459999744.0,
    9669999616.0,
    9880000512.0,
    10090000384.0,
    10300000256.0,
    10510000128.0,
    10720000000.0,
    10929999872.0,
    11139999744.0,
    11349999616.0,
    11559999488.0,
    11770000384.0,
    11980000256.0,
    12190000128.0,
    12400000000.0
  ],
  "n_ports": 2,
  "s": [
    [
      [
        [
          0.0,
          0.0
        ],
        [
          -0.0,
          0.0
        ],
        [
          -0.0,
          -0.0
        ],
        [
          0.0,
          -0.0
        ],
        [
          0.0,
          0.0
        ],
        [
          -0.0,
          0.0
        ],
        [
          -0.0,
          -0.0
        ],
        [
          0.0,
          0.0
        ],
        [
          0.0,
          0.0
        ],
        [
          -0.0,
          -0.0
        ],
        [
          -0.0,
          -0.0
        ],
        [
          0.0,
          0.0
        ],
        [
          0.0,
          0.0
        ],
        [
          -0.0,
          -0.0
        ],
        [
          -0.0,
          -0.0
        ],
        [
          0.0,
          0.0
        ],
        [
          0.0,
          0.0
        ],
        [
          -0.0,
          -0.0
        ],
        [
          -0.0,
          -0.0
        ],
        [
          0.0,
          0.0
        ],
        [
          0.0,
          0.0
        ]
      ],
      [
        [
          1.0,
          -0.0
        ],
        [
          1.0,
          0.0
        ],
        [
          1.0,
          -0.0
        ],
        [
          0.9999999403953552,
          0.0
        ],
        [
          0.9999999403953552,
          0.0
        ],
        [
          1.0,
          -0.0
        ],
        [
          1.0,
          0.0
        ],
        [
          1.0,
          -0.0
        ],
        [
          1.0,
          -0.0
        ],
        [
          0.9999999403953552,
          0.0
        ],
        [
          1.0,
          -0.0
        ],
        [
          1.0,
          -0.0
        ],
        [
          1.0,
          0.0
        ],
        [
          1.0,
          -0.0
        ],
        [
          1.0,
          -0.0
        ],
        [
          1.0,
          0.0
        ],
        [
          1.0,
          -0.0
        ],
        [
          1.0,
          -0.0
        ],
        [
          1.0,
          0.0
        ],
        [
          1.0,
          -0.0
        ],
        [
          1.0,
          0.0
        ]
      ]
    ],
    [
      [
        [
          1.0,
          -0.0
        ],
        [
          1.0,
          0.0
        ],
        [
          1.0,
          3.098700318560077e-08
        ],
        [
          1.0,
          0.0
        ],
        [
          1.0,
          0.0
        ],
        [
          1.0,
          -0.0
        ],
        [
          1.0,
          0.0
        ],
        [
          1.0,
          -0.0
        ],
        [
          1.0,
          -0.0
        ],
        [
          0.9999999403953552,
          0.0
        ],
        [
          0.9999999403953552,
          -0.0
        ],
        [
          0.9999999403953552,
          -0.0
        ],
        [
          1.0,
          0.0
        ],
        [
          1.0,
          -0.0
        ],
        [
          1.0,
          -0.0
        ],
        [
          1.0,
          0.0
        ],
        [
          0.9999999403953552,
          -0.0
        ],
        [
          1.0,
          -0.0
        ],
        [
          1.0,
          0.0
        ],
        [
          1.0,
          1.945570105021943e-08
        ],
        [
          1.0,
          0.0
        ]
      ],
      [
        [
          0.0,
          0.0
        ],
        [
          -0.0,
          0.0
        ],
        [
          -0.0,
          -0.0
        ],
        [
          0.0,
          -0.0
        ],
        [
          0.0,
          0.0
        ],
        [
          -0.0,
          0.0
        ],
        [
          -0.0,
          -0.0
        ],
        [
          0.0,
          0.0
        ],
        [
          0.0,
          0.0
        ],
        [
          -0.0,
          -0.0
        ],
        [
          -0.0,
          -0.0
        ],
        [
          0.0,
          0.0
        ],
        [
          0.0,
          0.0
        ],
        [
          -0.0,
          -0.0
        ],
        [
          -0.0,
          -0.0
        ],
        [
          0.0,
          0.0
        ],
        [
          0.0,
          0.0
        ],
        [
          -0.0,
          -0.0
        ],
        [
          -0.0,
          -0.0
        ],
        [
          0.0,
          0.0
        ],
        [
          -0.0,
          0.0
        ]
      ]
    ]
  ]
}
