rfx        : /root/workspace/byungkwan-workspace/research/rfx-fidelity-722/rfx/__init__.py
git SHA    : 356a47cfce346f8832a29cdc0c930bb2be5824b5
jax        : 0.4.33.dev20241023+e3c6d6430   devices: [CudaDevice(id=0)]
precision  : jax_enable_x64=False  JAX_ENABLE_X64=0  solve complex dtype (method rule)=complex64  (369367252283 record: default float32 GPU run, no x64 pin)
fixture    : attempt3b (#823: attempt 3's GEOMETRY byte-for-byte -- the builder IS attempt 3's -- with the COMPLIANT MSL ladder msl_probe_count=8 / start_cells=15 / spacing_cells=10, i.e. probes at x = 2.5 ... 9.5 mm, every one at least 15 cells = 5*h_sub from BOTH the port feed plane and the junction; attempt 3's ladder violates that at 2 of its 9 probes), n_steps=135000 (record target: 135000)
freqs      : 3 bins (6-10 GHz); committed bins at indices [0, 1, 2] = [6.0, 8.0, 10.0] GHz
skip_preflight: compute_coax_msl_transition accepts skip_preflight (rfx/api/_sparams.py:6331, 'skip_preflight: bool = False,') but never references it in the method body; the method has NO preflight path. --preflight therefore runs sim.preflight() and sim.fidelity_report() from this driver, before the solve. Production unchanged.
--dump-ladders: compute_coax_msl_transition accepts return_ladder_voltages -- raw ladders will be dumped
--flux: 7 extra flux monitors (coax_z22, msl_x20, top_z36, xlo_x05, ylo_y03, yhi_y31, msl_x20_full) -- non-perturbation witnessed by test_extra_flux_monitors_do_not_perturb_s

=== preflight (driver-side; the method's own flag is inert) ===
  [PREFLIGHT] 'pec' y-extent 100µm = 1.0 cells — below 1 cell resolution. A conductor thinner than a cell is modelled as a one-cell PEC surface — tangential E is zeroed on it and the normal component survives as surface charge. That is usually what you want for metal many skin depths thick, and switching to add_thin_conductor() would not change it; but it means the sheet carries no conductor loss and its thickness is not modelled. For band-centre conductor loss use add_thin_conductor(..., surface_impedance_f0=...) (Leontovich surface resistance, issue #669).
  [PREFLIGHT] 'pec' y-extent 100µm = 1.0 cells — below 1 cell resolution. A conductor thinner than a cell is modelled as a one-cell PEC surface — tangential E is zeroed on it and the normal component survives as surface charge. That is usually what you want for metal many skin depths thick, and switching to add_thin_conductor() would not change it; but it means the sheet carries no conductor loss and its thickness is not modelled. For band-centre conductor loss use add_thin_conductor(..., surface_impedance_f0=...) (Leontovich surface resistance, issue #669).
  [PREFLIGHT] 'pec' y-extent 100µm = 1.0 cells — below 1 cell resolution. A conductor thinner than a cell is modelled as a one-cell PEC surface — tangential E is zeroed on it and the normal component survives as surface charge. That is usually what you want for metal many skin depths thick, and switching to add_thin_conductor() would not change it; but it means the sheet carries no conductor loss and its thickness is not modelled. For band-centre conductor loss use add_thin_conductor(..., surface_impedance_f0=...) (Leontovich surface resistance, issue #669).
  [PREFLIGHT] 'pec' y-extent 100µm = 1.0 cells — below 1 cell resolution. A conductor thinner than a cell is modelled as a one-cell PEC surface — tangential E is zeroed on it and the normal component survives as surface charge. That is usually what you want for metal many skin depths thick, and switching to add_thin_conductor() would not change it; but it means the sheet carries no conductor loss and its thickness is not modelled. For band-centre conductor loss use add_thin_conductor(..., surface_impedance_f0=...) (Leontovich surface resistance, issue #669).
  [PREFLIGHT] 'pec' z-extent 100µm = 1.0 cells — below 1 cell resolution. A conductor thinner than a cell is modelled as a one-cell PEC surface — tangential E is zeroed on it and the normal component survives as surface charge. That is usually what you want for metal many skin depths thick, and switching to add_thin_conductor() would not change it; but it means the sheet carries no conductor loss and its thickness is not modelled. For band-centre conductor loss use add_thin_conductor(..., surface_impedance_f0=...) (Leontovich surface resistance, issue #669).
  [PREFLIGHT] PEC 'pec' x-extent 400µm = 4.0 cells — volume under-resolved (PEC volume needs ≥5 cells; thin sheets <3 cells are fine).
  [PREFLIGHT] PEC 'pec' y-extent 400µm = 4.0 cells — volume under-resolved (PEC volume needs ≥5 cells; thin sheets <3 cells are fine).
  [PREFLIGHT] Gap between PEC structures: 100µm = 1.0 cells along y — coupling may be under-resolved.
  [PREFLIGHT] Gap between PEC structures: 100µm = 1.0 cells along x — coupling may be under-resolved.
  [PREFLIGHT] Gap between PEC structures: 100µm = 1.0 cells along y — coupling may be under-resolved.
  [PREFLIGHT] Gap between PEC structures: 100µm = 1.0 cells along y — coupling may be under-resolved.
  [PREFLIGHT] Gap between PEC structures: 100µm = 1.0 cells along y — coupling may be under-resolved.
  [PREFLIGHT] Gap between PEC structures: 100µm = 1.0 cells along y — coupling may be under-resolved.
  [PREFLIGHT] Gap between PEC structures: 100µm = 1.0 cells along y — coupling may be under-resolved.
  [PREFLIGHT] Gap between PEC structures: 100µm = 1.0 cells along y — coupling may be under-resolved.
  [PREFLIGHT] Gap between PEC structures: 200µm = 2.0 cells along y — coupling may be under-resolved.
  [PREFLIGHT] Gap between PEC structures: 200µm = 2.0 cells along y — coupling may be under-resolved.
  [PREFLIGHT] Gap between PEC structures: 200µm = 2.0 cells along y — coupling may be under-resolved.
  [PREFLIGHT] Gap between PEC structures: 100µm = 1.0 cells along y — coupling may be under-resolved.
  [PREFLIGHT] Gap between PEC structures: 100µm = 1.0 cells along y — coupling may be under-resolved.
  [PREFLIGHT] Gap between PEC structures: 200µm = 2.0 cells along y — coupling may be under-resolved.
  [PREFLIGHT] Gap between PEC structures: 100µm = 1.0 cells along y — coupling may be under-resolved.
  [PREFLIGHT] Gap between PEC structures: 100µm = 1.0 cells along y — coupling may be under-resolved.
  [PREFLIGHT] Gap between PEC structures: 200µm = 2.0 cells along y — coupling may be under-resolved.
  [PREFLIGHT] Gap between PEC structures: 200µm = 2.0 cells along y — coupling may be under-resolved.
  [PREFLIGHT] Gap between PEC structures: 100µm = 1.0 cells along y — coupling may be under-resolved.
  [PREFLIGHT] Gap between PEC structures: 100µm = 1.0 cells along y — coupling may be under-resolved.
  [PREFLIGHT] Gap between PEC structures: 100µm = 1.0 cells along y — coupling may be under-resolved.
  [PREFLIGHT] Gap between PEC structures: 100µm = 1.0 cells along y — coupling may be under-resolved.
  [PREFLIGHT] Gap between PEC structures: 100µm = 1.0 cells along y — coupling may be under-resolved.
  [PREFLIGHT] Gap between PEC structures: 100µm = 1.0 cells along y — coupling may be under-resolved.
  [PREFLIGHT] Gap between PEC structures: 250µm = 2.5 cells along x — coupling may be under-resolved.
  [PREFLIGHT] Gap between PEC structures: 300µm = 3.0 cells along z — coupling may be under-resolved.
  [PREFLIGHT] Gap between PEC structures: 300µm = 3.0 cells along z — coupling may be under-resolved.
  [PREFLIGHT] Gap between PEC structures: 50µm = 0.5 cells along x — coupling may be under-resolved.
  [PREFLIGHT] Gap between PEC structures: 50µm = 0.5 cells along y — coupling may be under-resolved.
  [PREFLIGHT] Gap between PEC structures: 100µm = 1.0 cells along x — coupling may be under-resolved.
  [PREFLIGHT] Gap between PEC structures: 50µm = 0.5 cells along x — coupling may be under-resolved.
  [PREFLIGHT] Gap between PEC structures: 50µm = 0.5 cells along y — coupling may be under-resolved.
  [PREFLIGHT] Gap between PEC structures: 300µm = 3.0 cells along z — coupling may be under-resolved.
  [PREFLIGHT] Gap between PEC structures: 150µm = 1.5 cells along y — coupling may be under-resolved.
  [PREFLIGHT] Gap between PEC structures: 50µm = 0.5 cells along y — coupling may be under-resolved.
  [PREFLIGHT] Gap between PEC structures: 300µm = 3.0 cells along z — coupling may be under-resolved.
  [PREFLIGHT] Gap between PEC structures: 150µm = 1.5 cells along y — coupling may be under-resolved.
  [PREFLIGHT] all dielectric(s) ['ptfe', 'sub'] are perfectly lossless in an open (CPML) domain. If you are measuring Q / resonance, this gives an ARTIFICIALLY infinite Q (design-guide Anti-Pattern #1, an R5 surface-metric trap) — add loss, e.g. sigma = 2*pi*f*eps0*eps_r*tan_delta. (Harmless if you are not measuring Q.)
  [PREFLIGHT] 1 sheet-bounded cavit(y/ies) differ from the physical stack by more than 1% in electrical thickness: [z] geometry[1](node k=33)/geometry[22](k=37) at in-plane column (78,25): sum(d/eps) mesh 182µm vs physical 81.97µm (+122.0%); sum(d*sqrt(eps)) mesh 673.9µm vs physical 573.9µm (+17.4%); node-to-node 400µm vs face-to-face 300µm; the capacitance measure (sum d/eps) governs (gap << lambda at freq_max). OBSERVED: mesh sums run node-to-node across the run's own cells and assembled eps_r; physical sums run face-to-face through the geometry Box spans at the pair's shared column — the difference is the zero-thickness sheet model's honest cost (each sheet's thickness collapses onto its node) plus any off-lattice registration. TWO MECHANISMS, and any pair naming an OWN cell above has the second one: a sheet registered at its MID-PLANE collapses onto one node and the gap reads mid-plane to mid-plane (a modelling trade — which face the plane sits on — not a fixable defect), while a sheet whose two FACES are registered fills one cell, and rfx zeroes only tangential E on a one-cell PEC sheet, so that cell's normal-E edge is live and its permittivity sits inside the cavity. Face registration therefore does not shorten the electrical cavity; it trades a collapsed sheet for a live gap, which reads WORSE when that cell is vacuum. WHY BOTH MEASURES: the same defect class measured 17.3% as a series capacitance and 3.2% as phase length (#703) — a bare percentage invites 'correcting' a right number into a wrong one, so both are printed and the governing one is named. REMEDY: none required for the sheet model itself (this is a quantified limit, not a defect); if the governing measure's delta matters for a claims-bearing number, resolve the sheet thickness with cells or correct the extracted quantity by the printed delta. For an OWN-cell term the eps_r printed for that cell IS addressable: it is whatever the geometry puts on the live edge (issue #702), so a stack whose dielectric abuts the sheet's faces leaves vacuum there — extend the abutting dielectric across the sheet's cell, or register the sheet's mid-plane instead of its faces, and that term goes. COVERAGE: examined 1 adjacent sheet pair(s) from 5 node-thin conductor sheet(s) on the uniform lane; physical stack computed from Box entries only — 1 non-Box dielectric entr(y/ies) ignored (said so, per #703); 0 pair(s) skipped (conductor between). STALE IF: re-summing the printed column disagrees with these numbers, or sheets stop being registered node-thin.
  [PREFLIGHT] 13 conductor-Box design edge(s) sit off-lattice by more than 0.5% of their extent (worst 5 listed): geometry[6] 'pec' x: extent 200µm, worst face residual 50µm (25.00% of the extent, df/f ~ 25.00%); geometry[16] 'pec' x: extent 200µm, worst face residual 50µm (25.00% of the extent, df/f ~ 25.00%); geometry[7] 'pec' x: extent 200µm, worst face residual 50µm (25.00% of the extent, df/f ~ 25.00%); geometry[17] 'pec' x: extent 200µm, worst face residual 50µm (25.00% of the extent, df/f ~ 25.00%); geometry[4] 'pec' x: extent 400µm, worst face residual 50µm (12.50% of the extent, df/f ~ 12.50%). OBSERVED: distance from each Box face to its nearest E-node on this run's own node coordinates; the rasterized edge quantizes onto a node, so the realized extent can differ from the design by up to the printed residual, and a resonant dimension realized dL off detunes df/f ~ dL/L. COST (measured, #703): a uniform-mesh sweep rounded ONE substrate thickness by 8-10% across three 'convergence' points — three different boards solved under one name; the same campaign's board survived at dx=50µm only because every patterned dimension happened to be an exact multiple of 50µm. REMEDY: choose dx commensurate with the patterned dimensions, slide the lattice origin onto the worst face, or (non-uniform lane) place mesh nodes on the design edges. COVERAGE: examined 18 axis extent(s) on 21 conductor Box entr(y/ies) on the uniform lane; 45 sub-cell axis extent(s) excluded (the node-thin snap is the live-edge/cavity checks' domain); 1 non-Box conductor entr(y/ies) skipped (no analytic face coordinates). STALE IF: |face - nearest node| on the run's node coordinates does not reproduce the printed residuals, or box faces stop rasterizing on the E-node lattice.
  [PREFLIGHT] MSL port 'msl_0' (trace W=600µm, h_sub=300µm): lateral clearance to +y absorbing boundary = 600µm (domain edge + 800µm calibrated CPML buffer) < recommended 600µm (= 2·h_sub). Fringing field will be clipped → Z0 may be biased HIGH by ~0%, mesh-conv may diverge. Increase domain y-extent OR move port further from sidewall.
  [PREFLIGHT] MSL port 'msl_0': only 3 substrate cell(s) in z (h_sub=300µm, dx=100µm). Yee staircase at dielectric interface is O(dx) — Z0 staircase error >5% expected. Refine to dx ≤ 75.0µm (4+ substrate cells) AND keep h_sub/dx an integer (aligned) for <5% Z0 bias — measured post-#511/#507 at -3.8%/-1.2%/+0.7% for h_sub/4, h_sub/5, h_sub/6 vs the DECLARED-board Hammerstad-Jensen anchor (scripts/diagnostics/msl_z0_bias_floor_sweep.py).
preflight: PASS (49 issue(s))
- WARNING [mesh_resolution] 'pec' y-extent 100µm = 1.0 cells — below 1 cell resolution. A conductor thinner than a cell is modelled as a one-cell PEC surface — tangential E is zeroed on it and the normal component survives as surface charge. That is usually what you want for metal many skin depths thick, and switching to add_thin_conductor() would not change it; but it means the sheet carries no conductor loss and its thickness is not modelled. For band-centre conductor loss use add_thin_conductor(..., surface_impedance_f0=...) (Leontovich surface resistance, issue #669).
- WARNING [mesh_resolution] 'pec' y-extent 100µm = 1.0 cells — below 1 cell resolution. A conductor thinner than a cell is modelled as a one-cell PEC surface — tangential E is zeroed on it and the normal component survives as surface charge. That is usually what you want for metal many skin depths thick, and switching to add_thin_conductor() would not change it; but it means the sheet carries no conductor loss and its thickness is not modelled. For band-centre conductor loss use add_thin_conductor(..., surface_impedance_f0=...) (Leontovich surface resistance, issue #669).
- WARNING [mesh_resolution] 'pec' y-extent 100µm = 1.0 cells — below 1 cell resolution. A conductor thinner than a cell is modelled as a one-cell PEC surface — tangential E is zeroed on it and the normal component survives as surface charge. That is usually what you want for metal many skin depths thick, and switching to add_thin_conductor() would not change it; but it means the sheet carries no conductor loss and its thickness is not modelled. For band-centre conductor loss use add_thin_conductor(..., surface_impedance_f0=...) (Leontovich surface resistance, issue #669).
- WARNING [mesh_resolution] 'pec' y-extent 100µm = 1.0 cells — below 1 cell resolution. A conductor thinner than a cell is modelled as a one-cell PEC surface — tangential E is zeroed on it and the normal component survives as surface charge. That is usually what you want for metal many skin depths thick, and switching to add_thin_conductor() would not change it; but it means the sheet carries no conductor loss and its thickness is not modelled. For band-centre conductor loss use add_thin_conductor(..., surface_impedance_f0=...) (Leontovich surface resistance, issue #669).
- WARNING [mesh_resolution] 'pec' z-extent 100µm = 1.0 cells — below 1 cell resolution. A conductor thinner than a cell is modelled as a one-cell PEC surface — tangential E is zeroed on it and the normal component survives as surface charge. That is usually what you want for metal many skin depths thick, and switching to add_thin_conductor() would not change it; but it means the sheet carries no conductor loss and its thickness is not modelled. For band-centre conductor loss use add_thin_conductor(..., surface_impedance_f0=...) (Leontovich surface resistance, issue #669).
- WARNING [mesh_resolution] PEC 'pec' x-extent 400µm = 4.0 cells — volume under-resolved (PEC volume needs ≥5 cells; thin sheets <3 cells are fine).
- WARNING [mesh_resolution] PEC 'pec' y-extent 400µm = 4.0 cells — volume under-resolved (PEC volume needs ≥5 cells; thin sheets <3 cells are fine).
- WARNING [mesh_resolution] Gap between PEC structures: 100µm = 1.0 cells along y — coupling may be under-resolved.
- WARNING [mesh_resolution] Gap between PEC structures: 100µm = 1.0 cells along x — coupling may be under-resolved.
- WARNING [mesh_resolution] Gap between PEC structures: 100µm = 1.0 cells along y — coupling may be under-resolved.
- WARNING [mesh_resolution] Gap between PEC structures: 100µm = 1.0 cells along y — coupling may be under-resolved.
- WARNING [mesh_resolution] Gap between PEC structures: 100µm = 1.0 cells along y — coupling may be under-resolved.
- WARNING [mesh_resolution] Gap between PEC structures: 100µm = 1.0 cells along y — coupling may be under-resolved.
- WARNING [mesh_resolution] Gap between PEC structures: 100µm = 1.0 cells along y — coupling may be under-resolved.
- WARNING [mesh_resolution] Gap between PEC structures: 100µm = 1.0 cells along y — coupling may be under-resolved.
- WARNING [mesh_resolution] Gap between PEC structures: 200µm = 2.0 cells along y — coupling may be under-resolved.
- WARNING [mesh_resolution] Gap between PEC structures: 200µm = 2.0 cells along y — coupling may be under-resolved.
- WARNING [mesh_resolution] Gap between PEC structures: 200µm = 2.0 cells along y — coupling may be under-resolved.
- WARNING [mesh_resolution] Gap between PEC structures: 100µm = 1.0 cells along y — coupling may be under-resolved.
- WARNING [mesh_resolution] Gap between PEC structures: 100µm = 1.0 cells along y — coupling may be under-resolved.
- WARNING [mesh_resolution] Gap between PEC structures: 200µm = 2.0 cells along y — coupling may be under-resolved.
- WARNING [mesh_resolution] Gap between PEC structures: 100µm = 1.0 cells along y — coupling may be under-resolved.
- WARNING [mesh_resolution] Gap between PEC structures: 100µm = 1.0 cells along y — coupling may be under-resolved.
- WARNING [mesh_resolution] Gap between PEC structures: 200µm = 2.0 cells along y — coupling may be under-resolved.
- WARNING [mesh_resolution] Gap between PEC structures: 200µm = 2.0 cells along y — coupling may be under-resolved.
- WARNING [mesh_resolution] Gap between PEC structures: 100µm = 1.0 cells along y — coupling may be under-resolved.
- WARNING [mesh_resolution] Gap between PEC structures: 100µm = 1.0 cells along y — coupling may be under-resolved.
- WARNING [mesh_resolution] Gap between PEC structures: 100µm = 1.0 cells along y — coupling may be under-resolved.
- WARNING [mesh_resolution] Gap between PEC structures: 100µm = 1.0 cells along y — coupling may be under-resolved.
- WARNING [mesh_resolution] Gap between PEC structures: 100µm = 1.0 cells along y — coupling may be under-resolved.
- WARNING [mesh_resolution] Gap between PEC structures: 100µm = 1.0 cells along y — coupling may be under-resolved.
- WARNING [mesh_resolution] Gap between PEC structures: 250µm = 2.5 cells along x — coupling may be under-resolved.
- WARNING [mesh_resolution] Gap between PEC structures: 300µm = 3.0 cells along z — coupling may be under-resolved.
- WARNING [mesh_resolution] Gap between PEC structures: 300µm = 3.0 cells along z — coupling may be under-resolved.
- WARNING [mesh_resolution] Gap between PEC structures: 50µm = 0.5 cells along x — coupling may be under-resolved.
- WARNING [mesh_resolution] Gap between PEC structures: 50µm = 0.5 cells along y — coupling may be under-resolved.
- WARNING [mesh_resolution] Gap between PEC structures: 100µm = 1.0 cells along x — coupling may be under-resolved.
- WARNING [mesh_resolution] Gap between PEC structures: 50µm = 0.5 cells along x — coupling may be under-resolved.
- WARNING [mesh_resolution] Gap between PEC structures: 50µm = 0.5 cells along y — coupling may be under-resolved.
- WARNING [mesh_resolution] Gap between PEC structures: 300µm = 3.0 cells along z — coupling may be under-resolved.
- WARNING [mesh_resolution] Gap between PEC structures: 150µm = 1.5 cells along y — coupling may be under-resolved.
- WARNING [mesh_resolution] Gap between PEC structures: 50µm = 0.5 cells along y — coupling may be under-resolved.
- WARNING [mesh_resolution] Gap between PEC structures: 300µm = 3.0 cells along z — coupling may be under-resolved.
- WARNING [mesh_resolution] Gap between PEC structures: 150µm = 1.5 cells along y — coupling may be under-resolved.
- WARNING [lossless_q] all dielectric(s) ['ptfe', 'sub'] are perfectly lossless in an open (CPML) domain. If you are measuring Q / resonance, this gives an ARTIFICIALLY infinite Q (design-guide Anti-Pattern #1, an R5 surface-metric trap) — add loss, e.g. sigma = 2*pi*f*eps0*eps_r*tan_delta. (Harmless if you are not measuring Q.)
- WARNING [sheet_cavity_electrical_thickness] 1 sheet-bounded cavit(y/ies) differ from the physical stack by more than 1% in electrical thickness: [z] geometry[1](node k=33)/geometry[22](k=37) at in-plane column (78,25): sum(d/eps) mesh 182µm vs physical 81.97µm (+122.0%); sum(d*sqrt(eps)) mesh 673.9µm vs physical 573.9µm (+17.4%); node-to-node 400µm vs face-to-face 300µm; the capacitance measure (sum d/eps) governs (gap << lambda at freq_max). OBSERVED: mesh sums run node-to-node across the run's own cells and assembled eps_r; physical sums run face-to-face through the geometry Box spans at the pair's shared column — the difference is the zero-thickness sheet model's honest cost (each sheet's thickness collapses onto its node) plus any off-lattice registration. TWO MECHANISMS, and any pair naming an OWN cell above has the second one: a sheet registered at its MID-PLANE collapses onto one node and the gap reads mid-plane to mid-plane (a modelling trade — which face the plane sits on — not a fixable defect), while a sheet whose two FACES are registered fills one cell, and rfx zeroes only tangential E on a one-cell PEC sheet, so that cell's normal-E edge is live and its permittivity sits inside the cavity. Face registration therefore does not shorten the electrical cavity; it trades a collapsed sheet for a live gap, which reads WORSE when that cell is vacuum. WHY BOTH MEASURES: the same defect class measured 17.3% as a series capacitance and 3.2% as phase length (#703) — a bare percentage invites 'correcting' a right number into a wrong one, so both are printed and the governing one is named. REMEDY: none required for the sheet model itself (this is a quantified limit, not a defect); if the governing measure's delta matters for a claims-bearing number, resolve the sheet thickness with cells or correct the extracted quantity by the printed delta. For an OWN-cell term the eps_r printed for that cell IS addressable: it is whatever the geometry puts on the live edge (issue #702), so a stack whose dielectric abuts the sheet's faces leaves vacuum there — extend the abutting dielectric across the sheet's cell, or register the sheet's mid-plane instead of its faces, and that term goes. COVERAGE: examined 1 adjacent sheet pair(s) from 5 node-thin conductor sheet(s) on the uniform lane; physical stack computed from Box entries only — 1 non-Box dielectric entr(y/ies) ignored (said so, per #703); 0 pair(s) skipped (conductor between). STALE IF: re-summing the printed column disagrees with these numbers, or sheets stop being registered node-thin.
- WARNING [off_lattice_design_edges] 13 conductor-Box design edge(s) sit off-lattice by more than 0.5% of their extent (worst 5 listed): geometry[6] 'pec' x: extent 200µm, worst face residual 50µm (25.00% of the extent, df/f ~ 25.00%); geometry[16] 'pec' x: extent 200µm, worst face residual 50µm (25.00% of the extent, df/f ~ 25.00%); geometry[7] 'pec' x: extent 200µm, worst face residual 50µm (25.00% of the extent, df/f ~ 25.00%); geometry[17] 'pec' x: extent 200µm, worst face residual 50µm (25.00% of the extent, df/f ~ 25.00%); geometry[4] 'pec' x: extent 400µm, worst face residual 50µm (12.50% of the extent, df/f ~ 12.50%). OBSERVED: distance from each Box face to its nearest E-node on this run's own node coordinates; the rasterized edge quantizes onto a node, so the realized extent can differ from the design by up to the printed residual, and a resonant dimension realized dL off detunes df/f ~ dL/L. COST (measured, #703): a uniform-mesh sweep rounded ONE substrate thickness by 8-10% across three 'convergence' points — three different boards solved under one name; the same campaign's board survived at dx=50µm only because every patterned dimension happened to be an exact multiple of 50µm. REMEDY: choose dx commensurate with the patterned dimensions, slide the lattice origin onto the worst face, or (non-uniform lane) place mesh nodes on the design edges. COVERAGE: examined 18 axis extent(s) on 21 conductor Box entr(y/ies) on the uniform lane; 45 sub-cell axis extent(s) excluded (the node-thin snap is the live-edge/cavity checks' domain); 1 non-Box conductor entr(y/ies) skipped (no analytic face coordinates). STALE IF: |face - nearest node| on the run's node coordinates does not reproduce the printed residuals, or box faces stop rasterizing on the E-node lattice.
- WARNING [msl_port_geometry] MSL port 'msl_0' (trace W=600µm, h_sub=300µm): lateral clearance to +y absorbing boundary = 600µm (domain edge + 800µm calibrated CPML buffer) < recommended 600µm (= 2·h_sub). Fringing field will be clipped → Z0 may be biased HIGH by ~0%, mesh-conv may diverge. Increase domain y-extent OR move port further from sidewall.
- WARNING [msl_port_geometry] MSL port 'msl_0': only 3 substrate cell(s) in z (h_sub=300µm, dx=100µm). Yee staircase at dielectric interface is O(dx) — Z0 staircase error >5% expected. Refine to dx ≤ 75.0µm (4+ substrate cells) AND keep h_sub/dx an integer (aligned) for <5% Z0 bias — measured post-#511/#507 at -3.8%/-1.2%/+0.7% for h_sub/4, h_sub/5, h_sub/6 vs the DECLARED-board Hammerstad-Jensen anchor (scripts/diagnostics/msl_z0_bias_floor_sweep.py).

=== fidelity_report (declared vs realized, pre-solve) ===
=== INPUT-FIDELITY REPORT (declared vs solved; input units only) ===
  26 entities, 102 findings

  domain (the solved box)
    x: declared [0.0, 12500.0] um -> realized [0.0, 12500.0] um | face residuals (0.0, 0.0) um | extent 12500.0 -> 12500.0 um
    y: declared [0.0, 3400.0] um -> realized [0.0, 3400.0] um | face residuals (0.0, 0.0) um | extent 3400.0 -> 3400.0 um
    z: declared [0.0, 3900.0] um -> realized [0.0, 3900.0] um | face residuals (0.0, 0.0) um | extent 3900.0 -> 3900.0 um

  geometry[0] 'pec' — one-plane sheet (normal z): electric wall on the LOWER node plane ONLY
    cells: 210
    x: declared [0.0, 550.0] um -> realized [0.0, 600.0] um | face residuals (0.0, 50.0) um | extent 550.0 -> 600.0 um
    y: declared [0.0, 3400.0] um -> realized [0.0, 3500.0] um | face residuals (0.0, 100.0) um | extent 3400.0 -> 3500.0 um
    z: declared [2450.0, 2550.0] um -> realized [2500.0, 2600.0] um | face residuals (50.0, 50.0) um | extent 100.0 -> 100.0 um
    ! [inside-absorber] y: the realized body extends beyond the declared domain on y — those cells sit in the CPML pad, where the update equations are the absorber's
      remedy: keep the body inside the domain, or enlarge the domain so the absorber stays empty
    ! [off-lattice-face] x: PLACEMENT off by 50.0 um (9.09% of the declared 550.0 um extent); SIZE 600.0 um (+50.0 um, +9.09%)
      remedy: place a mesh node on this face (non-uniform profile) or choose the cell size / origin commensurate with it
    ! [off-lattice-face] y: PLACEMENT off by 100.0 um (2.94% of the declared 3400.0 um extent); SIZE 3500.0 um (+100.0 um, +2.94%)
      remedy: place a mesh node on this face (non-uniform profile) or choose the cell size / origin commensurate with it
    ! [off-lattice-face] z: PLACEMENT off by 50.0 um (50.00% of the declared 100.0 um extent); SIZE preserved
      remedy: place a mesh node on this face (non-uniform profile) or choose the cell size / origin commensurate with it
    ! [sheet-own-cell-live] z: the declared metal's cell volume stays live with eps_r 1.00 inside adjacent cavities — VACUUM substituted for declared metal
      remedy: two_plane=True on this entry (walls on both faces), or extend the abutting dielectric across this cell, or resolve the thickness with >= 2 cells

  geometry[1] 'pec' — one-plane sheet (normal z): electric wall on the LOWER node plane ONLY
    cells: 3885
    x: declared [1450.0, 12500.0] um -> realized [1500.0, 12600.0] um | face residuals (50.0, 100.0) um | extent 11050.0 -> 11100.0 um
    y: declared [0.0, 3400.0] um -> realized [0.0, 3500.0] um | face residuals (0.0, 100.0) um | extent 3400.0 -> 3500.0 um
    z: declared [2450.0, 2550.0] um -> realized [2500.0, 2600.0] um | face residuals (50.0, 50.0) um | extent 100.0 -> 100.0 um
    ! [inside-absorber] x,y: the realized body extends beyond the declared domain on x,y — those cells sit in the CPML pad, where the update equations are the absorber's
      remedy: keep the body inside the domain, or enlarge the domain so the absorber stays empty
    ! [off-lattice-face] x: PLACEMENT off by 100.0 um (0.90% of the declared 11050.0 um extent); SIZE 11100.0 um (+50.0 um, +0.45%)
      remedy: place a mesh node on this face (non-uniform profile) or choose the cell size / origin commensurate with it
    ! [off-lattice-face] y: PLACEMENT off by 100.0 um (2.94% of the declared 3400.0 um extent); SIZE 3500.0 um (+100.0 um, +2.94%)
      remedy: place a mesh node on this face (non-uniform profile) or choose the cell size / origin commensurate with it
    ! [off-lattice-face] z: PLACEMENT off by 50.0 um (50.00% of the declared 100.0 um extent); SIZE preserved
      remedy: place a mesh node on this face (non-uniform profile) or choose the cell size / origin commensurate with it
    ! [sheet-own-cell-live] z: the declared metal's cell volume stays live with eps_r 1.00 inside adjacent cavities — VACUUM substituted for declared metal
      remedy: two_plane=True on this entry (walls on both faces), or extend the abutting dielectric across this cell, or resolve the thickness with >= 2 cells

  geometry[2] 'pec' — one-plane sheet (normal z): electric wall on the LOWER node plane ONLY
    cells: 117
    x: declared [550.0, 1450.0] um -> realized [600.0, 1500.0] um | face residuals (50.0, 50.0) um | extent 900.0 -> 900.0 um
    y: declared [0.0, 1250.0] um -> realized [0.0, 1300.0] um | face residuals (0.0, 50.0) um | extent 1250.0 -> 1300.0 um
    z: declared [2450.0, 2550.0] um -> realized [2500.0, 2600.0] um | face residuals (50.0, 50.0) um | extent 100.0 -> 100.0 um
    ! [off-lattice-face] x: PLACEMENT off by 50.0 um (5.56% of the declared 900.0 um extent); SIZE preserved
      remedy: place a mesh node on this face (non-uniform profile) or choose the cell size / origin commensurate with it
    ! [off-lattice-face] y: PLACEMENT off by 50.0 um (4.00% of the declared 1250.0 um extent); SIZE 1300.0 um (+50.0 um, +4.00%)
      remedy: place a mesh node on this face (non-uniform profile) or choose the cell size / origin commensurate with it
    ! [off-lattice-face] z: PLACEMENT off by 50.0 um (50.00% of the declared 100.0 um extent); SIZE preserved
      remedy: place a mesh node on this face (non-uniform profile) or choose the cell size / origin commensurate with it
    ! [sheet-own-cell-live] z: the declared metal's cell volume stays live with eps_r 1.00 inside adjacent cavities — VACUUM substituted for declared metal
      remedy: two_plane=True on this entry (walls on both faces), or extend the abutting dielectric across this cell, or resolve the thickness with >= 2 cells

  geometry[3] 'pec' — one-plane sheet (normal z): electric wall on the LOWER node plane ONLY
    cells: 117
    x: declared [550.0, 1450.0] um -> realized [600.0, 1500.0] um | face residuals (50.0, 50.0) um | extent 900.0 -> 900.0 um
    y: declared [2150.0, 3400.0] um -> realized [2200.0, 3500.0] um | face residuals (50.0, 100.0) um | extent 1250.0 -> 1300.0 um
    z: declared [2450.0, 2550.0] um -> realized [2500.0, 2600.0] um | face residuals (50.0, 50.0) um | extent 100.0 -> 100.0 um
    ! [inside-absorber] y: the realized body extends beyond the declared domain on y — those cells sit in the CPML pad, where the update equations are the absorber's
      remedy: keep the body inside the domain, or enlarge the domain so the absorber stays empty
    ! [off-lattice-face] x: PLACEMENT off by 50.0 um (5.56% of the declared 900.0 um extent); SIZE preserved
      remedy: place a mesh node on this face (non-uniform profile) or choose the cell size / origin commensurate with it
    ! [off-lattice-face] y: PLACEMENT off by 100.0 um (8.00% of the declared 1250.0 um extent); SIZE 1300.0 um (+50.0 um, +4.00%)
      remedy: place a mesh node on this face (non-uniform profile) or choose the cell size / origin commensurate with it
    ! [off-lattice-face] z: PLACEMENT off by 50.0 um (50.00% of the declared 100.0 um extent); SIZE preserved
      remedy: place a mesh node on this face (non-uniform profile) or choose the cell size / origin commensurate with it
    ! [sheet-own-cell-live] z: the declared metal's cell volume stays live with eps_r 1.00 inside adjacent cavities — VACUUM substituted for declared metal
      remedy: two_plane=True on this entry (walls on both faces), or extend the abutting dielectric across this cell, or resolve the thickness with >= 2 cells

  geometry[4] 'pec' — one-plane sheet (normal y+z): electric wall on the LOWER node plane ONLY
    cells: 4
    x: declared [550.0, 950.0] um -> realized [600.0, 1000.0] um | face residuals (50.0, 50.0) um | extent 400.0 -> 400.0 um
    y: declared [1250.0, 1350.0] um -> realized [1300.0, 1400.0] um | face residuals (50.0, 50.0) um | extent 100.0 -> 100.0 um
    z: declared [2450.0, 2550.0] um -> realized [2500.0, 2600.0] um | face residuals (50.0, 50.0) um | extent 100.0 -> 100.0 um
    ! [off-lattice-face] x: PLACEMENT off by 50.0 um (12.50% of the declared 400.0 um extent); SIZE preserved
      remedy: place a mesh node on this face (non-uniform profile) or choose the cell size / origin commensurate with it
    ! [off-lattice-face] y: PLACEMENT off by 50.0 um (50.00% of the declared 100.0 um extent); SIZE preserved
      remedy: place a mesh node on this face (non-uniform profile) or choose the cell size / origin commensurate with it
    ! [off-lattice-face] z: PLACEMENT off by 50.0 um (50.00% of the declared 100.0 um extent); SIZE preserved
      remedy: place a mesh node on this face (non-uniform profile) or choose the cell size / origin commensurate with it
    ! [sheet-own-cell-live] y+z: the declared metal's cell volume stays live with eps_r 1.00 inside adjacent cavities — VACUUM substituted for declared metal
      remedy: two_plane=True on this entry (walls on both faces), or extend the abutting dielectric across this cell, or resolve the thickness with >= 2 cells

  geometry[5] 'pec' — one-plane sheet (normal y+z): electric wall on the LOWER node plane ONLY
    cells: 4
    x: declared [1050.0, 1450.0] um -> realized [1100.0, 1500.0] um | face residuals (50.0, 50.0) um | extent 400.0 -> 400.0 um
    y: declared [1250.0, 1350.0] um -> realized [1300.0, 1400.0] um | face residuals (50.0, 50.0) um | extent 100.0 -> 100.0 um
    z: declared [2450.0, 2550.0] um -> realized [2500.0, 2600.0] um | face residuals (50.0, 50.0) um | extent 100.0 -> 100.0 um
    ! [off-lattice-face] x: PLACEMENT off by 50.0 um (12.50% of the declared 400.0 um extent); SIZE preserved
      remedy: place a mesh node on this face (non-uniform profile) or choose the cell size / origin commensurate with it
    ! [off-lattice-face] y: PLACEMENT off by 50.0 um (50.00% of the declared 100.0 um extent); SIZE preserved
      remedy: place a mesh node on this face (non-uniform profile) or choose the cell size / origin commensurate with it
    ! [off-lattice-face] z: PLACEMENT off by 50.0 um (50.00% of the declared 100.0 um extent); SIZE preserved
      remedy: place a mesh node on this face (non-uniform profile) or choose the cell size / origin commensurate with it
    ! [sheet-own-cell-live] y+z: the declared metal's cell volume stays live with eps_r 1.00 inside adjacent cavities — VACUUM substituted for declared metal
      remedy: two_plane=True on this entry (walls on both faces), or extend the abutting dielectric across this cell, or resolve the thickness with >= 2 cells

  geometry[6] 'pec' — one-plane sheet (normal y+z): electric wall on the LOWER node plane ONLY
    cells: 2
    x: declared [550.0, 750.0] um -> realized [600.0, 800.0] um | face residuals (50.0, 50.0) um | extent 200.0 -> 200.0 um
    y: declared [1350.0, 1450.0] um -> realized [1400.0, 1500.0] um | face residuals (50.0, 50.0) um | extent 100.0 -> 100.0 um
    z: declared [2450.0, 2550.0] um -> realized [2500.0, 2600.0] um | face residuals (50.0, 50.0) um | extent 100.0 -> 100.0 um
    ! [off-lattice-face] x: PLACEMENT off by 50.0 um (25.00% of the declared 200.0 um extent); SIZE preserved
      remedy: place a mesh node on this face (non-uniform profile) or choose the cell size / origin commensurate with it
    ! [off-lattice-face] y: PLACEMENT off by 50.0 um (50.00% of the declared 100.0 um extent); SIZE preserved
      remedy: place a mesh node on this face (non-uniform profile) or choose the cell size / origin commensurate with it
    ! [off-lattice-face] z: PLACEMENT off by 50.0 um (50.00% of the declared 100.0 um extent); SIZE preserved
      remedy: place a mesh node on this face (non-uniform profile) or choose the cell size / origin commensurate with it
    ! [sheet-own-cell-live] y+z: the declared metal's cell volume stays live with eps_r 1.00 inside adjacent cavities — VACUUM substituted for declared metal
      remedy: two_plane=True on this entry (walls on both faces), or extend the abutting dielectric across this cell, or resolve the thickness with >= 2 cells

  geometry[7] 'pec' — one-plane sheet (normal y+z): electric wall on the LOWER node plane ONLY
    cells: 2
    x: declared [1250.0, 1450.0] um -> realized [1300.0, 1500.0] um | face residuals (50.0, 50.0) um | extent 200.0 -> 200.0 um
    y: declared [1350.0, 1450.0] um -> realized [1400.0, 1500.0] um | face residuals (50.0, 50.0) um | extent 100.0 -> 100.0 um
    z: declared [2450.0, 2550.0] um -> realized [2500.0, 2600.0] um | face residuals (50.0, 50.0) um | extent 100.0 -> 100.0 um
    ! [off-lattice-face] x: PLACEMENT off by 50.0 um (25.00% of the declared 200.0 um extent); SIZE preserved
      remedy: place a mesh node on this face (non-uniform profile) or choose the cell size / origin commensurate with it
    ! [off-lattice-face] y: PLACEMENT off by 50.0 um (50.00% of the declared 100.0 um extent); SIZE preserved
      remedy: place a mesh node on this face (non-uniform profile) or choose the cell size / origin commensurate with it
    ! [off-lattice-face] z: PLACEMENT off by 50.0 um (50.00% of the declared 100.0 um extent); SIZE preserved
      remedy: place a mesh node on this face (non-uniform profile) or choose the cell size / origin commensurate with it
    ! [sheet-own-cell-live] y+z: the declared metal's cell volume stays live with eps_r 1.00 inside adjacent cavities — VACUUM substituted for declared metal
      remedy: two_plane=True on this entry (walls on both faces), or extend the abutting dielectric across this cell, or resolve the thickness with >= 2 cells

  geometry[8] 'pec' — one-plane sheet (normal x+y+z): electric wall on the LOWER node plane ONLY
    cells: 1
    x: declared [550.0, 650.0] um -> realized [600.0, 700.0] um | face residuals (50.0, 50.0) um | extent 100.0 -> 100.0 um
    y: declared [1450.0, 1550.0] um -> realized [1500.0, 1600.0] um | face residuals (50.0, 50.0) um | extent 100.0 -> 100.0 um
    z: declared [2450.0, 2550.0] um -> realized [2500.0, 2600.0] um | face residuals (50.0, 50.0) um | extent 100.0 -> 100.0 um
    ! [off-lattice-face] x: PLACEMENT off by 50.0 um (50.00% of the declared 100.0 um extent); SIZE preserved
      remedy: place a mesh node on this face (non-uniform profile) or choose the cell size / origin commensurate with it
    ! [off-lattice-face] y: PLACEMENT off by 50.0 um (50.00% of the declared 100.0 um extent); SIZE preserved
      remedy: place a mesh node on this face (non-uniform profile) or choose the cell size / origin commensurate with it
    ! [off-lattice-face] z: PLACEMENT off by 50.0 um (50.00% of the declared 100.0 um extent); SIZE preserved
      remedy: place a mesh node on this face (non-uniform profile) or choose the cell size / origin commensurate with it
    ! [sheet-own-cell-live] x+y+z: the declared metal's cell volume stays live with eps_r 1.00 inside adjacent cavities — VACUUM substituted for declared metal
      remedy: two_plane=True on this entry (walls on both faces), or extend the abutting dielectric across this cell, or resolve the thickness with >= 2 cells

  geometry[9] 'pec' — one-plane sheet (normal x+y+z): electric wall on the LOWER node plane ONLY
    cells: 1
    x: declared [1350.0, 1450.0] um -> realized [1400.0, 1500.0] um | face residuals (50.0, 50.0) um | extent 100.0 -> 100.0 um
    y: declared [1450.0, 1550.0] um -> realized [1500.0, 1600.0] um | face residuals (50.0, 50.0) um | extent 100.0 -> 100.0 um
    z: declared [2450.0, 2550.0] um -> realized [2500.0, 2600.0] um | face residuals (50.0, 50.0) um | extent 100.0 -> 100.0 um
    ! [off-lattice-face] x: PLACEMENT off by 50.0 um (50.00% of the declared 100.0 um extent); SIZE preserved
      remedy: place a mesh node on this face (non-uniform profile) or choose the cell size / origin commensurate with it
    ! [off-lattice-face] y: PLACEMENT off by 50.0 um (50.00% of the declared 100.0 um extent); SIZE preserved
      remedy: place a mesh node on this face (non-uniform profile) or choose the cell size / origin commensurate with it
    ! [off-lattice-face] z: PLACEMENT off by 50.0 um (50.00% of the declared 100.0 um extent); SIZE preserved
      remedy: place a mesh node on this face (non-uniform profile) or choose the cell size / origin commensurate with it
    ! [sheet-own-cell-live] x+y+z: the declared metal's cell volume stays live with eps_r 1.00 inside adjacent cavities — VACUUM substituted for declared metal
      remedy: two_plane=True on this entry (walls on both faces), or extend the abutting dielectric across this cell, or resolve the thickness with >= 2 cells

  geometry[10] 'pec' — one-plane sheet (normal x+y+z): electric wall on the LOWER node plane ONLY
    cells: 1
    x: declared [550.0, 650.0] um -> realized [600.0, 700.0] um | face residuals (50.0, 50.0) um | extent 100.0 -> 100.0 um
    y: declared [1550.0, 1650.0] um -> realized [1600.0, 1700.0] um | face residuals (50.0, 50.0) um | extent 100.0 -> 100.0 um
    z: declared [2450.0, 2550.0] um -> realized [2500.0, 2600.0] um | face residuals (50.0, 50.0) um | extent 100.0 -> 100.0 um
    ! [off-lattice-face] x: PLACEMENT off by 50.0 um (50.00% of the declared 100.0 um extent); SIZE preserved
      remedy: place a mesh node on this face (non-uniform profile) or choose the cell size / origin commensurate with it
    ! [sub-cell-placement] y: declared extent 100.0 um is smaller than the local cell 100.0 um; the body lands 50.0 um (0.50 cell) from its declared face. Placement quantizes to the lattice — a percentage of the declared extent is not a meaningful measure here
      remedy: place a mesh node on the declared face, or resolve the body with >= 1 cell, if this placement is load-bearing
    ! [off-lattice-face] z: PLACEMENT off by 50.0 um (50.00% of the declared 100.0 um extent); SIZE preserved
      remedy: place a mesh node on this face (non-uniform profile) or choose the cell size / origin commensurate with it
    ! [sheet-own-cell-live] x+y+z: the declared metal's cell volume stays live with eps_r 1.00 inside adjacent cavities — VACUUM substituted for declared metal
      remedy: two_plane=True on this entry (walls on both faces), or extend the abutting dielectric across this cell, or resolve the thickness with >= 2 cells

  geometry[11] 'pec' — one-plane sheet (normal x+y+z): electric wall on the LOWER node plane ONLY
    cells: 1
    x: declared [1350.0, 1450.0] um -> realized [1400.0, 1500.0] um | face residuals (50.0, 50.0) um | extent 100.0 -> 100.0 um
    y: declared [1550.0, 1650.0] um -> realized [1600.0, 1700.0] um | face residuals (50.0, 50.0) um | extent 100.0 -> 100.0 um
    z: declared [2450.0, 2550.0] um -> realized [2500.0, 2600.0] um | face residuals (50.0, 50.0) um | extent 100.0 -> 100.0 um
    ! [off-lattice-face] x: PLACEMENT off by 50.0 um (50.00% of the declared 100.0 um extent); SIZE preserved
      remedy: place a mesh node on this face (non-uniform profile) or choose the cell size / origin commensurate with it
    ! [sub-cell-placement] y: declared extent 100.0 um is smaller than the local cell 100.0 um; the body lands 50.0 um (0.50 cell) from its declared face. Placement quantizes to the lattice — a percentage of the declared extent is not a meaningful measure here
      remedy: place a mesh node on the declared face, or resolve the body with >= 1 cell, if this placement is load-bearing
    ! [off-lattice-face] z: PLACEMENT off by 50.0 um (50.00% of the declared 100.0 um extent); SIZE preserved
      remedy: place a mesh node on this face (non-uniform profile) or choose the cell size / origin commensurate with it
    ! [sheet-own-cell-live] x+y+z: the declared metal's cell volume stays live with eps_r 1.00 inside adjacent cavities — VACUUM substituted for declared metal
      remedy: two_plane=True on this entry (walls on both faces), or extend the abutting dielectric across this cell, or resolve the thickness with >= 2 cells

  geometry[12] 'pec' — one-plane sheet (normal x+y+z): electric wall on the LOWER node plane ONLY
    cells: 1
    x: declared [550.0, 650.0] um -> realized [600.0, 700.0] um | face residuals (50.0, 50.0) um | extent 100.0 -> 100.0 um
    y: declared [1750.0, 1850.0] um -> realized [1800.0, 1900.0] um | face residuals (50.0, 50.0) um | extent 100.0 -> 100.0 um
    z: declared [2450.0, 2550.0] um -> realized [2500.0, 2600.0] um | face residuals (50.0, 50.0) um | extent 100.0 -> 100.0 um
    ! [off-lattice-face] x: PLACEMENT off by 50.0 um (50.00% of the declared 100.0 um extent); SIZE preserved
      remedy: place a mesh node on this face (non-uniform profile) or choose the cell size / origin commensurate with it
    ! [off-lattice-face] y: PLACEMENT off by 50.0 um (50.00% of the declared 100.0 um extent); SIZE preserved
      remedy: place a mesh node on this face (non-uniform profile) or choose the cell size / origin commensurate with it
    ! [off-lattice-face] z: PLACEMENT off by 50.0 um (50.00% of the declared 100.0 um extent); SIZE preserved
      remedy: place a mesh node on this face (non-uniform profile) or choose the cell size / origin commensurate with it
    ! [sheet-own-cell-live] x+y+z: the declared metal's cell volume stays live with eps_r 1.00 inside adjacent cavities — VACUUM substituted for declared metal
      remedy: two_plane=True on this entry (walls on both faces), or extend the abutting dielectric across this cell, or resolve the thickness with >= 2 cells

  geometry[13] 'pec' — one-plane sheet (normal x+y+z): electric wall on the LOWER node plane ONLY
    cells: 1
    x: declared [1350.0, 1450.0] um -> realized [1400.0, 1500.0] um | face residuals (50.0, 50.0) um | extent 100.0 -> 100.0 um
    y: declared [1750.0, 1850.0] um -> realized [1800.0, 1900.0] um | face residuals (50.0, 50.0) um | extent 100.0 -> 100.0 um
    z: declared [2450.0, 2550.0] um -> realized [2500.0, 2600.0] um | face residuals (50.0, 50.0) um | extent 100.0 -> 100.0 um
    ! [off-lattice-face] x: PLACEMENT off by 50.0 um (50.00% of the declared 100.0 um extent); SIZE preserved
      remedy: place a mesh node on this face (non-uniform profile) or choose the cell size / origin commensurate with it
    ! [off-lattice-face] y: PLACEMENT off by 50.0 um (50.00% of the declared 100.0 um extent); SIZE preserved
      remedy: place a mesh node on this face (non-uniform profile) or choose the cell size / origin commensurate with it
    ! [off-lattice-face] z: PLACEMENT off by 50.0 um (50.00% of the declared 100.0 um extent); SIZE preserved
      remedy: place a mesh node on this face (non-uniform profile) or choose the cell size / origin commensurate with it
    ! [sheet-own-cell-live] x+y+z: the declared metal's cell volume stays live with eps_r 1.00 inside adjacent cavities — VACUUM substituted for declared metal
      remedy: two_plane=True on this entry (walls on both faces), or extend the abutting dielectric across this cell, or resolve the thickness with >= 2 cells

  geometry[14] 'pec' — one-plane sheet (normal x+y+z): electric wall on the LOWER node plane ONLY
    cells: 1
    x: declared [550.0, 650.0] um -> realized [600.0, 700.0] um | face residuals (50.0, 50.0) um | extent 100.0 -> 100.0 um
    y: declared [1850.0, 1950.0] um -> realized [1900.0, 2000.0] um | face residuals (50.0, 50.0) um | extent 100.0 -> 100.0 um
    z: declared [2450.0, 2550.0] um -> realized [2500.0, 2600.0] um | face residuals (50.0, 50.0) um | extent 100.0 -> 100.0 um
    ! [off-lattice-face] x: PLACEMENT off by 50.0 um (50.00% of the declared 100.0 um extent); SIZE preserved
      remedy: place a mesh node on this face (non-uniform profile) or choose the cell size / origin commensurate with it
    ! [off-lattice-face] y: PLACEMENT off by 50.0 um (50.00% of the declared 100.0 um extent); SIZE preserved
      remedy: place a mesh node on this face (non-uniform profile) or choose the cell size / origin commensurate with it
    ! [off-lattice-face] z: PLACEMENT off by 50.0 um (50.00% of the declared 100.0 um extent); SIZE preserved
      remedy: place a mesh node on this face (non-uniform profile) or choose the cell size / origin commensurate with it
    ! [sheet-own-cell-live] x+y+z: the declared metal's cell volume stays live with eps_r 1.00 inside adjacent cavities — VACUUM substituted for declared metal
      remedy: two_plane=True on this entry (walls on both faces), or extend the abutting dielectric across this cell, or resolve the thickness with >= 2 cells

  geometry[15] 'pec' — one-plane sheet (normal x+y+z): electric wall on the LOWER node plane ONLY
    cells: 1
    x: declared [1350.0, 1450.0] um -> realized [1400.0, 1500.0] um | face residuals (50.0, 50.0) um | extent 100.0 -> 100.0 um
    y: declared [1850.0, 1950.0] um -> realized [1900.0, 2000.0] um | face residuals (50.0, 50.0) um | extent 100.0 -> 100.0 um
    z: declared [2450.0, 2550.0] um -> realized [2500.0, 2600.0] um | face residuals (50.0, 50.0) um | extent 100.0 -> 100.0 um
    ! [off-lattice-face] x: PLACEMENT off by 50.0 um (50.00% of the declared 100.0 um extent); SIZE preserved
      remedy: place a mesh node on this face (non-uniform profile) or choose the cell size / origin commensurate with it
    ! [off-lattice-face] y: PLACEMENT off by 50.0 um (50.00% of the declared 100.0 um extent); SIZE preserved
      remedy: place a mesh node on this face (non-uniform profile) or choose the cell size / origin commensurate with it
    ! [off-lattice-face] z: PLACEMENT off by 50.0 um (50.00% of the declared 100.0 um extent); SIZE preserved
      remedy: place a mesh node on this face (non-uniform profile) or choose the cell size / origin commensurate with it
    ! [sheet-own-cell-live] x+y+z: the declared metal's cell volume stays live with eps_r 1.00 inside adjacent cavities — VACUUM substituted for declared metal
      remedy: two_plane=True on this entry (walls on both faces), or extend the abutting dielectric across this cell, or resolve the thickness with >= 2 cells

  geometry[16] 'pec' — one-plane sheet (normal y+z): electric wall on the LOWER node plane ONLY
    cells: 2
    x: declared [550.0, 750.0] um -> realized [600.0, 800.0] um | face residuals (50.0, 50.0) um | extent 200.0 -> 200.0 um
    y: declared [1950.0, 2050.0] um -> realized [2000.0, 2100.0] um | face residuals (50.0, 50.0) um | extent 100.0 -> 100.0 um
    z: declared [2450.0, 2550.0] um -> realized [2500.0, 2600.0] um | face residuals (50.0, 50.0) um | extent 100.0 -> 100.0 um
    ! [off-lattice-face] x: PLACEMENT off by 50.0 um (25.00% of the declared 200.0 um extent); SIZE preserved
      remedy: place a mesh node on this face (non-uniform profile) or choose the cell size / origin commensurate with it
    ! [off-lattice-face] y: PLACEMENT off by 50.0 um (50.00% of the declared 100.0 um extent); SIZE preserved
      remedy: place a mesh node on this face (non-uniform profile) or choose the cell size / origin commensurate with it
    ! [off-lattice-face] z: PLACEMENT off by 50.0 um (50.00% of the declared 100.0 um extent); SIZE preserved
      remedy: place a mesh node on this face (non-uniform profile) or choose the cell size / origin commensurate with it
    ! [sheet-own-cell-live] y+z: the declared metal's cell volume stays live with eps_r 1.00 inside adjacent cavities — VACUUM substituted for declared metal
      remedy: two_plane=True on this entry (walls on both faces), or extend the abutting dielectric across this cell, or resolve the thickness with >= 2 cells

  geometry[17] 'pec' — one-plane sheet (normal y+z): electric wall on the LOWER node plane ONLY
    cells: 2
    x: declared [1250.0, 1450.0] um -> realized [1300.0, 1500.0] um | face residuals (50.0, 50.0) um | extent 200.0 -> 200.0 um
    y: declared [1950.0, 2050.0] um -> realized [2000.0, 2100.0] um | face residuals (50.0, 50.0) um | extent 100.0 -> 100.0 um
    z: declared [2450.0, 2550.0] um -> realized [2500.0, 2600.0] um | face residuals (50.0, 50.0) um | extent 100.0 -> 100.0 um
    ! [off-lattice-face] x: PLACEMENT off by 50.0 um (25.00% of the declared 200.0 um extent); SIZE preserved
      remedy: place a mesh node on this face (non-uniform profile) or choose the cell size / origin commensurate with it
    ! [off-lattice-face] y: PLACEMENT off by 50.0 um (50.00% of the declared 100.0 um extent); SIZE preserved
      remedy: place a mesh node on this face (non-uniform profile) or choose the cell size / origin commensurate with it
    ! [off-lattice-face] z: PLACEMENT off by 50.0 um (50.00% of the declared 100.0 um extent); SIZE preserved
      remedy: place a mesh node on this face (non-uniform profile) or choose the cell size / origin commensurate with it
    ! [sheet-own-cell-live] y+z: the declared metal's cell volume stays live with eps_r 1.00 inside adjacent cavities — VACUUM substituted for declared metal
      remedy: two_plane=True on this entry (walls on both faces), or extend the abutting dielectric across this cell, or resolve the thickness with >= 2 cells

  geometry[18] 'pec' — one-plane sheet (normal y+z): electric wall on the LOWER node plane ONLY
    cells: 4
    x: declared [550.0, 950.0] um -> realized [600.0, 1000.0] um | face residuals (50.0, 50.0) um | extent 400.0 -> 400.0 um
    y: declared [2050.0, 2150.0] um -> realized [2100.0, 2200.0] um | face residuals (50.0, 50.0) um | extent 100.0 -> 100.0 um
    z: declared [2450.0, 2550.0] um -> realized [2500.0, 2600.0] um | face residuals (50.0, 50.0) um | extent 100.0 -> 100.0 um
    ! [off-lattice-face] x: PLACEMENT off by 50.0 um (12.50% of the declared 400.0 um extent); SIZE preserved
      remedy: place a mesh node on this face (non-uniform profile) or choose the cell size / origin commensurate with it
    ! [sub-cell-placement] y: declared extent 100.0 um is smaller than the local cell 100.0 um; the body lands 50.0 um (0.50 cell) from its declared face. Placement quantizes to the lattice — a percentage of the declared extent is not a meaningful measure here
      remedy: place a mesh node on the declared face, or resolve the body with >= 1 cell, if this placement is load-bearing
    ! [off-lattice-face] z: PLACEMENT off by 50.0 um (50.00% of the declared 100.0 um extent); SIZE preserved
      remedy: place a mesh node on this face (non-uniform profile) or choose the cell size / origin commensurate with it
    ! [sheet-own-cell-live] y+z: the declared metal's cell volume stays live with eps_r 1.00 inside adjacent cavities — VACUUM substituted for declared metal
      remedy: two_plane=True on this entry (walls on both faces), or extend the abutting dielectric across this cell, or resolve the thickness with >= 2 cells

  geometry[19] 'pec' — one-plane sheet (normal y+z): electric wall on the LOWER node plane ONLY
    cells: 4
    x: declared [1050.0, 1450.0] um -> realized [1100.0, 1500.0] um | face residuals (50.0, 50.0) um | extent 400.0 -> 400.0 um
    y: declared [2050.0, 2150.0] um -> realized [2100.0, 2200.0] um | face residuals (50.0, 50.0) um | extent 100.0 -> 100.0 um
    z: declared [2450.0, 2550.0] um -> realized [2500.0, 2600.0] um | face residuals (50.0, 50.0) um | extent 100.0 -> 100.0 um
    ! [off-lattice-face] x: PLACEMENT off by 50.0 um (12.50% of the declared 400.0 um extent); SIZE preserved
      remedy: place a mesh node on this face (non-uniform profile) or choose the cell size / origin commensurate with it
    ! [sub-cell-placement] y: declared extent 100.0 um is smaller than the local cell 100.0 um; the body lands 50.0 um (0.50 cell) from its declared face. Placement quantizes to the lattice — a percentage of the declared extent is not a meaningful measure here
      remedy: place a mesh node on the declared face, or resolve the body with >= 1 cell, if this placement is load-bearing
    ! [off-lattice-face] z: PLACEMENT off by 50.0 um (50.00% of the declared 100.0 um extent); SIZE preserved
      remedy: place a mesh node on this face (non-uniform profile) or choose the cell size / origin commensurate with it
    ! [sheet-own-cell-live] y+z: the declared metal's cell volume stays live with eps_r 1.00 inside adjacent cavities — VACUUM substituted for declared metal
      remedy: two_plane=True on this entry (walls on both faces), or extend the abutting dielectric across this cell, or resolve the thickness with >= 2 cells

  geometry[20] 'ptfe'
    cells: 141
    x: declared [600.0, 1400.0] um -> realized [700.0, 1500.0] um | face residuals (100.0, 100.0) um | extent 800.0 -> 800.0 um
    y: declared [1300.0, 2100.0] um -> realized [1400.0, 2200.0] um | face residuals (100.0, 100.0) um | extent 800.0 -> 800.0 um
    z: declared [2400.0, 2700.0] um -> realized [2500.0, 2800.0] um | face residuals (100.0, 100.0) um | extent 300.0 -> 300.0 um
    ! [claimed-by-conductor] 23.4% of this dielectric's cells are also PEC — the conductor wins, so that fraction of the declared material is not solved
      remedy: check the overlap against the intended stack; shrink whichever body is over-declared
    ! [bbox-offset] x: PLACEMENT off by 100.0 um (12.50% of the declared 800.0 um extent); SIZE preserved. Curved boundary sampled cell-wise; midpoint shift +100.0 um (+1.00 cell). A non-Box mask samples NODE coordinates while these bounds are cell EDGES, so up to half a cell of the offset is a readout convention, not a displacement — the midpoint shift is the convention-free number
      remedy: refine the local cell size if either the placement or the realized size is load-bearing for the comparison
    ! [bbox-offset] y: PLACEMENT off by 100.0 um (12.50% of the declared 800.0 um extent); SIZE preserved. Curved boundary sampled cell-wise; midpoint shift +100.0 um (+1.00 cell). A non-Box mask samples NODE coordinates while these bounds are cell EDGES, so up to half a cell of the offset is a readout convention, not a displacement — the midpoint shift is the convention-free number
      remedy: refine the local cell size if either the placement or the realized size is load-bearing for the comparison
    ! [bbox-offset] z: PLACEMENT off by 100.0 um (33.33% of the declared 300.0 um extent); SIZE preserved. Curved boundary sampled cell-wise; midpoint shift +100.0 um (+1.00 cell). A non-Box mask samples NODE coordinates while these bounds are cell EDGES, so up to half a cell of the offset is a readout convention, not a displacement — the midpoint shift is the convention-free number
      remedy: refine the local cell size if either the placement or the realized size is load-bearing for the comparison
    ! [materialization-overridden] only 33.3% of this entity's cells carry the declared eps_r 2.100 (assembled range 2.100..3.660)
      remedy: a later entity overwrites these cells (assembly is declaration-ordered) — check the overlap, or reorder if the overlap is unintended

  geometry[21] 'sub'
    cells: 13230
    x: declared [0.0, 12500.0] um -> realized [0.0, 12600.0] um | face residuals (0.0, 100.0) um | extent 12500.0 -> 12600.0 um
    y: declared [0.0, 3400.0] um -> realized [0.0, 3500.0] um | face residuals (0.0, 100.0) um | extent 3400.0 -> 3500.0 um
    z: declared [2550.0, 2850.0] um -> realized [2600.0, 2900.0] um | face residuals (50.0, 50.0) um | extent 300.0 -> 300.0 um
    ! [claimed-by-conductor] 0.2% of this dielectric's cells are also PEC — the conductor wins, so that fraction of the declared material is not solved
      remedy: check the overlap against the intended stack; shrink whichever body is over-declared
    ! [inside-absorber] x,y: the realized body extends beyond the declared domain on x,y — those cells sit in the CPML pad, where the update equations are the absorber's
      remedy: keep the body inside the domain, or enlarge the domain so the absorber stays empty
    ! [off-lattice-face] x: PLACEMENT off by 100.0 um (0.80% of the declared 12500.0 um extent); SIZE 12600.0 um (+100.0 um, +0.80%)
      remedy: place a mesh node on this face (non-uniform profile) or choose the cell size / origin commensurate with it
    ! [off-lattice-face] y: PLACEMENT off by 100.0 um (2.94% of the declared 3400.0 um extent); SIZE 3500.0 um (+100.0 um, +2.94%)
      remedy: place a mesh node on this face (non-uniform profile) or choose the cell size / origin commensurate with it
    ! [off-lattice-face] z: PLACEMENT off by 50.0 um (16.67% of the declared 300.0 um extent); SIZE preserved
      remedy: place a mesh node on this face (non-uniform profile) or choose the cell size / origin commensurate with it

  geometry[22] 'pec' — one-plane sheet (normal z): electric wall on the LOWER node plane ONLY
    cells: 805
    x: declared [1000.0, 12500.0] um -> realized [1100.0, 12600.0] um | face residuals (100.0, 100.0) um | extent 11500.0 -> 11500.0 um
    y: declared [1400.0, 2000.0] um -> realized [1400.0, 2100.0] um | face residuals (0.0, 100.0) um | extent 600.0 -> 700.0 um
    z: declared [2850.0, 2950.0] um -> realized [2900.0, 3000.0] um | face residuals (50.0, 50.0) um | extent 100.0 -> 100.0 um
    ! [inside-absorber] x: the realized body extends beyond the declared domain on x — those cells sit in the CPML pad, where the update equations are the absorber's
      remedy: keep the body inside the domain, or enlarge the domain so the absorber stays empty
    ! [off-lattice-face] x: PLACEMENT off by 100.0 um (0.87% of the declared 11500.0 um extent); SIZE preserved
      remedy: place a mesh node on this face (non-uniform profile) or choose the cell size / origin commensurate with it
    ! [off-lattice-face] y: PLACEMENT off by 100.0 um (16.67% of the declared 600.0 um extent); SIZE 700.0 um (+100.0 um, +16.67%)
      remedy: place a mesh node on this face (non-uniform profile) or choose the cell size / origin commensurate with it
    ! [sub-cell-placement] z: declared extent 100.0 um is smaller than the local cell 100.0 um; the body lands 50.0 um (0.50 cell) from its declared face. Placement quantizes to the lattice — a percentage of the declared extent is not a meaningful measure here
      remedy: place a mesh node on the declared face, or resolve the body with >= 1 cell, if this placement is load-bearing
    ! [sheet-own-cell-live] z: the declared metal's cell volume stays live with eps_r 1.00 inside adjacent cavities — VACUUM substituted for declared metal
      remedy: two_plane=True on this entry (walls on both faces), or extend the abutting dielectric across this cell, or resolve the thickness with >= 2 cells

  geometry[23] 'pec' — volumetric PEC (>= 2 cells on every axis)
    cells: 66
    x: declared [800.0, 1200.0] um -> realized [900.0, 1300.0] um | face residuals (100.0, 100.0) um | extent 400.0 -> 400.0 um
    y: declared [1500.0, 1900.0] um -> realized [1600.0, 2000.0] um | face residuals (100.0, 100.0) um | extent 400.0 -> 400.0 um
    z: declared [2400.0, 3000.0] um -> realized [2500.0, 3100.0] um | face residuals (100.0, 100.0) um | extent 600.0 -> 600.0 um
    ! [bbox-offset] x: PLACEMENT off by 100.0 um (25.00% of the declared 400.0 um extent); SIZE preserved. Curved boundary sampled cell-wise; midpoint shift +100.0 um (+1.00 cell). A non-Box mask samples NODE coordinates while these bounds are cell EDGES, so up to half a cell of the offset is a readout convention, not a displacement — the midpoint shift is the convention-free number
      remedy: refine the local cell size if either the placement or the realized size is load-bearing for the comparison
    ! [bbox-offset] y: PLACEMENT off by 100.0 um (25.00% of the declared 400.0 um extent); SIZE preserved. Curved boundary sampled cell-wise; midpoint shift +100.0 um (+1.00 cell). A non-Box mask samples NODE coordinates while these bounds are cell EDGES, so up to half a cell of the offset is a readout convention, not a displacement — the midpoint shift is the convention-free number
      remedy: refine the local cell size if either the placement or the realized size is load-bearing for the comparison
    ! [bbox-offset] z: PLACEMENT off by 100.0 um (16.67% of the declared 600.0 um extent); SIZE preserved. Curved boundary sampled cell-wise; midpoint shift +100.0 um (+1.00 cell). A non-Box mask samples NODE coordinates while these bounds are cell EDGES, so up to half a cell of the offset is a readout convention, not a displacement — the midpoint shift is the convention-free number
      remedy: refine the local cell size if either the placement or the realized size is load-bearing for the comparison

  NOT AUDITED by this report
    ! [out-of-scope] 1 MSL port(s); 1 coaxial port (pin/shield/caps)(s) — these declare geometry and/or materials that this report does not walk (port pins, shields, end caps, source cells)
      remedy: audit those with their own port preflight checks; do not read this report as covering them

/root/workspace/byungkwan-workspace/research/rfx-fidelity-722/scripts/diagnostics/coax_msl_transition_settled_run.py:1016: UserWarning: compute_coax_msl_transition(): the registered coax port impedance (50.00 ohm) diverges 10.0% from the analytic coax Z0 (45.46 ohm) this method actually uses for the power-wave normalization (z0_ref) and for sizing the feed resistor / termination. The registered impedance= is NOT the reference impedance of the returned s_params; it only affects source/termination sizing. Pass a matching pin_radius/outer_radius (coax) or width/height/eps_r_sub (msl), or reconcile the mismatch, before trusting a specific reference-impedance interpretation.
/root/workspace/byungkwan-workspace/research/rfx-fidelity-722/scripts/diagnostics/coax_msl_transition_settled_run.py:1016: UserWarning: compute_coax_msl_transition(): the registered msl port impedance (50.00 ohm) diverges 5.8% from the analytic msl Z0 (53.11 ohm) this method actually uses for the power-wave normalization (z0_ref) and for sizing the feed resistor / termination. The registered impedance= is NOT the reference impedance of the returned s_params; it only affects source/termination sizing. Pass a matching pin_radius/outer_radius (coax) or width/height/eps_r_sub (msl), or reconcile the mismatch, before trusting a specific reference-impedance interpretation.
/root/workspace/byungkwan-workspace/research/rfx-fidelity-722/rfx/probes/probes.py:663: UserWarning: Explicitly requested dtype <class 'jax.numpy.complex128'> requested in zeros is not available, and will be truncated to dtype complex64. To enable more dtypes, set the jax_enable_x64 configuration option or the JAX_ENABLE_X64 shell environment variable. See https://github.com/google/jax#current-gotchas for more.
/root/workspace/byungkwan-workspace/research/rfx-fidelity-722/rfx/probes/probes.py:663: UserWarning: Explicitly requested dtype <class 'jax.numpy.complex128'> requested in zeros is not available, and will be truncated to dtype complex64. To enable more dtypes, set the jax_enable_x64 configuration option or the JAX_ENABLE_X64 shell environment variable. See https://github.com/google/jax#current-gotchas for more.
/root/workspace/byungkwan-workspace/research/rfx-fidelity-722/rfx/probes/probes.py:663: UserWarning: Explicitly requested dtype <class 'jax.numpy.complex128'> requested in zeros is not available, and will be truncated to dtype complex64. To enable more dtypes, set the jax_enable_x64 configuration option or the JAX_ENABLE_X64 shell environment variable. See https://github.com/google/jax#current-gotchas for more.
/root/workspace/byungkwan-workspace/research/rfx-fidelity-722/rfx/probes/probes.py:663: UserWarning: Explicitly requested dtype <class 'jax.numpy.complex128'> requested in zeros is not available, and will be truncated to dtype complex64. To enable more dtypes, set the jax_enable_x64 configuration option or the JAX_ENABLE_X64 shell environment variable. See https://github.com/google/jax#current-gotchas for more.
/root/workspace/byungkwan-workspace/research/rfx-fidelity-722/rfx/probes/probes.py:663: UserWarning: Explicitly requested dtype <class 'jax.numpy.complex128'> requested in zeros is not available, and will be truncated to dtype complex64. To enable more dtypes, set the jax_enable_x64 configuration option or the JAX_ENABLE_X64 shell environment variable. See https://github.com/google/jax#current-gotchas for more.
/root/workspace/byungkwan-workspace/research/rfx-fidelity-722/rfx/probes/probes.py:663: UserWarning: Explicitly requested dtype <class 'jax.numpy.complex128'> requested in zeros is not available, and will be truncated to dtype complex64. To enable more dtypes, set the jax_enable_x64 configuration option or the JAX_ENABLE_X64 shell environment variable. See https://github.com/google/jax#current-gotchas for more.
/root/workspace/byungkwan-workspace/research/rfx-fidelity-722/rfx/probes/probes.py:663: UserWarning: Explicitly requested dtype <class 'jax.numpy.complex128'> requested in zeros is not available, and will be truncated to dtype complex64. To enable more dtypes, set the jax_enable_x64 configuration option or the JAX_ENABLE_X64 shell environment variable. See https://github.com/google/jax#current-gotchas for more.
/opt/jax/jax/_src/numpy/array_methods.py:118: UserWarning: Explicitly requested dtype <class 'jax.numpy.float64'> requested in astype is not available, and will be truncated to dtype float32. To enable more dtypes, set the jax_enable_x64 configuration option or the JAX_ENABLE_X64 shell environment variable. See https://github.com/google/jax#current-gotchas for more.
/opt/jax/jax/_src/numpy/array_methods.py:118: UserWarning: Explicitly requested dtype <class 'jax.numpy.float64'> requested in astype is not available, and will be truncated to dtype float32. To enable more dtypes, set the jax_enable_x64 configuration option or the JAX_ENABLE_X64 shell environment variable. See https://github.com/google/jax#current-gotchas for more.
/opt/jax/jax/_src/numpy/lax_numpy.py:185: UserWarning: Explicitly requested dtype float64 requested in asarray is not available, and will be truncated to dtype float32. To enable more dtypes, set the jax_enable_x64 configuration option or the JAX_ENABLE_X64 shell environment variable. See https://github.com/google/jax#current-gotchas for more.
/opt/jax/jax/_src/numpy/array_methods.py:118: UserWarning: Explicitly requested dtype <class 'jax.numpy.float64'> requested in astype is not available, and will be truncated to dtype float32. To enable more dtypes, set the jax_enable_x64 configuration option or the JAX_ENABLE_X64 shell environment variable. See https://github.com/google/jax#current-gotchas for more.
/opt/jax/jax/_src/numpy/array_methods.py:118: UserWarning: Explicitly requested dtype <class 'jax.numpy.complex128'> requested in astype is not available, and will be truncated to dtype complex64. To enable more dtypes, set the jax_enable_x64 configuration option or the JAX_ENABLE_X64 shell environment variable. See https://github.com/google/jax#current-gotchas for more.
/opt/jax/jax/_src/numpy/array_methods.py:118: UserWarning: Explicitly requested dtype <class 'jax.numpy.complex128'> requested in astype is not available, and will be truncated to dtype complex64. To enable more dtypes, set the jax_enable_x64 configuration option or the JAX_ENABLE_X64 shell environment variable. See https://github.com/google/jax#current-gotchas for more.
/opt/jax/jax/_src/numpy/array_methods.py:118: UserWarning: Explicitly requested dtype <class 'jax.numpy.float64'> requested in astype is not available, and will be truncated to dtype float32. To enable more dtypes, set the jax_enable_x64 configuration option or the JAX_ENABLE_X64 shell environment variable. See https://github.com/google/jax#current-gotchas for more.
/opt/jax/jax/_src/numpy/array_methods.py:118: UserWarning: Explicitly requested dtype <class 'jax.numpy.float64'> requested in astype is not available, and will be truncated to dtype float32. To enable more dtypes, set the jax_enable_x64 configuration option or the JAX_ENABLE_X64 shell environment variable. See https://github.com/google/jax#current-gotchas for more.
/opt/jax/jax/_src/numpy/array_methods.py:118: UserWarning: Explicitly requested dtype <class 'jax.numpy.float64'> requested in astype is not available, and will be truncated to dtype float32. To enable more dtypes, set the jax_enable_x64 configuration option or the JAX_ENABLE_X64 shell environment variable. See https://github.com/google/jax#current-gotchas for more.
/opt/jax/jax/_src/numpy/array_methods.py:118: UserWarning: Explicitly requested dtype <class 'jax.numpy.float64'> requested in astype is not available, and will be truncated to dtype float32. To enable more dtypes, set the jax_enable_x64 configuration option or the JAX_ENABLE_X64 shell environment variable. See https://github.com/google/jax#current-gotchas for more.
/opt/jax/jax/_src/numpy/array_methods.py:118: UserWarning: Explicitly requested dtype <class 'jax.numpy.float64'> requested in astype is not available, and will be truncated to dtype float32. To enable more dtypes, set the jax_enable_x64 configuration option or the JAX_ENABLE_X64 shell environment variable. See https://github.com/google/jax#current-gotchas for more.
/opt/jax/jax/_src/numpy/array_methods.py:118: UserWarning: Explicitly requested dtype <class 'jax.numpy.float64'> requested in astype is not available, and will be truncated to dtype float32. To enable more dtypes, set the jax_enable_x64 configuration option or the JAX_ENABLE_X64 shell environment variable. See https://github.com/google/jax#current-gotchas for more.
/opt/jax/jax/_src/numpy/lax_numpy.py:185: UserWarning: Explicitly requested dtype float64 requested in asarray is not available, and will be truncated to dtype float32. To enable more dtypes, set the jax_enable_x64 configuration option or the JAX_ENABLE_X64 shell environment variable. See https://github.com/google/jax#current-gotchas for more.
/opt/jax/jax/_src/numpy/array_methods.py:118: UserWarning: Explicitly requested dtype <class 'jax.numpy.float64'> requested in astype is not available, and will be truncated to dtype float32. To enable more dtypes, set the jax_enable_x64 configuration option or the JAX_ENABLE_X64 shell environment variable. See https://github.com/google/jax#current-gotchas for more.
/opt/jax/jax/_src/numpy/array_methods.py:118: UserWarning: Explicitly requested dtype <class 'jax.numpy.complex128'> requested in astype is not available, and will be truncated to dtype complex64. To enable more dtypes, set the jax_enable_x64 configuration option or the JAX_ENABLE_X64 shell environment variable. See https://github.com/google/jax#current-gotchas for more.
/opt/jax/jax/_src/numpy/array_methods.py:118: UserWarning: Explicitly requested dtype <class 'jax.numpy.complex128'> requested in astype is not available, and will be truncated to dtype complex64. To enable more dtypes, set the jax_enable_x64 configuration option or the JAX_ENABLE_X64 shell environment variable. See https://github.com/google/jax#current-gotchas for more.
/opt/jax/jax/_src/numpy/array_methods.py:118: UserWarning: Explicitly requested dtype <class 'jax.numpy.float64'> requested in astype is not available, and will be truncated to dtype float32. To enable more dtypes, set the jax_enable_x64 configuration option or the JAX_ENABLE_X64 shell environment variable. See https://github.com/google/jax#current-gotchas for more.
/opt/jax/jax/_src/numpy/array_methods.py:118: UserWarning: Explicitly requested dtype <class 'jax.numpy.float64'> requested in astype is not available, and will be truncated to dtype float32. To enable more dtypes, set the jax_enable_x64 configuration option or the JAX_ENABLE_X64 shell environment variable. See https://github.com/google/jax#current-gotchas for more.
/opt/jax/jax/_src/numpy/array_methods.py:118: UserWarning: Explicitly requested dtype <class 'jax.numpy.float64'> requested in astype is not available, and will be truncated to dtype float32. To enable more dtypes, set the jax_enable_x64 configuration option or the JAX_ENABLE_X64 shell environment variable. See https://github.com/google/jax#current-gotchas for more.
/opt/jax/jax/_src/numpy/array_methods.py:118: UserWarning: Explicitly requested dtype <class 'jax.numpy.float64'> requested in astype is not available, and will be truncated to dtype float32. To enable more dtypes, set the jax_enable_x64 configuration option or the JAX_ENABLE_X64 shell environment variable. See https://github.com/google/jax#current-gotchas for more.
/opt/jax/jax/_src/numpy/array_methods.py:118: UserWarning: Explicitly requested dtype <class 'jax.numpy.float64'> requested in astype is not available, and will be truncated to dtype float32. To enable more dtypes, set the jax_enable_x64 configuration option or the JAX_ENABLE_X64 shell environment variable. See https://github.com/google/jax#current-gotchas for more.
/opt/jax/jax/_src/numpy/array_methods.py:118: UserWarning: Explicitly requested dtype <class 'jax.numpy.float64'> requested in astype is not available, and will be truncated to dtype float32. To enable more dtypes, set the jax_enable_x64 configuration option or the JAX_ENABLE_X64 shell environment variable. See https://github.com/google/jax#current-gotchas for more.
/opt/jax/jax/_src/numpy/lax_numpy.py:185: UserWarning: Explicitly requested dtype float64 requested in asarray is not available, and will be truncated to dtype float32. To enable more dtypes, set the jax_enable_x64 configuration option or the JAX_ENABLE_X64 shell environment variable. See https://github.com/google/jax#current-gotchas for more.
/opt/jax/jax/_src/numpy/array_methods.py:118: UserWarning: Explicitly requested dtype <class 'jax.numpy.float64'> requested in astype is not available, and will be truncated to dtype float32. To enable more dtypes, set the jax_enable_x64 configuration option or the JAX_ENABLE_X64 shell environment variable. See https://github.com/google/jax#current-gotchas for more.
/opt/jax/jax/_src/numpy/array_methods.py:118: UserWarning: Explicitly requested dtype <class 'jax.numpy.complex128'> requested in astype is not available, and will be truncated to dtype complex64. To enable more dtypes, set the jax_enable_x64 configuration option or the JAX_ENABLE_X64 shell environment variable. See https://github.com/google/jax#current-gotchas for more.
/opt/jax/jax/_src/numpy/array_methods.py:118: UserWarning: Explicitly requested dtype <class 'jax.numpy.complex128'> requested in astype is not available, and will be truncated to dtype complex64. To enable more dtypes, set the jax_enable_x64 configuration option or the JAX_ENABLE_X64 shell environment variable. See https://github.com/google/jax#current-gotchas for more.
/opt/jax/jax/_src/numpy/array_methods.py:118: UserWarning: Explicitly requested dtype <class 'jax.numpy.float64'> requested in astype is not available, and will be truncated to dtype float32. To enable more dtypes, set the jax_enable_x64 configuration option or the JAX_ENABLE_X64 shell environment variable. See https://github.com/google/jax#current-gotchas for more.
/opt/jax/jax/_src/numpy/array_methods.py:118: UserWarning: Explicitly requested dtype <class 'jax.numpy.float64'> requested in astype is not available, and will be truncated to dtype float32. To enable more dtypes, set the jax_enable_x64 configuration option or the JAX_ENABLE_X64 shell environment variable. See https://github.com/google/jax#current-gotchas for more.
/opt/jax/jax/_src/numpy/array_methods.py:118: UserWarning: Explicitly requested dtype <class 'jax.numpy.float64'> requested in astype is not available, and will be truncated to dtype float32. To enable more dtypes, set the jax_enable_x64 configuration option or the JAX_ENABLE_X64 shell environment variable. See https://github.com/google/jax#current-gotchas for more.
/opt/jax/jax/_src/numpy/array_methods.py:118: UserWarning: Explicitly requested dtype <class 'jax.numpy.float64'> requested in astype is not available, and will be truncated to dtype float32. To enable more dtypes, set the jax_enable_x64 configuration option or the JAX_ENABLE_X64 shell environment variable. See https://github.com/google/jax#current-gotchas for more.
/opt/jax/jax/_src/numpy/array_methods.py:118: UserWarning: Explicitly requested dtype <class 'jax.numpy.float64'> requested in astype is not available, and will be truncated to dtype float32. To enable more dtypes, set the jax_enable_x64 configuration option or the JAX_ENABLE_X64 shell environment variable. See https://github.com/google/jax#current-gotchas for more.
/opt/jax/jax/_src/numpy/array_methods.py:118: UserWarning: Explicitly requested dtype <class 'jax.numpy.float64'> requested in astype is not available, and will be truncated to dtype float32. To enable more dtypes, set the jax_enable_x64 configuration option or the JAX_ENABLE_X64 shell environment variable. See https://github.com/google/jax#current-gotchas for more.
/opt/jax/jax/_src/numpy/lax_numpy.py:185: UserWarning: Explicitly requested dtype float64 requested in asarray is not available, and will be truncated to dtype float32. To enable more dtypes, set the jax_enable_x64 configuration option or the JAX_ENABLE_X64 shell environment variable. See https://github.com/google/jax#current-gotchas for more.
/opt/jax/jax/_src/numpy/array_methods.py:118: UserWarning: Explicitly requested dtype <class 'jax.numpy.float64'> requested in astype is not available, and will be truncated to dtype float32. To enable more dtypes, set the jax_enable_x64 configuration option or the JAX_ENABLE_X64 shell environment variable. See https://github.com/google/jax#current-gotchas for more.
/opt/jax/jax/_src/numpy/array_methods.py:118: UserWarning: Explicitly requested dtype <class 'jax.numpy.complex128'> requested in astype is not available, and will be truncated to dtype complex64. To enable more dtypes, set the jax_enable_x64 configuration option or the JAX_ENABLE_X64 shell environment variable. See https://github.com/google/jax#current-gotchas for more.
/opt/jax/jax/_src/numpy/array_methods.py:118: UserWarning: Explicitly requested dtype <class 'jax.numpy.complex128'> requested in astype is not available, and will be truncated to dtype complex64. To enable more dtypes, set the jax_enable_x64 configuration option or the JAX_ENABLE_X64 shell environment variable. See https://github.com/google/jax#current-gotchas for more.
/opt/jax/jax/_src/numpy/array_methods.py:118: UserWarning: Explicitly requested dtype <class 'jax.numpy.float64'> requested in astype is not available, and will be truncated to dtype float32. To enable more dtypes, set the jax_enable_x64 configuration option or the JAX_ENABLE_X64 shell environment variable. See https://github.com/google/jax#current-gotchas for more.
/opt/jax/jax/_src/numpy/array_methods.py:118: UserWarning: Explicitly requested dtype <class 'jax.numpy.float64'> requested in astype is not available, and will be truncated to dtype float32. To enable more dtypes, set the jax_enable_x64 configuration option or the JAX_ENABLE_X64 shell environment variable. See https://github.com/google/jax#current-gotchas for more.
/opt/jax/jax/_src/numpy/array_methods.py:118: UserWarning: Explicitly requested dtype <class 'jax.numpy.float64'> requested in astype is not available, and will be truncated to dtype float32. To enable more dtypes, set the jax_enable_x64 configuration option or the JAX_ENABLE_X64 shell environment variable. See https://github.com/google/jax#current-gotchas for more.
/opt/jax/jax/_src/numpy/array_methods.py:118: UserWarning: Explicitly requested dtype <class 'jax.numpy.float64'> requested in astype is not available, and will be truncated to dtype float32. To enable more dtypes, set the jax_enable_x64 configuration option or the JAX_ENABLE_X64 shell environment variable. See https://github.com/google/jax#current-gotchas for more.
/opt/jax/jax/_src/numpy/array_methods.py:118: UserWarning: Explicitly requested dtype <class 'jax.numpy.float64'> requested in astype is not available, and will be truncated to dtype float32. To enable more dtypes, set the jax_enable_x64 configuration option or the JAX_ENABLE_X64 shell environment variable. See https://github.com/google/jax#current-gotchas for more.
/opt/jax/jax/_src/numpy/array_methods.py:118: UserWarning: Explicitly requested dtype <class 'jax.numpy.float64'> requested in astype is not available, and will be truncated to dtype float32. To enable more dtypes, set the jax_enable_x64 configuration option or the JAX_ENABLE_X64 shell environment variable. See https://github.com/google/jax#current-gotchas for more.
/opt/jax/jax/_src/numpy/lax_numpy.py:185: UserWarning: Explicitly requested dtype float64 requested in asarray is not available, and will be truncated to dtype float32. To enable more dtypes, set the jax_enable_x64 configuration option or the JAX_ENABLE_X64 shell environment variable. See https://github.com/google/jax#current-gotchas for more.
/opt/jax/jax/_src/numpy/array_methods.py:118: UserWarning: Explicitly requested dtype <class 'jax.numpy.float64'> requested in astype is not available, and will be truncated to dtype float32. To enable more dtypes, set the jax_enable_x64 configuration option or the JAX_ENABLE_X64 shell environment variable. See https://github.com/google/jax#current-gotchas for more.
/opt/jax/jax/_src/numpy/array_methods.py:118: UserWarning: Explicitly requested dtype <class 'jax.numpy.complex128'> requested in astype is not available, and will be truncated to dtype complex64. To enable more dtypes, set the jax_enable_x64 configuration option or the JAX_ENABLE_X64 shell environment variable. See https://github.com/google/jax#current-gotchas for more.
/opt/jax/jax/_src/numpy/array_methods.py:118: UserWarning: Explicitly requested dtype <class 'jax.numpy.complex128'> requested in astype is not available, and will be truncated to dtype complex64. To enable more dtypes, set the jax_enable_x64 configuration option or the JAX_ENABLE_X64 shell environment variable. See https://github.com/google/jax#current-gotchas for more.
/opt/jax/jax/_src/numpy/array_methods.py:118: UserWarning: Explicitly requested dtype <class 'jax.numpy.float64'> requested in astype is not available, and will be truncated to dtype float32. To enable more dtypes, set the jax_enable_x64 configuration option or the JAX_ENABLE_X64 shell environment variable. See https://github.com/google/jax#current-gotchas for more.
/opt/jax/jax/_src/numpy/array_methods.py:118: UserWarning: Explicitly requested dtype <class 'jax.numpy.float64'> requested in astype is not available, and will be truncated to dtype float32. To enable more dtypes, set the jax_enable_x64 configuration option or the JAX_ENABLE_X64 shell environment variable. See https://github.com/google/jax#current-gotchas for more.
/opt/jax/jax/_src/numpy/array_methods.py:118: UserWarning: Explicitly requested dtype <class 'jax.numpy.float64'> requested in astype is not available, and will be truncated to dtype float32. To enable more dtypes, set the jax_enable_x64 configuration option or the JAX_ENABLE_X64 shell environment variable. See https://github.com/google/jax#current-gotchas for more.
/opt/jax/jax/_src/numpy/array_methods.py:118: UserWarning: Explicitly requested dtype <class 'jax.numpy.float64'> requested in astype is not available, and will be truncated to dtype float32. To enable more dtypes, set the jax_enable_x64 configuration option or the JAX_ENABLE_X64 shell environment variable. See https://github.com/google/jax#current-gotchas for more.
/opt/jax/jax/_src/numpy/array_methods.py:118: UserWarning: Explicitly requested dtype <class 'jax.numpy.float64'> requested in astype is not available, and will be truncated to dtype float32. To enable more dtypes, set the jax_enable_x64 configuration option or the JAX_ENABLE_X64 shell environment variable. See https://github.com/google/jax#current-gotchas for more.
/opt/jax/jax/_src/numpy/array_methods.py:118: UserWarning: Explicitly requested dtype <class 'jax.numpy.float64'> requested in astype is not available, and will be truncated to dtype float32. To enable more dtypes, set the jax_enable_x64 configuration option or the JAX_ENABLE_X64 shell environment variable. See https://github.com/google/jax#current-gotchas for more.
/opt/jax/jax/_src/numpy/lax_numpy.py:185: UserWarning: Explicitly requested dtype float64 requested in asarray is not available, and will be truncated to dtype float32. To enable more dtypes, set the jax_enable_x64 configuration option or the JAX_ENABLE_X64 shell environment variable. See https://github.com/google/jax#current-gotchas for more.
/opt/jax/jax/_src/numpy/array_methods.py:118: UserWarning: Explicitly requested dtype <class 'jax.numpy.float64'> requested in astype is not available, and will be truncated to dtype float32. To enable more dtypes, set the jax_enable_x64 configuration option or the JAX_ENABLE_X64 shell environment variable. See https://github.com/google/jax#current-gotchas for more.
/opt/jax/jax/_src/numpy/array_methods.py:118: UserWarning: Explicitly requested dtype <class 'jax.numpy.complex128'> requested in astype is not available, and will be truncated to dtype complex64. To enable more dtypes, set the jax_enable_x64 configuration option or the JAX_ENABLE_X64 shell environment variable. See https://github.com/google/jax#current-gotchas for more.
/opt/jax/jax/_src/numpy/array_methods.py:118: UserWarning: Explicitly requested dtype <class 'jax.numpy.complex128'> requested in astype is not available, and will be truncated to dtype complex64. To enable more dtypes, set the jax_enable_x64 configuration option or the JAX_ENABLE_X64 shell environment variable. See https://github.com/google/jax#current-gotchas for more.
/opt/jax/jax/_src/numpy/array_methods.py:118: UserWarning: Explicitly requested dtype <class 'jax.numpy.float64'> requested in astype is not available, and will be truncated to dtype float32. To enable more dtypes, set the jax_enable_x64 configuration option or the JAX_ENABLE_X64 shell environment variable. See https://github.com/google/jax#current-gotchas for more.
/opt/jax/jax/_src/numpy/array_methods.py:118: UserWarning: Explicitly requested dtype <class 'jax.numpy.float64'> requested in astype is not available, and will be truncated to dtype float32. To enable more dtypes, set the jax_enable_x64 configuration option or the JAX_ENABLE_X64 shell environment variable. See https://github.com/google/jax#current-gotchas for more.
/opt/jax/jax/_src/numpy/array_methods.py:118: UserWarning: Explicitly requested dtype <class 'jax.numpy.float64'> requested in astype is not available, and will be truncated to dtype float32. To enable more dtypes, set the jax_enable_x64 configuration option or the JAX_ENABLE_X64 shell environment variable. See https://github.com/google/jax#current-gotchas for more.
/opt/jax/jax/_src/numpy/array_methods.py:118: UserWarning: Explicitly requested dtype <class 'jax.numpy.float64'> requested in astype is not available, and will be truncated to dtype float32. To enable more dtypes, set the jax_enable_x64 configuration option or the JAX_ENABLE_X64 shell environment variable. See https://github.com/google/jax#current-gotchas for more.
/opt/jax/jax/_src/numpy/array_methods.py:118: UserWarning: Explicitly requested dtype <class 'jax.numpy.float64'> requested in astype is not available, and will be truncated to dtype float32. To enable more dtypes, set the jax_enable_x64 configuration option or the JAX_ENABLE_X64 shell environment variable. See https://github.com/google/jax#current-gotchas for more.
/opt/jax/jax/_src/numpy/array_methods.py:118: UserWarning: Explicitly requested dtype <class 'jax.numpy.float64'> requested in astype is not available, and will be truncated to dtype float32. To enable more dtypes, set the jax_enable_x64 configuration option or the JAX_ENABLE_X64 shell environment variable. See https://github.com/google/jax#current-gotchas for more.
/opt/jax/jax/_src/numpy/lax_numpy.py:185: UserWarning: Explicitly requested dtype float64 requested in asarray is not available, and will be truncated to dtype float32. To enable more dtypes, set the jax_enable_x64 configuration option or the JAX_ENABLE_X64 shell environment variable. See https://github.com/google/jax#current-gotchas for more.
/opt/jax/jax/_src/numpy/array_methods.py:118: UserWarning: Explicitly requested dtype <class 'jax.numpy.float64'> requested in astype is not available, and will be truncated to dtype float32. To enable more dtypes, set the jax_enable_x64 configuration option or the JAX_ENABLE_X64 shell environment variable. See https://github.com/google/jax#current-gotchas for more.
/opt/jax/jax/_src/numpy/array_methods.py:118: UserWarning: Explicitly requested dtype <class 'jax.numpy.complex128'> requested in astype is not available, and will be truncated to dtype complex64. To enable more dtypes, set the jax_enable_x64 configuration option or the JAX_ENABLE_X64 shell environment variable. See https://github.com/google/jax#current-gotchas for more.
/opt/jax/jax/_src/numpy/array_methods.py:118: UserWarning: Explicitly requested dtype <class 'jax.numpy.complex128'> requested in astype is not available, and will be truncated to dtype complex64. To enable more dtypes, set the jax_enable_x64 configuration option or the JAX_ENABLE_X64 shell environment variable. See https://github.com/google/jax#current-gotchas for more.
/opt/jax/jax/_src/numpy/array_methods.py:118: UserWarning: Explicitly requested dtype <class 'jax.numpy.float64'> requested in astype is not available, and will be truncated to dtype float32. To enable more dtypes, set the jax_enable_x64 configuration option or the JAX_ENABLE_X64 shell environment variable. See https://github.com/google/jax#current-gotchas for more.
/opt/jax/jax/_src/numpy/array_methods.py:118: UserWarning: Explicitly requested dtype <class 'jax.numpy.float64'> requested in astype is not available, and will be truncated to dtype float32. To enable more dtypes, set the jax_enable_x64 configuration option or the JAX_ENABLE_X64 shell environment variable. See https://github.com/google/jax#current-gotchas for more.
/opt/jax/jax/_src/numpy/array_methods.py:118: UserWarning: Explicitly requested dtype <class 'jax.numpy.float64'> requested in astype is not available, and will be truncated to dtype float32. To enable more dtypes, set the jax_enable_x64 configuration option or the JAX_ENABLE_X64 shell environment variable. See https://github.com/google/jax#current-gotchas for more.
/opt/jax/jax/_src/numpy/array_methods.py:118: UserWarning: Explicitly requested dtype <class 'jax.numpy.float64'> requested in astype is not available, and will be truncated to dtype float32. To enable more dtypes, set the jax_enable_x64 configuration option or the JAX_ENABLE_X64 shell environment variable. See https://github.com/google/jax#current-gotchas for more.
/root/workspace/byungkwan-workspace/research/rfx-fidelity-722/rfx/probes/probes.py:663: UserWarning: Explicitly requested dtype <class 'jax.numpy.complex128'> requested in zeros is not available, and will be truncated to dtype complex64. To enable more dtypes, set the jax_enable_x64 configuration option or the JAX_ENABLE_X64 shell environment variable. See https://github.com/google/jax#current-gotchas for more.
/root/workspace/byungkwan-workspace/research/rfx-fidelity-722/rfx/probes/probes.py:663: UserWarning: Explicitly requested dtype <class 'jax.numpy.complex128'> requested in zeros is not available, and will be truncated to dtype complex64. To enable more dtypes, set the jax_enable_x64 configuration option or the JAX_ENABLE_X64 shell environment variable. See https://github.com/google/jax#current-gotchas for more.
/root/workspace/byungkwan-workspace/research/rfx-fidelity-722/rfx/probes/probes.py:663: UserWarning: Explicitly requested dtype <class 'jax.numpy.complex128'> requested in zeros is not available, and will be truncated to dtype complex64. To enable more dtypes, set the jax_enable_x64 configuration option or the JAX_ENABLE_X64 shell environment variable. See https://github.com/google/jax#current-gotchas for more.
/root/workspace/byungkwan-workspace/research/rfx-fidelity-722/rfx/probes/probes.py:663: UserWarning: Explicitly requested dtype <class 'jax.numpy.complex128'> requested in zeros is not available, and will be truncated to dtype complex64. To enable more dtypes, set the jax_enable_x64 configuration option or the JAX_ENABLE_X64 shell environment variable. See https://github.com/google/jax#current-gotchas for more.
/root/workspace/byungkwan-workspace/research/rfx-fidelity-722/rfx/probes/probes.py:663: UserWarning: Explicitly requested dtype <class 'jax.numpy.complex128'> requested in zeros is not available, and will be truncated to dtype complex64. To enable more dtypes, set the jax_enable_x64 configuration option or the JAX_ENABLE_X64 shell environment variable. See https://github.com/google/jax#current-gotchas for more.
/root/workspace/byungkwan-workspace/research/rfx-fidelity-722/rfx/probes/probes.py:663: UserWarning: Explicitly requested dtype <class 'jax.numpy.complex128'> requested in zeros is not available, and will be truncated to dtype complex64. To enable more dtypes, set the jax_enable_x64 configuration option or the JAX_ENABLE_X64 shell environment variable. See https://github.com/google/jax#current-gotchas for more.
/root/workspace/byungkwan-workspace/research/rfx-fidelity-722/rfx/probes/probes.py:663: UserWarning: Explicitly requested dtype <class 'jax.numpy.complex128'> requested in zeros is not available, and will be truncated to dtype complex64. To enable more dtypes, set the jax_enable_x64 configuration option or the JAX_ENABLE_X64 shell environment variable. See https://github.com/google/jax#current-gotchas for more.
/opt/jax/jax/_src/numpy/array_methods.py:118: UserWarning: Explicitly requested dtype <class 'jax.numpy.float64'> requested in astype is not available, and will be truncated to dtype float32. To enable more dtypes, set the jax_enable_x64 configuration option or the JAX_ENABLE_X64 shell environment variable. See https://github.com/google/jax#current-gotchas for more.
/opt/jax/jax/_src/numpy/array_methods.py:118: UserWarning: Explicitly requested dtype <class 'jax.numpy.float64'> requested in astype is not available, and will be truncated to dtype float32. To enable more dtypes, set the jax_enable_x64 configuration option or the JAX_ENABLE_X64 shell environment variable. See https://github.com/google/jax#current-gotchas for more.
/opt/jax/jax/_src/numpy/lax_numpy.py:185: UserWarning: Explicitly requested dtype float64 requested in asarray is not available, and will be truncated to dtype float32. To enable more dtypes, set the jax_enable_x64 configuration option or the JAX_ENABLE_X64 shell environment variable. See https://github.com/google/jax#current-gotchas for more.
/opt/jax/jax/_src/numpy/array_methods.py:118: UserWarning: Explicitly requested dtype <class 'jax.numpy.float64'> requested in astype is not available, and will be truncated to dtype float32. To enable more dtypes, set the jax_enable_x64 configuration option or the JAX_ENABLE_X64 shell environment variable. See https://github.com/google/jax#current-gotchas for more.
/opt/jax/jax/_src/numpy/array_methods.py:118: UserWarning: Explicitly requested dtype <class 'jax.numpy.complex128'> requested in astype is not available, and will be truncated to dtype complex64. To enable more dtypes, set the jax_enable_x64 configuration option or the JAX_ENABLE_X64 shell environment variable. See https://github.com/google/jax#current-gotchas for more.
/opt/jax/jax/_src/numpy/array_methods.py:118: UserWarning: Explicitly requested dtype <class 'jax.numpy.complex128'> requested in astype is not available, and will be truncated to dtype complex64. To enable more dtypes, set the jax_enable_x64 configuration option or the JAX_ENABLE_X64 shell environment variable. See https://github.com/google/jax#current-gotchas for more.
/opt/jax/jax/_src/numpy/array_methods.py:118: UserWarning: Explicitly requested dtype <class 'jax.numpy.float64'> requested in astype is not available, and will be truncated to dtype float32. To enable more dtypes, set the jax_enable_x64 configuration option or the JAX_ENABLE_X64 shell environment variable. See https://github.com/google/jax#current-gotchas for more.
/opt/jax/jax/_src/numpy/array_methods.py:118: UserWarning: Explicitly requested dtype <class 'jax.numpy.float64'> requested in astype is not available, and will be truncated to dtype float32. To enable more dtypes, set the jax_enable_x64 configuration option or the JAX_ENABLE_X64 shell environment variable. See https://github.com/google/jax#current-gotchas for more.
/opt/jax/jax/_src/numpy/array_methods.py:118: UserWarning: Explicitly requested dtype <class 'jax.numpy.float64'> requested in astype is not available, and will be truncated to dtype float32. To enable more dtypes, set the jax_enable_x64 configuration option or the JAX_ENABLE_X64 shell environment variable. See https://github.com/google/jax#current-gotchas for more.
/opt/jax/jax/_src/numpy/array_methods.py:118: UserWarning: Explicitly requested dtype <class 'jax.numpy.float64'> requested in astype is not available, and will be truncated to dtype float32. To enable more dtypes, set the jax_enable_x64 configuration option or the JAX_ENABLE_X64 shell environment variable. See https://github.com/google/jax#current-gotchas for more.
/opt/jax/jax/_src/numpy/array_methods.py:118: UserWarning: Explicitly requested dtype <class 'jax.numpy.float64'> requested in astype is not available, and will be truncated to dtype float32. To enable more dtypes, set the jax_enable_x64 configuration option or the JAX_ENABLE_X64 shell environment variable. See https://github.com/google/jax#current-gotchas for more.
/opt/jax/jax/_src/numpy/array_methods.py:118: UserWarning: Explicitly requested dtype <class 'jax.numpy.float64'> requested in astype is not available, and will be truncated to dtype float32. To enable more dtypes, set the jax_enable_x64 configuration option or the JAX_ENABLE_X64 shell environment variable. See https://github.com/google/jax#current-gotchas for more.
/opt/jax/jax/_src/numpy/lax_numpy.py:185: UserWarning: Explicitly requested dtype float64 requested in asarray is not available, and will be truncated to dtype float32. To enable more dtypes, set the jax_enable_x64 configuration option or the JAX_ENABLE_X64 shell environment variable. See https://github.com/google/jax#current-gotchas for more.
/opt/jax/jax/_src/numpy/array_methods.py:118: UserWarning: Explicitly requested dtype <class 'jax.numpy.float64'> requested in astype is not available, and will be truncated to dtype float32. To enable more dtypes, set the jax_enable_x64 configuration option or the JAX_ENABLE_X64 shell environment variable. See https://github.com/google/jax#current-gotchas for more.
/opt/jax/jax/_src/numpy/array_methods.py:118: UserWarning: Explicitly requested dtype <class 'jax.numpy.complex128'> requested in astype is not available, and will be truncated to dtype complex64. To enable more dtypes, set the jax_enable_x64 configuration option or the JAX_ENABLE_X64 shell environment variable. See https://github.com/google/jax#current-gotchas for more.
/opt/jax/jax/_src/numpy/array_methods.py:118: UserWarning: Explicitly requested dtype <class 'jax.numpy.complex128'> requested in astype is not available, and will be truncated to dtype complex64. To enable more dtypes, set the jax_enable_x64 configuration option or the JAX_ENABLE_X64 shell environment variable. See https://github.com/google/jax#current-gotchas for more.
/opt/jax/jax/_src/numpy/array_methods.py:118: UserWarning: Explicitly requested dtype <class 'jax.numpy.float64'> requested in astype is not available, and will be truncated to dtype float32. To enable more dtypes, set the jax_enable_x64 configuration option or the JAX_ENABLE_X64 shell environment variable. See https://github.com/google/jax#current-gotchas for more.
/opt/jax/jax/_src/numpy/array_methods.py:118: UserWarning: Explicitly requested dtype <class 'jax.numpy.float64'> requested in astype is not available, and will be truncated to dtype float32. To enable more dtypes, set the jax_enable_x64 configuration option or the JAX_ENABLE_X64 shell environment variable. See https://github.com/google/jax#current-gotchas for more.
/opt/jax/jax/_src/numpy/array_methods.py:118: UserWarning: Explicitly requested dtype <class 'jax.numpy.float64'> requested in astype is not available, and will be truncated to dtype float32. To enable more dtypes, set the jax_enable_x64 configuration option or the JAX_ENABLE_X64 shell environment variable. See https://github.com/google/jax#current-gotchas for more.
/opt/jax/jax/_src/numpy/array_methods.py:118: UserWarning: Explicitly requested dtype <class 'jax.numpy.float64'> requested in astype is not available, and will be truncated to dtype float32. To enable more dtypes, set the jax_enable_x64 configuration option or the JAX_ENABLE_X64 shell environment variable. See https://github.com/google/jax#current-gotchas for more.
/opt/jax/jax/_src/numpy/array_methods.py:118: UserWarning: Explicitly requested dtype <class 'jax.numpy.float64'> requested in astype is not available, and will be truncated to dtype float32. To enable more dtypes, set the jax_enable_x64 configuration option or the JAX_ENABLE_X64 shell environment variable. See https://github.com/google/jax#current-gotchas for more.
/opt/jax/jax/_src/numpy/array_methods.py:118: UserWarning: Explicitly requested dtype <class 'jax.numpy.float64'> requested in astype is not available, and will be truncated to dtype float32. To enable more dtypes, set the jax_enable_x64 configuration option or the JAX_ENABLE_X64 shell environment variable. See https://github.com/google/jax#current-gotchas for more.
/opt/jax/jax/_src/numpy/lax_numpy.py:185: UserWarning: Explicitly requested dtype float64 requested in asarray is not available, and will be truncated to dtype float32. To enable more dtypes, set the jax_enable_x64 configuration option or the JAX_ENABLE_X64 shell environment variable. See https://github.com/google/jax#current-gotchas for more.
/opt/jax/jax/_src/numpy/array_methods.py:118: UserWarning: Explicitly requested dtype <class 'jax.numpy.float64'> requested in astype is not available, and will be truncated to dtype float32. To enable more dtypes, set the jax_enable_x64 configuration option or the JAX_ENABLE_X64 shell environment variable. See https://github.com/google/jax#current-gotchas for more.
/opt/jax/jax/_src/numpy/array_methods.py:118: UserWarning: Explicitly requested dtype <class 'jax.numpy.complex128'> requested in astype is not available, and will be truncated to dtype complex64. To enable more dtypes, set the jax_enable_x64 configuration option or the JAX_ENABLE_X64 shell environment variable. See https://github.com/google/jax#current-gotchas for more.
/opt/jax/jax/_src/numpy/array_methods.py:118: UserWarning: Explicitly requested dtype <class 'jax.numpy.complex128'> requested in astype is not available, and will be truncated to dtype complex64. To enable more dtypes, set the jax_enable_x64 configuration option or the JAX_ENABLE_X64 shell environment variable. See https://github.com/google/jax#current-gotchas for more.
/opt/jax/jax/_src/numpy/array_methods.py:118: UserWarning: Explicitly requested dtype <class 'jax.numpy.float64'> requested in astype is not available, and will be truncated to dtype float32. To enable more dtypes, set the jax_enable_x64 configuration option or the JAX_ENABLE_X64 shell environment variable. See https://github.com/google/jax#current-gotchas for more.
/opt/jax/jax/_src/numpy/array_methods.py:118: UserWarning: Explicitly requested dtype <class 'jax.numpy.float64'> requested in astype is not available, and will be truncated to dtype float32. To enable more dtypes, set the jax_enable_x64 configuration option or the JAX_ENABLE_X64 shell environment variable. See https://github.com/google/jax#current-gotchas for more.
/opt/jax/jax/_src/numpy/array_methods.py:118: UserWarning: Explicitly requested dtype <class 'jax.numpy.float64'> requested in astype is not available, and will be truncated to dtype float32. To enable more dtypes, set the jax_enable_x64 configuration option or the JAX_ENABLE_X64 shell environment variable. See https://github.com/google/jax#current-gotchas for more.
/opt/jax/jax/_src/numpy/array_methods.py:118: UserWarning: Explicitly requested dtype <class 'jax.numpy.float64'> requested in astype is not available, and will be truncated to dtype float32. To enable more dtypes, set the jax_enable_x64 configuration option or the JAX_ENABLE_X64 shell environment variable. See https://github.com/google/jax#current-gotchas for more.
/opt/jax/jax/_src/numpy/array_methods.py:118: UserWarning: Explicitly requested dtype <class 'jax.numpy.float64'> requested in astype is not available, and will be truncated to dtype float32. To enable more dtypes, set the jax_enable_x64 configuration option or the JAX_ENABLE_X64 shell environment variable. See https://github.com/google/jax#current-gotchas for more.
/opt/jax/jax/_src/numpy/array_methods.py:118: UserWarning: Explicitly requested dtype <class 'jax.numpy.float64'> requested in astype is not available, and will be truncated to dtype float32. To enable more dtypes, set the jax_enable_x64 configuration option or the JAX_ENABLE_X64 shell environment variable. See https://github.com/google/jax#current-gotchas for more.
/opt/jax/jax/_src/numpy/lax_numpy.py:185: UserWarning: Explicitly requested dtype float64 requested in asarray is not available, and will be truncated to dtype float32. To enable more dtypes, set the jax_enable_x64 configuration option or the JAX_ENABLE_X64 shell environment variable. See https://github.com/google/jax#current-gotchas for more.
/opt/jax/jax/_src/numpy/array_methods.py:118: UserWarning: Explicitly requested dtype <class 'jax.numpy.float64'> requested in astype is not available, and will be truncated to dtype float32. To enable more dtypes, set the jax_enable_x64 configuration option or the JAX_ENABLE_X64 shell environment variable. See https://github.com/google/jax#current-gotchas for more.
/opt/jax/jax/_src/numpy/array_methods.py:118: UserWarning: Explicitly requested dtype <class 'jax.numpy.complex128'> requested in astype is not available, and will be truncated to dtype complex64. To enable more dtypes, set the jax_enable_x64 configuration option or the JAX_ENABLE_X64 shell environment variable. See https://github.com/google/jax#current-gotchas for more.
/opt/jax/jax/_src/numpy/array_methods.py:118: UserWarning: Explicitly requested dtype <class 'jax.numpy.complex128'> requested in astype is not available, and will be truncated to dtype complex64. To enable more dtypes, set the jax_enable_x64 configuration option or the JAX_ENABLE_X64 shell environment variable. See https://github.com/google/jax#current-gotchas for more.
/opt/jax/jax/_src/numpy/array_methods.py:118: UserWarning: Explicitly requested dtype <class 'jax.numpy.float64'> requested in astype is not available, and will be truncated to dtype float32. To enable more dtypes, set the jax_enable_x64 configuration option or the JAX_ENABLE_X64 shell environment variable. See https://github.com/google/jax#current-gotchas for more.
/opt/jax/jax/_src/numpy/array_methods.py:118: UserWarning: Explicitly requested dtype <class 'jax.numpy.float64'> requested in astype is not available, and will be truncated to dtype float32. To enable more dtypes, set the jax_enable_x64 configuration option or the JAX_ENABLE_X64 shell environment variable. See https://github.com/google/jax#current-gotchas for more.
/opt/jax/jax/_src/numpy/array_methods.py:118: UserWarning: Explicitly requested dtype <class 'jax.numpy.float64'> requested in astype is not available, and will be truncated to dtype float32. To enable more dtypes, set the jax_enable_x64 configuration option or the JAX_ENABLE_X64 shell environment variable. See https://github.com/google/jax#current-gotchas for more.
/opt/jax/jax/_src/numpy/array_methods.py:118: UserWarning: Explicitly requested dtype <class 'jax.numpy.float64'> requested in astype is not available, and will be truncated to dtype float32. To enable more dtypes, set the jax_enable_x64 configuration option or the JAX_ENABLE_X64 shell environment variable. See https://github.com/google/jax#current-gotchas for more.
/opt/jax/jax/_src/numpy/array_methods.py:118: UserWarning: Explicitly requested dtype <class 'jax.numpy.float64'> requested in astype is not available, and will be truncated to dtype float32. To enable more dtypes, set the jax_enable_x64 configuration option or the JAX_ENABLE_X64 shell environment variable. See https://github.com/google/jax#current-gotchas for more.
/opt/jax/jax/_src/numpy/array_methods.py:118: UserWarning: Explicitly requested dtype <class 'jax.numpy.float64'> requested in astype is not available, and will be truncated to dtype float32. To enable more dtypes, set the jax_enable_x64 configuration option or the JAX_ENABLE_X64 shell environment variable. See https://github.com/google/jax#current-gotchas for more.
/opt/jax/jax/_src/numpy/lax_numpy.py:185: UserWarning: Explicitly requested dtype float64 requested in asarray is not available, and will be truncated to dtype float32. To enable more dtypes, set the jax_enable_x64 configuration option or the JAX_ENABLE_X64 shell environment variable. See https://github.com/google/jax#current-gotchas for more.
/opt/jax/jax/_src/numpy/array_methods.py:118: UserWarning: Explicitly requested dtype <class 'jax.numpy.float64'> requested in astype is not available, and will be truncated to dtype float32. To enable more dtypes, set the jax_enable_x64 configuration option or the JAX_ENABLE_X64 shell environment variable. See https://github.com/google/jax#current-gotchas for more.
/opt/jax/jax/_src/numpy/array_methods.py:118: UserWarning: Explicitly requested dtype <class 'jax.numpy.complex128'> requested in astype is not available, and will be truncated to dtype complex64. To enable more dtypes, set the jax_enable_x64 configuration option or the JAX_ENABLE_X64 shell environment variable. See https://github.com/google/jax#current-gotchas for more.
/opt/jax/jax/_src/numpy/array_methods.py:118: UserWarning: Explicitly requested dtype <class 'jax.numpy.complex128'> requested in astype is not available, and will be truncated to dtype complex64. To enable more dtypes, set the jax_enable_x64 configuration option or the JAX_ENABLE_X64 shell environment variable. See https://github.com/google/jax#current-gotchas for more.
/opt/jax/jax/_src/numpy/array_methods.py:118: UserWarning: Explicitly requested dtype <class 'jax.numpy.float64'> requested in astype is not available, and will be truncated to dtype float32. To enable more dtypes, set the jax_enable_x64 configuration option or the JAX_ENABLE_X64 shell environment variable. See https://github.com/google/jax#current-gotchas for more.
/opt/jax/jax/_src/numpy/array_methods.py:118: UserWarning: Explicitly requested dtype <class 'jax.numpy.float64'> requested in astype is not available, and will be truncated to dtype float32. To enable more dtypes, set the jax_enable_x64 configuration option or the JAX_ENABLE_X64 shell environment variable. See https://github.com/google/jax#current-gotchas for more.
/opt/jax/jax/_src/numpy/array_methods.py:118: UserWarning: Explicitly requested dtype <class 'jax.numpy.float64'> requested in astype is not available, and will be truncated to dtype float32. To enable more dtypes, set the jax_enable_x64 configuration option or the JAX_ENABLE_X64 shell environment variable. See https://github.com/google/jax#current-gotchas for more.
/opt/jax/jax/_src/numpy/array_methods.py:118: UserWarning: Explicitly requested dtype <class 'jax.numpy.float64'> requested in astype is not available, and will be truncated to dtype float32. To enable more dtypes, set the jax_enable_x64 configuration option or the JAX_ENABLE_X64 shell environment variable. See https://github.com/google/jax#current-gotchas for more.
/opt/jax/jax/_src/numpy/array_methods.py:118: UserWarning: Explicitly requested dtype <class 'jax.numpy.float64'> requested in astype is not available, and will be truncated to dtype float32. To enable more dtypes, set the jax_enable_x64 configuration option or the JAX_ENABLE_X64 shell environment variable. See https://github.com/google/jax#current-gotchas for more.
/opt/jax/jax/_src/numpy/array_methods.py:118: UserWarning: Explicitly requested dtype <class 'jax.numpy.float64'> requested in astype is not available, and will be truncated to dtype float32. To enable more dtypes, set the jax_enable_x64 configuration option or the JAX_ENABLE_X64 shell environment variable. See https://github.com/google/jax#current-gotchas for more.
/opt/jax/jax/_src/numpy/lax_numpy.py:185: UserWarning: Explicitly requested dtype float64 requested in asarray is not available, and will be truncated to dtype float32. To enable more dtypes, set the jax_enable_x64 configuration option or the JAX_ENABLE_X64 shell environment variable. See https://github.com/google/jax#current-gotchas for more.
/opt/jax/jax/_src/numpy/array_methods.py:118: UserWarning: Explicitly requested dtype <class 'jax.numpy.float64'> requested in astype is not available, and will be truncated to dtype float32. To enable more dtypes, set the jax_enable_x64 configuration option or the JAX_ENABLE_X64 shell environment variable. See https://github.com/google/jax#current-gotchas for more.
/opt/jax/jax/_src/numpy/array_methods.py:118: UserWarning: Explicitly requested dtype <class 'jax.numpy.complex128'> requested in astype is not available, and will be truncated to dtype complex64. To enable more dtypes, set the jax_enable_x64 configuration option or the JAX_ENABLE_X64 shell environment variable. See https://github.com/google/jax#current-gotchas for more.
/opt/jax/jax/_src/numpy/array_methods.py:118: UserWarning: Explicitly requested dtype <class 'jax.numpy.complex128'> requested in astype is not available, and will be truncated to dtype complex64. To enable more dtypes, set the jax_enable_x64 configuration option or the JAX_ENABLE_X64 shell environment variable. See https://github.com/google/jax#current-gotchas for more.
/opt/jax/jax/_src/numpy/array_methods.py:118: UserWarning: Explicitly requested dtype <class 'jax.numpy.float64'> requested in astype is not available, and will be truncated to dtype float32. To enable more dtypes, set the jax_enable_x64 configuration option or the JAX_ENABLE_X64 shell environment variable. See https://github.com/google/jax#current-gotchas for more.
/opt/jax/jax/_src/numpy/array_methods.py:118: UserWarning: Explicitly requested dtype <class 'jax.numpy.float64'> requested in astype is not available, and will be truncated to dtype float32. To enable more dtypes, set the jax_enable_x64 configuration option or the JAX_ENABLE_X64 shell environment variable. See https://github.com/google/jax#current-gotchas for more.
/opt/jax/jax/_src/numpy/array_methods.py:118: UserWarning: Explicitly requested dtype <class 'jax.numpy.float64'> requested in astype is not available, and will be truncated to dtype float32. To enable more dtypes, set the jax_enable_x64 configuration option or the JAX_ENABLE_X64 shell environment variable. See https://github.com/google/jax#current-gotchas for more.
/opt/jax/jax/_src/numpy/array_methods.py:118: UserWarning: Explicitly requested dtype <class 'jax.numpy.float64'> requested in astype is not available, and will be truncated to dtype float32. To enable more dtypes, set the jax_enable_x64 configuration option or the JAX_ENABLE_X64 shell environment variable. See https://github.com/google/jax#current-gotchas for more.
/opt/jax/jax/_src/numpy/array_methods.py:118: UserWarning: Explicitly requested dtype <class 'jax.numpy.float64'> requested in astype is not available, and will be truncated to dtype float32. To enable more dtypes, set the jax_enable_x64 configuration option or the JAX_ENABLE_X64 shell environment variable. See https://github.com/google/jax#current-gotchas for more.
/opt/jax/jax/_src/numpy/array_methods.py:118: UserWarning: Explicitly requested dtype <class 'jax.numpy.float64'> requested in astype is not available, and will be truncated to dtype float32. To enable more dtypes, set the jax_enable_x64 configuration option or the JAX_ENABLE_X64 shell environment variable. See https://github.com/google/jax#current-gotchas for more.
/opt/jax/jax/_src/numpy/lax_numpy.py:185: UserWarning: Explicitly requested dtype float64 requested in asarray is not available, and will be truncated to dtype float32. To enable more dtypes, set the jax_enable_x64 configuration option or the JAX_ENABLE_X64 shell environment variable. See https://github.com/google/jax#current-gotchas for more.
/opt/jax/jax/_src/numpy/array_methods.py:118: UserWarning: Explicitly requested dtype <class 'jax.numpy.float64'> requested in astype is not available, and will be truncated to dtype float32. To enable more dtypes, set the jax_enable_x64 configuration option or the JAX_ENABLE_X64 shell environment variable. See https://github.com/google/jax#current-gotchas for more.
/opt/jax/jax/_src/numpy/array_methods.py:118: UserWarning: Explicitly requested dtype <class 'jax.numpy.complex128'> requested in astype is not available, and will be truncated to dtype complex64. To enable more dtypes, set the jax_enable_x64 configuration option or the JAX_ENABLE_X64 shell environment variable. See https://github.com/google/jax#current-gotchas for more.
/opt/jax/jax/_src/numpy/array_methods.py:118: UserWarning: Explicitly requested dtype <class 'jax.numpy.complex128'> requested in astype is not available, and will be truncated to dtype complex64. To enable more dtypes, set the jax_enable_x64 configuration option or the JAX_ENABLE_X64 shell environment variable. See https://github.com/google/jax#current-gotchas for more.
/opt/jax/jax/_src/numpy/array_methods.py:118: UserWarning: Explicitly requested dtype <class 'jax.numpy.float64'> requested in astype is not available, and will be truncated to dtype float32. To enable more dtypes, set the jax_enable_x64 configuration option or the JAX_ENABLE_X64 shell environment variable. See https://github.com/google/jax#current-gotchas for more.
/opt/jax/jax/_src/numpy/array_methods.py:118: UserWarning: Explicitly requested dtype <class 'jax.numpy.float64'> requested in astype is not available, and will be truncated to dtype float32. To enable more dtypes, set the jax_enable_x64 configuration option or the JAX_ENABLE_X64 shell environment variable. See https://github.com/google/jax#current-gotchas for more.
/opt/jax/jax/_src/numpy/array_methods.py:118: UserWarning: Explicitly requested dtype <class 'jax.numpy.float64'> requested in astype is not available, and will be truncated to dtype float32. To enable more dtypes, set the jax_enable_x64 configuration option or the JAX_ENABLE_X64 shell environment variable. See https://github.com/google/jax#current-gotchas for more.
/opt/jax/jax/_src/numpy/array_methods.py:118: UserWarning: Explicitly requested dtype <class 'jax.numpy.float64'> requested in astype is not available, and will be truncated to dtype float32. To enable more dtypes, set the jax_enable_x64 configuration option or the JAX_ENABLE_X64 shell environment variable. See https://github.com/google/jax#current-gotchas for more.
/root/workspace/byungkwan-workspace/research/rfx-fidelity-722/rfx/api/_sparams.py:2131: UserWarning: solve_two_port_from_wave_amplitudes: the two drives are nearly linearly dependent at 3/3 frequencies (cond > 1000; worst 2.93e+07) — usually both ports seeing essentially the same field, e.g. a symmetric structure driven identically, or one drive that failed to excite. S at those bins is degenerate. NOTE this threshold flags DEGENERACY only: cond below it is NOT a reliability certificate, because cond(A) also multiplies whatever noise is on the measured amplitudes (~1.3e-2 relative error in S from 1e-4 noise at cond=199, which never trips this warning).
/root/workspace/byungkwan-workspace/research/rfx-fidelity-722/rfx/api/_sparams.py:7407: UserWarning: compute_coax_msl_transition: extracted S-matrix failed a passivity/finiteness self-check — passivity_violation: max column power 2.95626 exceeds limit 1.1 at driven port 1, frequency index 0. A passive structure cannot have column power > 1; this almost always means the extractor (current sign/scale or reference plane) is wrong and the S-parameters are UNRELIABLE. Inspect the V/I dump via rfx.validation.validate_port_smatrix / replay_smatrix_from_vi_dump before trusting or optimizing against these numbers. compute_coax_msl_transition: per-frequency amplitude advisory at frequency index 0: max |S| = 1.705; passivity violated: extraction/normalization artifact — do not interpret as physics; see the normalize parameter docstring and issue #337

FDTD run complete in 125.9s (2.1 min)

=== measured witnesses ===
  settling_db (per drive)          : [-128.4904588362289, -118.75084803280693]  (-40 dB rule cleared: True)
  cond_a_equilibrated               : [2.0203924631642893, 1.4595502695430524, 1.3629401831505779]
  gamma_ratio (coax-driven, vs HJ beta): [0.8651659254665854, 0.8568604241876359, 0.8679776958197433]
  reciprocity worst deviation (pair=(0, 1)): 0.6763249498996944
  |S22|                             : [0.2251445203290508, 0.2305245119479191, 0.24140086326357976]
  max|S|                            : 1.7045734127070362
  MSL-driven column power (|S01|^2+|S11|^2): [2.9562605743419104, 2.9171931448538593, 2.860892937521534]
  passivity guard (strict=True) raised: True
    message: compute_coax_msl_transition: extracted S-matrix failed a passivity/finiteness self-check — passivity_violation: max column power 2.95626 exceeds limit 1.1 at driven port 1, frequency index 0. A passive structure cannot have column power > 1; this almost always means the extractor (current sign/scale or reference plane) is wrong and the S-parameters are UNRELIABLE. Inspect the V/I dump via rfx.validation.validate_port_smatrix / replay_smatrix_from_vi_dump before trusting or optimizing against these numbers. compute_coax_msl_transition: per-frequency amplitude advisory at frequency index 0: max |S| = 1.705; passivity violated: extraction/normalization artifact — do not interpret as physics; see the normalize parameter docstring and issue #337

=== #823 MSL ladder standoff (report-only) ===
  recipe (count/start/spacing) : 8/15/10
  realized x (mm)              : [2.5, 3.5, 4.5, 5.5, 6.5, 7.5, 8.5, 9.5]
  required standoff            : 1.500 mm = 5.000 h_sub (15 cells)
  min distance port / ref (mm) : 1.500 / 1.500  (5.000 / 5.000 h_sub)
  VIOLATING probes port / ref  : 0 / 0

=== #823 ladder self-consistency witness (disjoint halves; report-only) ===
  ladder_split_gamma_dev:
    coax_array: coax_drive [0.33655 0.14332 0.19607]  msl_drive [0.152   0.12453 0.10927]
    msl_array: coax_drive [0.16566 0.03272 0.00802]  msl_drive [0.01265 0.01421 0.0087 ]
  ladder_split_reflection_decades:
    coax_array: coax_drive [0.00877 0.06793 0.1376 ]  msl_drive [0.31174 0.25649 0.20503]
    msl_array: coax_drive [0.00235 0.00312 0.00607]  msl_drive [0.00028 0.00174 0.00249]

=== #589 extended witnesses (all bins; committed bins marked *) ===
  precision: jax_enable_x64=False, solve complex dtype=complex64 (method rule); s_params dtype=complex128, a_inc dtype=complex128 (assembly)
  bin  f[GHz]   |S00|dB   |S10|dB   |S01|dB   |S11|dB   colP_coax  colP_msl   lam_min(I-S^HS)  cond_a_raw   cond_a_eq
  * 0   6.000    -12.20     -4.96      4.63    -12.95    0.37931    2.95626  -1.98933e+00  2.933e+07  2.020392
  * 1   8.000    -11.75     -5.06      4.57    -12.75    0.37886    2.91719  -1.95677e+00  2.429e+07  1.459550
  * 2  10.000    -11.34     -5.32      4.48    -12.35    0.36704    2.86089  -1.90589e+00  2.024e+07  1.362940
  complex S per bin (re, im):
  * 0   6.000  S00=(+2.248180e-01,-9.831321e-02)  S01=(-1.701253e+00,+1.063477e-01)  S10=(-5.621091e-01,+5.599061e-02)  S11=(-2.244775e-01,-1.731787e-02)
  * 1   8.000  S00=(+1.837287e-01,-1.820741e-01)  S01=(-1.684829e+00,+1.593879e-01)  S10=(-5.490715e-01,+1.023241e-01)  S11=(-2.275970e-01,-3.662170e-02)
  * 2  10.000  S00=(+1.449025e-01,-2.289623e-01)  S01=(-1.661347e+00,+2.062624e-01)  S10=(-5.266639e-01,+1.274481e-01)  S11=(-2.349651e-01,-5.536935e-02)
  A2 verdict: EXTRACTOR (lambda_min(I - S^H S) < -0.02 at >=1 bin: non-passive S)
  A3 fit_residual [array/drive] per bin (recurrence in parentheses):
  * 0   6.000  coax/coax 0.0002098 (0.000214)  coax/msl 0.0001318 (0.000136)  msl/coax 0.002514 (0.00149)  msl/msl 0.003213 (0.000677)
  * 1   8.000  coax/coax 0.0001612 (0.000173)  coax/msl 0.0001881 (0.000194)  msl/coax 0.0008616 (0.00106)  msl/msl 0.002391 (0.000683)
  * 2  10.000  coax/coax 0.0003183 (0.000345)  coax/msl 0.0002485 (0.000257)  msl/coax 0.0006344 (0.00044)  msl/msl 0.001911 (0.000599)
  A3 verdict (MSL ladder, BOTH drives, fit+recurrence, committed bins): (b)-ON-LADDER FALSIFIED: MSL-ladder fit_residual AND recurrence_residual <= 0.02 and <= 10x own 10 GHz value at all committed bins under BOTH drives -- not worse than the validated coax lane; single-mode NOT thereby proven
  |a_inc| / |b_out| per bin [coax array: coax drive, msl drive | msl array: coax drive, msl drive]:
  * 0   6.000  a: 9.4081e-08, 6.9168e-16 | 5.1920e-08, 4.5548e-15   b: 8.7620e-08, 7.6997e-15 | 5.4367e-08, 1.1759e-15
  * 1   8.000  a: 5.7071e-08, 3.8877e-16 | 2.4799e-08, 2.7199e-15   b: 5.4217e-08, 4.5132e-15 | 2.6558e-08, 7.9306e-16
  * 2  10.000  a: 2.9558e-08, 2.2765e-16 | 1.2921e-08, 1.6550e-15   b: 2.9095e-08, 2.7097e-15 | 1.4147e-08, 5.1947e-16
  A5 |a_inc/b_out| per bin: coax array under MSL drive (expect ~0) | MSL array under coax drive (expect ~0.030)
  * 0   6.000  0.089831 | 0.955
  * 1   8.000  0.08614 | 0.93379
  * 2  10.000  0.084013 | 0.91334
  A5 verdict coax side: RESOLVED (max ratio 0.08983 <= 0.15, smooth, committed bins): transmitted signals are a genuine TEM pair with the expected termination echo
  A5 verdict MSL side : FLOOR (max ratio 0.955 > 0.3 or erratic bin-to-bin, committed bins): the non-driven port's signal is extractor floor
  settling_db per drive: [-128.4904588362289, -118.75084803280693]  (cleared -40 dB: True)
  solve warnings captured: 158 (dumped verbatim in JSON)

=== A0 reproduction vs baseline (two-tier predeclaration; budget UNMEASURED) ===
  baseline : scripts/diagnostics/_coax_msl_transition_settled_run_logs/witnesses_369367257533_attempt3_x64-0_result.json
  status   : compared but NOT a reproduction test
  NOTE     : NOT COMPARABLE as a reproduction test: fixture this run attempt3b vs baseline attempt3
  delta max_abs_delta_S_complex: 3.81337914815773
  delta gamma_ratio_coax_driven_info: [0.5150340381527817, 0.2244542535762315, 0.05412751901064772]
  delta cond_a_equilibrated_info: [0.011020628314057923, 3.6644976337071014, 9.121767344891206]
  delta settling_db_info: [0.0, 0.047640115307686415]
  delta reciprocity_worst_deviation_info: 0.11236510150570356
  compared : {'complex_S_per_bin_max_abs_delta': [0.9952912525673157, 3.012384812687973, 3.81337914815773]}
  precision: this run jax_enable_x64=False  baseline jax_enable_x64=False  (ext_589.precision.jax_enable_x64)
  tier value (max |delta| over comparable |S|-type quantities): 3.81337914815773
  TIER     : NOT COMPARABLE (fixture this run attempt3b vs baseline attempt3): reproduction tier NOT applied; tier_value/deltas are informational

result JSON written to: /root/workspace/byungkwan-workspace/research/rfx-fidelity-722/.omx/589-remeasure/20260901T105936Z-356a47cfce34-attempt3b-x640/remeasure_result.json

=== #589 witness dump ===
  ladders requested      : True  (method keyword available: True)
  ladder arrays in dump  : ['coax_ladder_k', 'coax_ladder_v', 'coax_ladder_z_m', 'msl_ladder_i', 'msl_ladder_v', 'msl_ladder_x_m']
  flux requested         : True  drives: ['coax', 'msl']  faces: ['coax_z22', 'msl_x20', 'msl_x20_full', 'top_z36', 'xlo_x05', 'yhi_y31', 'ylo_y03']
  npz written to         : /root/workspace/byungkwan-workspace/research/rfx-fidelity-722/.omx/589-remeasure/20260901T105936Z-356a47cfce34-attempt3b-x640/remeasure_result.ladders.npz
=== W1: adjacent-pair phase slopes (rad/m; DFT exp(-jwt): +axis wave => slope < 0) ===
  ladder/drive           f[GHz]  mean slope   |mean|/beta  sign-cons  worst-pair dev  echo-tol  travel  vs junction
  coax_ladder/coax_drive  6.00        -8.3       0.046      1.00          95.8%  2717.1%  +axis   toward
      pairs: -8, -8, -8, -9, -9
  coax_ladder/coax_drive  8.00       -18.3       0.075      1.00          93.8%  3804.3%  +axis   toward
      pairs: -24, -19, -17, -16, -15
  coax_ladder/coax_drive 10.00       -78.1       0.257      1.00          85.6%  12565.9%  +axis   toward
      pairs: -136, -91, -67, -53, -44
  msl_ladder/coax_drive   6.00      -439.5       2.076      1.00        1158.6%  4249.1%  +axis   away
      pairs: -36, -196, -2664, -127, -30, -14, -9
  msl_ladder/coax_drive   8.00      -439.6       1.558      1.00         824.5%  2825.5%  +axis   away
      pairs: -12, -19, -40, -193, -2609, -166, -38
  msl_ladder/coax_drive  10.00      -435.3       1.234      1.00         616.2%  2112.9%  +axis   away
      pairs: -14, -15, -20, -37, -133, -2526, -302
  coax_ladder/msl_drive   6.00      +207.8       1.140      1.00          18.0%    24.7%  -axis   away
      pairs: +203, +204, +207, +210, +215
  coax_ladder/msl_drive   8.00      +285.3       1.174      1.00          22.8%    23.9%  -axis   away
      pairs: +276, +279, +284, +290, +298
  coax_ladder/msl_drive  10.00      +370.1       1.219      1.00          28.9%    23.3%  -axis   away
      pairs: +354, +360, +368, +378, +392
  msl_ladder/msl_drive    6.00      +188.6       0.891      1.00          46.5%    74.6%  -axis   toward
      pairs: +299, +256, +210, +172, +145, +126, +113
  msl_ladder/msl_drive    8.00      +204.3       0.724      1.00          52.1%    87.3%  -axis   toward
      pairs: +372, +274, +205, +164, +143, +135, +139
  msl_ladder/msl_drive   10.00      +228.2       0.647      1.00          53.6%    96.5%  -axis   toward
      pairs: +389, +259, +193, +166, +164, +186, +241
  H1 sign witness (coax ladder, MSL drive):
    preconditions: a verdict is emitted only when ALL hold: settling_db <= -40 dB on both drives; sign_consistency >= 0.8; |mean slope|/beta_analytic in [0.7, 1.4]; full-ladder pencil fit_residual < 0.02. Otherwise UNRESOLVED. Rationale: on a truncated run the non-driven coax array is extractor floor (the driver's own A5 line says so), its pairwise slopes flip sign along the ladder and |mean|/beta is ~0.04 -- a verdict there would be a reading of noise.
     6.00 GHz  slope +207.8  cons 1.00  |mean|/beta 1.140  fit_res 1.32e-04  [RESOLVED]  dominant wave LEAVES the junction (slope > 0): the post-#822 assembler labels it b_out (outgoing) -> H1 KILLED
     8.00 GHz  slope +285.3  cons 1.00  |mean|/beta 1.174  fit_res 1.88e-04  [RESOLVED]  dominant wave LEAVES the junction (slope > 0): the post-#822 assembler labels it b_out (outgoing) -> H1 KILLED
    10.00 GHz  slope +370.1  cons 1.00  |mean|/beta 1.219  fit_res 2.48e-04  [RESOLVED]  dominant wave LEAVES the junction (slope > 0): the post-#822 assembler labels it b_out (outgoing) -> H1 KILLED
=== W2: SWR |Gamma| = (max|V|-min|V|)/(max|V|+min|V|) ===
  ladder/drive           f[GHz]  |Gamma|_SWR   SWR    span/(lambda/2)  reading
  coax_ladder/coax_drive  6.00      0.0330    1.07           0.058  LOWER BOUND ONLY (span < lambda/2): cannot bound |Gamma| from above
  coax_ladder/coax_drive  8.00      0.0689    1.15           0.077  LOWER BOUND ONLY (span < lambda/2): cannot bound |Gamma| from above
  coax_ladder/coax_drive 10.00      0.3025    1.87           0.097  LOWER BOUND ONLY (span < lambda/2): cannot bound |Gamma| from above
  msl_ladder/coax_drive   6.00      0.8077    9.40           0.472  LOWER BOUND ONLY (span < lambda/2): cannot bound |Gamma| from above
  msl_ladder/coax_drive   8.00      0.7633    7.45           0.629  LOWER BOUND ONLY (span < lambda/2): cannot bound |Gamma| from above
  msl_ladder/coax_drive  10.00      0.7963    8.82           0.786  LOWER BOUND ONLY (span < lambda/2): cannot bound |Gamma| from above
  coax_ladder/msl_drive   6.00      0.0103    1.02           0.058  LOWER BOUND ONLY (span < lambda/2): cannot bound |Gamma| from above
  coax_ladder/msl_drive   8.00      0.0169    1.03           0.077  LOWER BOUND ONLY (span < lambda/2): cannot bound |Gamma| from above
  coax_ladder/msl_drive  10.00      0.0240    1.05           0.097  LOWER BOUND ONLY (span < lambda/2): cannot bound |Gamma| from above
  msl_ladder/msl_drive    6.00      0.2490    1.66           0.472  LOWER BOUND ONLY (span < lambda/2): cannot bound |Gamma| from above
  msl_ladder/msl_drive    8.00      0.2715    1.75           0.629  LOWER BOUND ONLY (span < lambda/2): cannot bound |Gamma| from above
  msl_ladder/msl_drive   10.00      0.2614    1.71           0.786  LOWER BOUND ONLY (span < lambda/2): cannot bound |Gamma| from above
  NOTE: coax ladder spans 1 mm vs lambda/2 ~ 17 mm: its SWR |Gamma| is a LOWER BOUND and cannot bound the feed-end echo from above; Gamma_feed_end is NOT MEASURABLE on this fixture (pencil 0.09 is the only estimate) -> W2 cannot kill H2/H3. MSL ladder (8 mm) is a valid |Gamma| only where flagged.
=== W3: subset two-wave fits (production pencil, unchanged) at the reference plane ===
  ladder/drive           subset        f[GHz]  Re(g)     Im(g)    Im/beta  fit_res   rec_res   |fwd|       |bwd|       |Gamma|   |Gamma|a=0  a0 shift
  coax_ladder/coax_drive coax[0:4]      6.00      1.9     192.7    1.057  7.26e-05  1.48e-04   6.405e-07   5.929e-07    0.9258     0.9261     0.03%
  coax_ladder/coax_drive coax[0:4]      8.00     18.8     276.9    1.140  7.13e-05  1.59e-04   3.783e-07   3.779e-07    0.9989     0.8969    10.21%
  coax_ladder/coax_drive coax[0:4]     10.00     40.1     355.8    1.172  1.59e-04  3.55e-04   1.857e-07   2.032e-07    1.0947     0.9015    17.65%
  coax_ladder/coax_drive coax[2:6]      6.00      0.2     234.4    1.286  3.41e-05  7.58e-05   6.273e-07   5.870e-07    0.9357     0.9359     0.01%
  coax_ladder/coax_drive coax[2:6]      8.00      2.8     293.8    1.209  1.25e-05  2.78e-05   3.890e-07   3.583e-07    0.9212     0.9105     1.16%
  coax_ladder/coax_drive coax[2:6]     10.00      3.7     345.7    1.138  3.61e-05  8.06e-05   2.069e-07   1.912e-07    0.9240     0.9089     1.63%
  coax_ladder/coax_drive coax[all]      6.00      1.0     214.0    1.174  2.10e-04  2.14e-04   6.343e-07   5.907e-07    0.9313     0.9317     0.04%
  coax_ladder/coax_drive coax[all]      8.00     10.1     285.8    1.176  1.61e-04  1.73e-04   3.848e-07   3.655e-07    0.9500     0.9035     4.89%
  coax_ladder/coax_drive coax[all]     10.00     17.9     349.2    1.150  3.18e-04  3.45e-04   1.993e-07   1.962e-07    0.9843     0.9051     8.05%
  msl_ladder/coax_drive  msl[0:3]       6.00      1.7     155.8    0.736  4.09e-16  1.90e-16   4.425e-07   4.654e-07    1.0518     1.0380     1.31%
  msl_ladder/coax_drive  msl[0:3]       8.00      0.3     237.4    0.841  2.99e-16  2.19e-16   1.818e-07   1.950e-07    1.0724     1.0691     0.31%
  msl_ladder/coax_drive  msl[0:3]      10.00      0.2     304.5    0.863  2.17e-16  0.00e+00   9.406e-08   1.031e-07    1.0958     1.0943     0.14%
  msl_ladder/coax_drive  msl[3:6]       6.00      0.0     184.5    0.872  8.11e-16  1.71e-16   3.757e-07   3.926e-07    1.0451     1.0448     0.03%
  msl_ladder/coax_drive  msl[3:6]       8.00      0.3     244.9    0.868  3.22e-05  0.00e+00   1.787e-07   1.917e-07    1.0726     1.0693     0.32%
  msl_ladder/coax_drive  msl[3:6]      10.00      0.1     306.9    0.870  4.22e-16  1.48e-16   9.414e-08   1.030e-07    1.0939     1.0928     0.10%
  msl_ladder/coax_drive  msl[0:5]       6.00      1.6     161.9    0.765  1.07e-03  1.94e-03   4.262e-07   4.486e-07    1.0524     1.0390     1.27%
  msl_ladder/coax_drive  msl[0:5]       8.00      0.1     240.8    0.853  7.26e-04  9.15e-04   1.811e-07   1.938e-07    1.0701     1.0686     0.15%
  msl_ladder/coax_drive  msl[0:5]      10.00      0.1     306.1    0.868  3.08e-04  4.20e-04   9.414e-08   1.030e-07    1.0946     1.0933     0.12%
  msl_ladder/coax_drive  msl[all]       6.00      0.3     183.1    0.865  2.51e-03  1.49e-03   3.784e-07   3.962e-07    1.0471     1.0445     0.25%
  msl_ladder/coax_drive  msl[all]       8.00      0.2     241.8    0.857  8.62e-04  1.06e-03   1.807e-07   1.935e-07    1.0709     1.0684     0.24%
  msl_ladder/coax_drive  msl[all]      10.00      0.1     306.2    0.868  6.34e-04  4.40e-04   9.416e-08   1.031e-07    1.0949     1.0928     0.19%
  coax_ladder/msl_drive  coax[0:4]      6.00      1.8     223.8    1.228  1.74e-05  3.88e-05   3.377e-15   5.177e-14   15.3315    16.0124     4.44%
  coax_ladder/msl_drive  coax[0:4]      8.00      2.0     298.4    1.228  2.28e-05  5.10e-05   2.008e-15   3.030e-14   15.0912    15.7085     4.09%
  coax_ladder/msl_drive  coax[0:4]     10.00      2.6     373.3    1.229  2.92e-05  6.52e-05   1.248e-15   1.817e-14   14.5644    15.2209     4.51%
  coax_ladder/msl_drive  coax[2:6]      6.00     25.1     233.9    1.283  4.18e-05  9.35e-05   5.903e-15   5.166e-14    8.7512    13.6700    56.21%
  coax_ladder/msl_drive  coax[2:6]      8.00     26.2     310.8    1.279  5.98e-05  1.33e-04   3.181e-15   3.035e-14    9.5423    14.3672    50.56%
  coax_ladder/msl_drive  coax[2:6]     10.00     27.3     387.7    1.277  8.19e-05  1.83e-04   1.779e-15   1.825e-14   10.2599    14.9429    45.64%
  coax_ladder/msl_drive  coax[all]      6.00     13.7     228.6    1.254  1.32e-04  1.36e-04   4.663e-15   5.191e-14   11.1320    14.7454    32.46%
  coax_ladder/msl_drive  coax[all]      8.00     14.2     304.4    1.253  1.88e-04  1.94e-04   2.621e-15   3.043e-14   11.6090    14.9124    28.46%
  coax_ladder/msl_drive  coax[all]     10.00     14.9     380.3    1.252  2.48e-04  2.57e-04   1.535e-15   1.827e-14   11.9029    14.9088    25.25%
  msl_ladder/msl_drive   msl[0:3]       6.00      8.2     180.7    0.854  1.38e-03  2.46e-16   3.330e-14   8.889e-15    0.2669     0.2674     0.16%
  msl_ladder/msl_drive   msl[0:3]       8.00      6.6     245.4    0.870  1.50e-03  9.72e-17   1.971e-14   5.727e-15    0.2905     0.2922     0.59%
  msl_ladder/msl_drive   msl[0:3]      10.00      4.8     308.5    0.874  1.39e-03  1.62e-16   1.199e-14   3.729e-15    0.3109     0.3118     0.30%
  msl_ladder/msl_drive   msl[3:6]       6.00      0.3     184.3    0.871  5.17e-05  1.30e-16   3.332e-14   8.611e-15    0.2584     0.2585     0.01%
  msl_ladder/msl_drive   msl[3:6]       8.00      0.1     245.8    0.871  2.82e-05  1.34e-16   1.987e-14   5.803e-15    0.2920     0.2918     0.07%
  msl_ladder/msl_drive   msl[3:6]      10.00      0.0     307.3    0.871  1.05e-05  3.76e-16   1.210e-14   3.785e-15    0.3129     0.3128     0.04%
  msl_ladder/msl_drive   msl[0:5]       6.00      2.8     183.5    0.867  1.78e-03  6.87e-04   3.325e-14   8.586e-15    0.2583     0.2596     0.54%
  msl_ladder/msl_drive   msl[0:5]       8.00      1.9     246.0    0.872  1.67e-03  6.68e-04   1.980e-14   5.758e-15    0.2907     0.2912     0.16%
  msl_ladder/msl_drive   msl[0:5]      10.00      1.2     307.8    0.873  1.40e-03  6.44e-04   1.206e-14   3.773e-15    0.3129     0.3124     0.14%
  msl_ladder/msl_drive   msl[all]       6.00      2.3     182.6    0.863  3.21e-03  6.77e-04   3.319e-14   8.569e-15    0.2582     0.2593     0.46%
  msl_ladder/msl_drive   msl[all]       8.00      1.1     244.9    0.868  2.39e-03  6.83e-04   1.982e-14   5.779e-15    0.2916     0.2907     0.29%
  msl_ladder/msl_drive   msl[all]      10.00      0.7     307.1    0.871  1.91e-03  5.99e-04   1.206e-14   3.786e-15    0.3139     0.3122     0.54%
  N-probe (extract_msl_nprobe) vs pencil, |(-x wave)|/|(+x wave)| at probe 0 of the subset:
  H4 kill rule: H4 killed at a bin iff some MSL subset under the MSL drive has fit_residual < 0.02 and Im(gamma)/beta_HJ in [0.8, 1.3] (slope-at-all-pairs is NOT used: a clean two-wave field with echo g deviates by up to 2g/(1-g))
     6.00 GHz  subsets meeting criterion: ['msl[0:3]', 'msl[3:6]', 'msl[0:5]', 'msl[all]']  -> H4 KILLED at this bin
     8.00 GHz  subsets meeting criterion: ['msl[0:3]', 'msl[3:6]', 'msl[0:5]', 'msl[all]']  -> H4 KILLED at this bin
    10.00 GHz  subsets meeting criterion: ['msl[0:3]', 'msl[3:6]', 'msl[0:5]', 'msl[all]']  -> H4 KILLED at this bin
  H7 rule: H7 killed iff |Gamma_ref| shifts < 1% between the fitted gamma and alpha forced to 0 for the full coax ladder and every subset, at every bin (impact test; Re(gamma) itself is not identifiable on a 1 mm ladder). NOISE-LIMITED: at the settled run's own coax-ladder fit residual (~2e-4) a synthetic LOSSLESS ladder already shows shifts of 0.05-1.1% (full 6-probe) and 0.6-4.8% (4-probe subsets) -- measured in tests/test_coax_msl_ladder_witnesses.py::test_h7_impact_on_the_coax_ladder_is_noise_limited_and_says_so -- so read the printed shift, not the boolean, and treat a 'survives' at the 1-2% level as UNRESOLVED rather than as evidence of real loss
     6.00 GHz  worst alpha=0 shift of |Gamma_ref| 0.043%  subset |Gamma| spread 0.0100  -> H7 KILLED at this bin
     8.00 GHz  worst alpha=0 shift of |Gamma_ref| 10.207%  subset |Gamma| spread 0.0777  -> H7 survives at this bin
    10.00 GHz  worst alpha=0 shift of |Gamma_ref| 17.654%  subset |Gamma| spread 0.1708  -> H7 survives at this bin
=== W4: flux planes (W, +axis-positive; exact_f64 spectra) ===
  --- coax drive ---
  f[GHz]      coax_z22       msl_x20       top_z36       xlo_x05       ylo_y03       yhi_y31  msl_x20_full   closure_res(rel)
   6.00   +7.6330e-16   +7.5055e-16   -1.3081e-17   -1.6174e-17   -9.7605e-18   +1.8777e-19   +7.7862e-16   -2.913e-19 (-0.04%)
   8.00   +3.0649e-16   +2.7898e-16   +1.0874e-17   -7.8593e-18   -4.5539e-18   +4.0394e-18   +2.9430e-16   +1.809e-19 (+0.06%)
  10.00   +1.1007e-16   +1.0447e-16   +4.7861e-18   -3.3747e-19   -2.5785e-20   +2.3208e-19   +1.0656e-16   +2.225e-19 (+0.20%)
   6.00  net code-units coax (|a|^2-|b|^2) +1.1740e-15  R1 +0.6502  R2 +0.2539  R2net +2.8862  S-side |msl_out|^2/net_coax +2.5176  flux msl_x20/coax_z22 +0.9833
        H1 discriminator (sign(msl_x20) under the coax drive (the non-driven port)) [RESOLVED]: msl_x20 > 0: net power at the NON-DRIVEN MSL port LEAVES the junction (+x); the post-#822 assembler labels that same +x branch b_out (a_inc[1] = out_msl.forward_amp = the -x wave, toward the junction) => the code's 'outgoing' wave IS the outgoing one => H1 KILLED
        passivity check: coax_z22 +7.6330e-16 > 0 as REQUIRED BY PASSIVITY (feed below the coax probes, junction above them): CONFIRMATORY ONLY -- this sign is entailed for any passive junction under either hypothesis and is NOT evidence for H1
        R1 (Z0 calibration, label-blind, NOT an H1 verdict) within +-10% band: False
   8.00  net code-units coax (|a|^2-|b|^2) +3.1762e-16  R1 +0.9650  R2 +0.3955  R2net +3.0891  S-side |msl_out|^2/net_coax +2.2207  flux msl_x20/coax_z22 +0.9102
        H1 discriminator (sign(msl_x20) under the coax drive (the non-driven port)) [RESOLVED]: msl_x20 > 0: net power at the NON-DRIVEN MSL port LEAVES the junction (+x); the post-#822 assembler labels that same +x branch b_out (a_inc[1] = out_msl.forward_amp = the -x wave, toward the junction) => the code's 'outgoing' wave IS the outgoing one => H1 KILLED
        passivity check: coax_z22 +3.0649e-16 > 0 as REQUIRED BY PASSIVITY (feed below the coax probes, junction above them): CONFIRMATORY ONLY -- this sign is entailed for any passive junction under either hypothesis and is NOT evidence for H1
        R1 (Z0 calibration, label-blind, NOT an H1 verdict) within +-10% band: True
  10.00  net code-units coax (|a|^2-|b|^2) +2.7172e-17  R1 +4.0510  R2 +0.5220  R2net +3.1480  S-side |msl_out|^2/net_coax +7.3660  flux msl_x20/coax_z22 +0.9491
        H1 discriminator (sign(msl_x20) under the coax drive (the non-driven port)) [RESOLVED]: msl_x20 > 0: net power at the NON-DRIVEN MSL port LEAVES the junction (+x); the post-#822 assembler labels that same +x branch b_out (a_inc[1] = out_msl.forward_amp = the -x wave, toward the junction) => the code's 'outgoing' wave IS the outgoing one => H1 KILLED
        passivity check: coax_z22 +1.1007e-16 > 0 as REQUIRED BY PASSIVITY (feed below the coax probes, junction above them): CONFIRMATORY ONLY -- this sign is entailed for any passive junction under either hypothesis and is NOT evidence for H1
        R1 (Z0 calibration, label-blind, NOT an H1 verdict) within +-10% band: False
  --- msl drive ---
  f[GHz]      coax_z22       msl_x20       top_z36       xlo_x05       ylo_y03       yhi_y31  msl_x20_full   closure_res(rel)
   6.00   -6.3461e-29   -6.0976e-29   -1.1159e-30   +5.5034e-31   +3.4063e-31   -4.1479e-31   -6.2925e-29   -6.293e-32 (-0.10%)
   8.00   -2.1952e-29   -2.1150e-29   -3.7820e-31   +1.6963e-31   +9.9689e-32   -1.3022e-31   -2.1810e-29   -2.421e-32 (-0.11%)
  10.00   -7.9741e-30   -7.6910e-30   -1.3850e-31   +5.8970e-32   +3.0941e-32   -4.5269e-32   -7.9261e-30   -9.408e-33 (-0.12%)
   6.00  net code-units coax (|a|^2-|b|^2) -5.8808e-29  R1 +1.0791  R2 -44.0998  R2net +3.1491  S-side |msl_out|^2/net_coax -0.0235  flux msl_x20/coax_z22 +0.9608
        MSL-drive expectations: {'msl_x20_negative': True, 'coax_z22_negative': True, 'abs_coax_z22_le_abs_msl_x20': False}
   8.00  net code-units coax (|a|^2-|b|^2) -2.0218e-29  R1 +1.0858  R2 -33.6280  R2net +3.1246  S-side |msl_out|^2/net_coax -0.0311  flux msl_x20/coax_z22 +0.9635
        MSL-drive expectations: {'msl_x20_negative': True, 'coax_z22_negative': True, 'abs_coax_z22_le_abs_msl_x20': False}
  10.00  net code-units coax (|a|^2-|b|^2) -7.2905e-30  R1 +1.0938  R2 -28.5013  R2net +3.1146  S-side |msl_out|^2/net_coax -0.0370  flux msl_x20/coax_z22 +0.9645
        MSL-drive expectations: {'msl_x20_negative': True, 'coax_z22_negative': True, 'abs_coax_z22_le_abs_msl_x20': False}
  rule predeclaration_relation: THIS IS NOT THE PREDECLARED #589 FLUX INSTRUMENT. The standing one is scripts/diagnostics/coax_msl_flux_adjudication.py (merged #597/#599), which implements verbatim the face table pre-declared on #589 in the comment of 2026-08-07 ('PRE-DECLARATION -- item 2 adjudication attempt') on the ATTEMPT-2 fixture (xp x=2.2, xm x=0.3, yp y=3.1, ym y=0.3, zt z=3.4, zb z=0.9 mm) with C1/C2 control runs that gate interpretation, +-2-cell face-shift invariance and below-ground shell-tightness strips. The attempt-3 box used here has DIFFERENT coordinates (its bottom face must sit inside the coax, above the top coax probe at 1.9 mm and below ref_coax_m = 2.5 mm, because the clearance hole is now open and R1 is compared to the ladder's own pencil amplitudes), and carries NO controls, NO shift-invariance member (top_z36 = 3.6 mm is 3 cells below the interior top, tighter than the predeclared zt = 3.4 mm, so a closure residual here cannot be separated from face placement) and NO shell-tightness strips (it ASSUMES the tightness the predeclared instrument MEASURES). These numbers are not directly comparable to that instrument's; the PI arbitrates.
  rule h1_sign: coax drive, POST-#822: msl_x20 > 0 (net power LEAVES the junction at the NON-DRIVEN port, whose +x branch the assembler now labels b_out) => labels consistent, H1 KILLED; msl_x20 < 0 => labels inverted, H1 supported. NOT keyed on coax_z22. Pre-#822 runs read this sign the other way round.
  rule h1_preconditions: the msl_x20 verdict is emitted only when settling_db <= -40 dB on both drives, |closure_rel_residual| <= 0.05 and |msl_x20| >= 3 x |closure_residual|; otherwise UNRESOLVED.
  rule coax_z22: PASSIVITY CHECK, not an H1 verdict: under the coax drive the feed is below the coax probes and the junction above them, so net +z power there is |a_phys|^2-|b_phys|^2 > 0 for ANY passive junction, whichever branch the code labels a and which b. coax_z22 > 0 is therefore confirmatory only; coax_z22 <= 0 would mean the box or the run is unphysical.
  rule R1: coax_z22 / (|a_code|^2 - |b_code|^2) on the coax ladder (POST-#822 label mapping; the pre-#822 dumps computed the same PHYSICAL quantity as |b_code|^2 - |a_code|^2): Z0 CALIBRATION ratio, predeclared band +-10% (analytic z_tem vs numerical stub). LABEL-BLIND and therefore NOT an H1 discriminator: its denominator comes from the extractor's geometric branch identity ('coax: reference above => the branch toward the reference plane is the +z wave'), which holds under H1 and under its negation alike.
  rule R2: msl_x20 / |MSL outgoing wave|^2: MSL modal-voltage -> power conversion. The outgoing (+x, away-from-junction) wave is b_out[1,0] post-#822 and was a_inc[1,0] before it; the physical quantity, and hence the number, is the same (= the design's '|b_msl|^2 = 1.76e-15').
  rule closure: |closure_rel_residual| <= 0.05 expected for a lossless box of patch faces AT STEADY STATE ONLY: the identity is a time-harmonic power balance, so on a truncated (un-settled) run the residual is the energy still stored in the box, not a leak -- measured 78% on a 300-step attempt-3 smoke (settling -1.6 dB) and expected to close only once settling_db clears -40 dB. msl_x20_full is a full-plane comparator and is NOT one of the six faces.
=== label-swap counterfactual (a<->b re-solved): the PRE-#822 reading of the same field, NOT a measurement ===
  max |S_swap - inv(S_code)| = 6.75e-16 (algebraic identity)
   6.00 GHz  |S_swap| = [[0.2213, 1.6755], [0.5553, 0.2412]]  colP coax 0.3573  colP msl 2.8654  lam_min -1.888  single-ratio |Gamma_coax| swapped 1.0737 (code 0.9313)
   8.00 GHz  |S_swap| = [[0.2302, 1.6897], [0.5576, 0.2583]]  colP coax 0.3639  colP msl 2.9217  lam_min -1.947  single-ratio |Gamma_coax| swapped 1.0526 (code 0.9500)
  10.00 GHz  |S_swap| = [[0.2495, 1.7306], [0.5601, 0.2801]]  colP coax 0.3760  colP msl 3.0733  lam_min -2.105  single-ratio |Gamma_coax| swapped 1.0159 (code 0.9843)
  witness JSON written to: /root/workspace/byungkwan-workspace/research/rfx-fidelity-722/.omx/589-remeasure/20260901T105936Z-356a47cfce34-attempt3b-x640/remeasure_result.witnesses.json
result JSON re-written with the witness keys: /root/workspace/byungkwan-workspace/research/rfx-fidelity-722/.omx/589-remeasure/20260901T105936Z-356a47cfce34-attempt3b-x640/remeasure_result.json

=== SUMMARY (for filling SETTLED_RUN_RECORD -- hand-copy, do not auto-apply) ===
  status              : RUN
  target_n_steps       : 135000
  n_steps (this run)   : 135000
  settling_db          : [-128.4904588362289, -118.75084803280693]  (-40 dB rule cleared: True)
  reciprocity worst dev: 0.6763249498996944
  |S22|                : [0.2251445203290508, 0.2305245119479191, 0.24140086326357976]
  max|S|               : 1.7045734127070362
  col_msl_driven_power : [2.9562605743419104, 2.9171931448538593, 2.860892937521534]
  gamma_ratio          : [0.8651659254665854, 0.8568604241876359, 0.8679776958197433]
  log_path             : /root/workspace/byungkwan-workspace/research/rfx-fidelity-722/.omx/589-remeasure/20260901T105936Z-356a47cfce34-attempt3b-x640/remeasure_result.json
  vessl_run_id         : <fill from the VESSL job that ran this>

=== #589 EXTENSION SUMMARY (committed bins; report-only) ===
  fixture              : attempt3b  grid(padded)=[142, 51, 56]
  precision            : jax_enable_x64=False  solve=complex64  s_params(assembly)=complex128
  |S00|                : [0.24537446788651984, 0.2586642997527286, 0.270962100925987]
  |S10| dB / |S01| dB  : [-4.960710037711896, -5.059153575306779, -5.322175583498698] / [4.632314203958726, 4.569808372720223, 4.475639938574767]
  col_coax_driven_power: [0.379310240103342, 0.37885697036251265, 0.3670383016236054]
  lambda_min(I-S^HS)   : [-1.989334456935319, -1.9567742141642153, -1.9058903195661434]  -> EXTRACTOR (lambda_min(I - S^H S) < -0.02 at >=1 bin: non-passive S)
  cond_a raw / eq      : [29334806.366685655, 24286480.837970994, 20242906.566826914] / [2.0203924631642893, 1.4595502695430524, 1.3629401831505779]
  A3 (msl/msl fit_res) : [0.003213355617323502, 0.002390744437219849, 0.0019113690266675646]  (msl/coax fit_res [0.0025135686868053043, 0.000861624770833292, 0.0006344183512918073])  -> (b)-ON-LADDER FALSIFIED: MSL-ladder fit_residual AND recurrence_residual <= 0.02 and <= 10x own 10 GHz value at all committed bins under BOTH drives -- not worse than the validated coax lane; single-mode NOT thereby proven
  A5 coax|MSL ratios   : [0.08983104389959402, 0.0861403561192189, 0.08401298343288309] | [0.9549969257537013, 0.9337862975310675, 0.9133416707445998]
  A5 verdicts          : coax: RESOLVED (max ratio 0.08983 <= 0.15, smooth, committed bins): transmitted signals are a genuine TEM pair with the expected termination echo ; msl: FLOOR (max ratio 0.955 > 0.3 or erratic bin-to-bin, committed bins): the non-driven port's signal is extractor floor
  A0 tier              : NOT COMPARABLE (fixture this run attempt3b vs baseline attempt3): reproduction tier NOT applied; tier_value/deltas are informational  [compared but NOT a reproduction test]
  preflight lines      : 50  (method skip_preflight flag is inert; see header)
