{
 "meta": {
  "solver": "openEMS",
  "version": "v1",
  "purpose": "rfx issue #313 external referee (final gate) -- brackets, does not judge",
  "h_mm": 1.0,
  "w_trace_mm": 5.0,
  "l_line_mm": 16.0,
  "x1_mm": 8.0,
  "x2_mm": 24.0,
  "lx_mm": 32.0,
  "ly_mm": 20.0,
  "lz_mm": 10.0,
  "cpml_cells": 8,
  "dx_um": 500.0,
  "port_w_cells": 6,
  "port_w_mm": 3.0,
  "f_start_ghz": 0.5,
  "f_stop_ghz": 7.0,
  "n_freqs": 27,
  "threads": 8,
  "nrts": 500000,
  "end_criteria": 0.0001
 },
 "freqs_ghz": [
  0.5,
  0.75,
  1.0,
  1.25,
  1.5,
  1.75,
  2.0,
  2.25,
  2.5,
  2.75,
  3.0,
  3.25,
  3.5,
  3.75,
  4.0,
  4.25,
  4.5,
  4.75,
  5.0,
  5.25,
  5.5,
  5.75,
  6.0,
  6.25,
  6.5,
  6.75,
  7.0
 ],
 "s11": [
  [
   0.2949370357074553,
   -0.2934294661633467
  ],
  [
   0.2049709664648659,
   -0.2750395166372215
  ],
  [
   0.1495372958106342,
   -0.25487962866157465
  ],
  [
   0.1113325077132779,
   -0.23879422499146558
  ],
  [
   0.0810218862883907,
   -0.22511328526521707
  ],
  [
   0.05543463909129815,
   -0.2128779083019154
  ],
  [
   0.03318384013109373,
   -0.20183165913699785
  ],
  [
   0.013346418813098697,
   -0.1912906924222821
  ],
  [
   -0.004769600575253269,
   -0.1803671512427485
  ],
  [
   -0.02152972117032892,
   -0.1684964998013716
  ],
  [
   -0.03685863133411779,
   -0.15551514280306517
  ],
  [
   -0.050374696391797,
   -0.1414152101851428
  ],
  [
   -0.061699863151301715,
   -0.1262036954401971
  ],
  [
   -0.07064162483413466,
   -0.1099900501828136
  ],
  [
   -0.07712177550068526,
   -0.09308308959646593
  ],
  [
   -0.08103545870582796,
   -0.07591545021277611
  ],
  [
   -0.08225373473440585,
   -0.058886907050732476
  ],
  [
   -0.0807443542606076,
   -0.042322197839204545
  ],
  [
   -0.07662781338653137,
   -0.026563811026755733
  ],
  [
   -0.07009980327674459,
   -0.012038259015597274
  ],
  [
   -0.06134483060376168,
   0.0008087454511088387
  ],
  [
   -0.05056724522967204,
   0.011619315235984246
  ],
  [
   -0.03808724001962593,
   0.020131975796717296
  ],
  [
   -0.02435507765983745,
   0.026101749100720467
  ],
  [
   -0.00985578711775557,
   0.02927282919311296
  ],
  [
   0.004964483201198019,
   0.029464857740530793
  ],
  [
   0.0196531863831747,
   0.02666074355056594
  ]
 ],
 "s21": [
  [
   0.8504117541022423,
   -0.5439073259372228
  ],
  [
   0.8252010862116019,
   -0.5946922003830908
  ],
  [
   0.8059664859335158,
   -0.6329917371538358
  ],
  [
   0.783974452388606,
   -0.6700404529280771
  ],
  [
   0.7570444877888941,
   -0.7066461258972924
  ],
  [
   0.7249101650221571,
   -0.7430264347219724
  ],
  [
   0.6870832606953209,
   -0.7796165767300287
  ],
  [
   0.6436264580758438,
   -0.816101788189826
  ],
  [
   0.5951402952422837,
   -0.851276711965215
  ],
  [
   0.5422310550686884,
   -0.8837317183862274
  ],
  [
   0.48542456843819454,
   -0.9125444781185328
  ],
  [
   0.4254326251247473,
   -0.9373561028137593
  ],
  [
   0.36320485802800356,
   -0.95799791592465
  ],
  [
   0.2996449043009662,
   -0.9742445871968026
  ],
  [
   0.23536520900701782,
   -0.9859313558366988
  ],
  [
   0.17075200602932278,
   -0.9931590256753907
  ],
  [
   0.10618278001683068,
   -0.9962595366258303
  ],
  [
   0.042079475061162476,
   -0.9955593134337202
  ],
  [
   -0.02125083991817364,
   -0.9912324980264428
  ],
  [
   -0.08374313253245362,
   -0.9833792712217334
  ],
  [
   -0.14548163641284403,
   -0.9721587598145579
  ],
  [
   -0.20649640092240312,
   -0.9577579814905219
  ],
  [
   -0.26669132119991323,
   -0.9402302800054575
  ],
  [
   -0.3259529114655218,
   -0.9194304200598019
  ],
  [
   -0.38424368946781084,
   -0.8951507070517953
  ],
  [
   -0.44151749820715136,
   -0.8672923356178445
  ],
  [
   -0.4975583462977714,
   -0.8358584857148111
  ]
 ],
 "s11_mag": [
  0.4160393090139529,
  0.3430157908982874,
  0.2955080843987509,
  0.26347221706092994,
  0.2392499472531351,
  0.21997727849526,
  0.2045414038180028,
  0.1917557193476397,
  0.18043020350559927,
  0.16986641615983344,
  0.15982339736372195,
  0.1501195247403676,
  0.14047863131327623,
  0.13072126949515325,
  0.12088105651921563,
  0.1110400880253273,
  0.10115999555041316,
  0.09116369439038366,
  0.08110152797984921,
  0.07112595939293122,
  0.06135016145870282,
  0.05188501495298007,
  0.04308055595964618,
  0.03569973548828723,
  0.030887458112957157,
  0.029880159556546795,
  0.0331216391756333
 ],
 "s21_mag": [
  1.0094727984068876,
  1.0171605801845105,
  1.02482218738328,
  1.0312953750299074,
  1.035598910648906,
  1.0380669679977763,
  1.0391753527869891,
  1.0393638180261462,
  1.0386837879525128,
  1.0368202675308664,
  1.033621998695864,
  1.0293830103526738,
  1.02453783522675,
  1.0192838585770914,
  1.0136357432692025,
  1.007730667313211,
  1.001902114525175,
  0.9964482067754666,
  0.9914602681605399,
  0.9869385509315846,
  0.9829840084241138,
  0.9797658468750097,
  0.9773214620801571,
  0.9754986406060207,
  0.9741344882669767,
  0.973207941112565,
  0.9727403127824147
 ],
 "s21_phase_rad_unwrapped": [
  -0.5690159921187957,
  -0.6244598068001757,
  -0.6657638808777638,
  -0.7071997425208422,
  -0.7509793741231714,
  -0.797738853067266,
  -0.8484041285569233,
  -0.9030086548778917,
  -0.960664587461817,
  -1.020458767736268,
  -1.0819195697658903,
  -1.144733361055352,
  -1.208410574023241,
  -1.2724124140025939,
  -1.3364584573943157,
  -1.4005327651979458,
  -1.4646157285869492,
  -1.5285542998252069,
  -1.5922318477963529,
  -1.655749891404554,
  -1.719342024822152,
  -1.7831496779743765,
  -1.8471815367060305,
  -1.9114887427973128,
  -1.9762614824483598,
  -2.0416781485969,
  -2.107727858289237
 ],
 "group_delay_ps": [
  35.29662868165047,
  30.795809459389144,
  26.33693952209953,
  27.124933956041293,
  28.81949397321376,
  31.011262495291295,
  33.50841863293046,
  35.73361389695684,
  37.3855320562231,
  38.59665961642716,
  39.55783165493448,
  40.26333716843065,
  40.641504811690744,
  40.75890718192208,
  40.781974406819785,
  40.79372640695235,
  40.750520116277634,
  40.621472380762334,
  40.487614278701976,
  40.46042598188367,
  40.55261156287936,
  40.692580477548745,
  40.85159311672294,
  41.0874228378506,
  41.44057494240206,
  41.84704713090513,
  42.0485511492803
 ],
 "z0_port0": [
  [
   28.92625518319627,
   18.895872422684565
  ],
  [
   35.46907747269662,
   19.38547658951216
  ],
  [
   40.0693801111866,
   18.628406072249177
  ],
  [
   43.21952991419485,
   17.582840846580186
  ],
  [
   45.51651000801874,
   16.535611554292387
  ],
  [
   47.24247401925797,
   15.55673672600981
  ],
  [
   48.55027291005016,
   14.711961732459997
  ],
  [
   49.56202525152306,
   14.027217126555454
  ],
  [
   50.381905539552484,
   13.483092189612695
  ],
  [
   51.091749927289015,
   13.045172611356291
  ],
  [
   51.744598375128724,
   12.685892775387114
  ],
  [
   52.364551691011535,
   12.384561495699757
  ],
  [
   52.9577797945347,
   12.118995456476858
  ],
  [
   53.52727837799485,
   11.864758324747497
  ],
  [
   54.07877537834742,
   11.602822073627886
  ],
  [
   54.615387479506325,
   11.324627216439847
  ],
  [
   55.13124436606372,
   11.027800697902073
  ],
  [
   55.61384208401248,
   10.708585455550132
  ],
  [
   56.05263740395535,
   10.361164496157803
  ],
  [
   56.443402819657635,
   9.984513830623493
  ],
  [
   56.783907828869424,
   9.587146469330563
  ],
  [
   57.068356299100095,
   9.182686477764015
  ],
  [
   57.28950732162456,
   8.78130593862268
  ],
  [
   57.44651952058901,
   8.387687288464534
  ],
  [
   57.547813372988394,
   8.007240747153604
  ],
  [
   57.60413610497991,
   7.650797295456025
  ],
  [
   57.62043070157408,
   7.3296843826553095
  ]
 ],