file,line,symbol,category,lane,scope,source,note
rfx/adi.py,272,_apply_pec_2d,APPLY,adi,adi_step_2d,"ez_half = _apply_pec_2d(ez_half, ez_pec_mask)",
rfx/adi.py,327,_apply_pec_2d,APPLY,adi,adi_step_2d,"ez_new = _apply_pec_2d(ez_new, ez_pec_mask)",
rfx/adi.py,859,_apply_pec_3d,APPLY,adi,adi_step_3d,"rhs_ex, rhs_ey, rhs_ez = _apply_pec_3d(rhs_ex, rhs_ey, rhs_ez, pec_edge_masks)",
rfx/adi.py,864,_apply_pec_3d,APPLY,adi,adi_step_3d,"ex1, ey1, ez1 = _apply_pec_3d(ex1, ey1, ez1, pec_edge_masks)",
rfx/adi.py,881,_apply_pec_3d,APPLY,adi,adi_step_3d,"rhs_ex, rhs_ey, rhs_ez = _apply_pec_3d(rhs_ex, rhs_ey, rhs_ez, pec_edge_masks)",
rfx/adi.py,886,_apply_pec_3d,APPLY,adi,adi_step_3d,"ex2, ey2, ez2 = _apply_pec_3d(ex2, ey2, ez2, pec_edge_masks)",
rfx/amr.py,142,axis_pads,DECIDE,other,suggest_refinement_regions,"pad_x, pad_y, pad_z = grid.axis_pads",
rfx/amr.py,142,pad_x,DERIVE,other,suggest_refinement_regions,"pad_x, pad_y, pad_z = grid.axis_pads",
rfx/amr.py,142,pad_y,DERIVE,other,suggest_refinement_regions,"pad_x, pad_y, pad_z = grid.axis_pads",
rfx/amr.py,142,pad_z,DERIVE,other,suggest_refinement_regions,"pad_x, pad_y, pad_z = grid.axis_pads",
rfx/amr.py,144,pad_x,DECIDE,other,suggest_refinement_regions,"float((lo[0] - pad_x) * dx),",
rfx/amr.py,145,pad_y,DECIDE,other,suggest_refinement_regions,"float((lo[1] - pad_y) * dx),",
rfx/amr.py,146,pad_z,DECIDE,other,suggest_refinement_regions,"float((lo[2] - pad_z) * dx),",
rfx/amr.py,149,pad_x,DECIDE,other,suggest_refinement_regions,"float((hi[0] - pad_x) * dx),",
rfx/amr.py,150,pad_y,DECIDE,other,suggest_refinement_regions,"float((hi[1] - pad_y) * dx),",
rfx/amr.py,151,pad_z,DECIDE,other,suggest_refinement_regions,"float((hi[2] - pad_z) * dx),",
rfx/api/__init__.py,409,pec_faces,DECLARE,other,__init__,"pec_faces: set[str] | list[str] | None = None,",
rfx/api/__init__.py,433,pec_faces,DECLARE,other,__init__,if pec_faces is not None:,
rfx/api/__init__.py,567,_pec_faces,DECLARE,other,__init__,self._pec_faces = spec.pec_faces(),
rfx/api/__init__.py,567,pec_faces,DECLARE,other,__init__,self._pec_faces = spec.pec_faces(),
rfx/api/__init__.py,568,absorber_type,DECLARE,other,__init__,legacy_boundary = spec.absorber_type,
rfx/api/__init__.py,574,pec_faces,DECLARE,other,__init__,if pec_faces is not None:,
rfx/api/__init__.py,584,_pec_faces,DECLARE,other,__init__,self._pec_faces = set(pec_faces) if pec_faces else set(),
rfx/api/__init__.py,584,pec_faces,DECLARE,other,__init__,self._pec_faces = set(pec_faces) if pec_faces else set(),
rfx/api/__init__.py,585,_pec_faces,DECLARE,other,__init__,if self._pec_faces - _valid_faces:,
rfx/api/__init__.py,588,_pec_faces,DECLARE,other,__init__,"f""got invalid: {self._pec_faces - _valid_faces}"")",
rfx/api/__init__.py,595,_pec_faces,DECLARE,other,__init__,"if not _explicit_spec and boundary == ""pec"" and self._pec_faces:",
rfx/api/__init__.py,605,_boundary,DECLARE,other,__init__,self._boundary = boundary,
rfx/api/__init__.py,606,_cpml_layers,DECLARE,other,__init__,"self._cpml_layers = cpml_layers if boundary in (""cpml"", ""upml"") else 0",
rfx/api/__init__.py,625,_boundary,DECLARE,other,__init__,"if self._boundary == ""upml"":",
rfx/api/__init__.py,627,_boundary,DECLARE,other,__init__,"if self._boundary not in (""pec"", ""cpml""):",
rfx/api/__init__.py,690,_periodic_axes,DECLARE,other,__init__,"self._periodic_axes: str = """"",
rfx/api/__init__.py,701,_boundary_spec,DECLARE,other,__init__,self._boundary_spec = spec,
rfx/api/__init__.py,702,_periodic_axes,DECLARE,other,__init__,self._periodic_axes = spec.periodic_axes(),
rfx/api/__init__.py,704,_boundary_spec,DECLARE,other,__init__,self._boundary_spec = self._build_spec_from_legacy(),
rfx/api/__init__.py,716,_cpml_layers,DECLARE,other,__init__,"if self._solver == ""adi"" and self._cpml_layers > 0:",
rfx/api/__init__.py,719,_boundary_spec,PASS,other,__init__,"getattr(getattr(self._boundary_spec, ax), side)",
rfx/api/__init__.py,724,_boundary_spec,PASS,other,__init__,"getattr(self._boundary_spec, ax), f""{side}_thickness"")",
rfx/api/__init__.py,839,_boundary,DECIDE,other,add_refinement,"if self._boundary in (""cpml"", ""upml"") and self._cpml_layers > 0:",
rfx/api/__init__.py,839,_cpml_layers,DECIDE,other,add_refinement,"if self._boundary in (""cpml"", ""upml"") and self._cpml_layers > 0:",
rfx/api/__init__.py,841,_boundary,DECIDE,other,add_refinement,z_lo_kind = self._boundary_spec.z.lo if self._boundary_spec else self._boundary,
rfx/api/__init__.py,841,_boundary_spec,DECIDE,other,add_refinement,z_lo_kind = self._boundary_spec.z.lo if self._boundary_spec else self._boundary,
rfx/api/__init__.py,842,_boundary,DECIDE,other,add_refinement,z_hi_kind = self._boundary_spec.z.hi if self._boundary_spec else self._boundary,
rfx/api/__init__.py,842,_boundary_spec,DECIDE,other,add_refinement,z_hi_kind = self._boundary_spec.z.hi if self._boundary_spec else self._boundary,
rfx/api/__init__.py,1090,_boundary,PASS,other,add_source,"f""{legacy_kind_description(_is_nu, self._boundary)}. """,
rfx/api/__init__.py,2260,_boundary,DECIDE,other,add_tfsf_source,"if self._boundary != ""cpml"":",
rfx/api/__init__.py,2262,_cpml_layers,DECIDE,other,add_tfsf_source,if self._cpml_layers <= 0:,
rfx/api/__init__.py,2268,_periodic_axes,DECIDE,other,add_tfsf_source,if self._periodic_axes:,
rfx/api/__init__.py,2296,bloch,DECIDE,other,add_tfsf_source,"if method not in (""bloch"", ""methodB""):",
rfx/api/__init__.py,2398,_boundary,DECIDE,other,add_waveguide_port,"if self._boundary != ""cpml"":",
rfx/api/__init__.py,2400,_cpml_layers,DECIDE,other,add_waveguide_port,if self._cpml_layers <= 0:,
rfx/api/__init__.py,2404,_periodic_axes,DECIDE,other,add_waveguide_port,if self._periodic_axes:,
rfx/api/__init__.py,2504,axis_pads,DECIDE,other,add_waveguide_port,axis_pad = grid.axis_pads[axis_idx],
rfx/api/__init__.py,2592,_boundary,DECIDE,other,_build_spec_from_legacy,default = self._boundary  # 'cpml' | 'upml' | 'pec',
rfx/api/__init__.py,2595,_periodic_axes,DECIDE,other,_build_spec_from_legacy,if axis_name in self._periodic_axes:,
rfx/api/__init__.py,2598,_pec_faces,DECIDE,other,_build_spec_from_legacy,"lo_tok = ""pec"" if f""{axis_name}_lo"" in self._pec_faces else default",
rfx/api/__init__.py,2599,_pec_faces,DECIDE,other,_build_spec_from_legacy,"hi_tok = ""pec"" if f""{axis_name}_hi"" in self._pec_faces else default",
rfx/api/__init__.py,2633,_periodic_axes,DERIVE,other,set_periodic_axes,self._periodic_axes = normalized,
rfx/api/__init__.py,2636,_boundary_spec,DERIVE,other,set_periodic_axes,self._boundary_spec = self._build_spec_from_legacy(),
rfx/api/__init__.py,2722,_periodic_axes,DECIDE,floquet,add_floquet_port,if not self._periodic_axes:,
rfx/api/__init__.py,2723,_periodic_axes,DERIVE,floquet,add_floquet_port,self._periodic_axes = transverse,
rfx/api/__init__.py,2726,_periodic_axes,DECIDE,floquet,add_floquet_port,if a not in self._periodic_axes:,
rfx/api/__init__.py,2729,_periodic_axes,DECIDE,floquet,add_floquet_port,"f""but periodic_axes={self._periodic_axes!r}""",
rfx/api/__init__.py,2987,_cpml_layers,PASS,other,_nx,return len(prof) + 1 + 2 * self._cpml_layers,
rfx/api/__init__.py,2988,_cpml_layers,PASS,other,_nx,return int(math.ceil(extent / dx)) + 1 + 2 * self._cpml_layers,
rfx/api/__init__.py,3002,_cpml_layers,DECIDE,other,_ad_memory_static_accounting,if self._cpml_layers > 0,
rfx/api/__init__.py,4232,_cpml_layers,DECIDE,other,mesh_intelligence_report,int(math.ceil(extent / min_cell_size)) + 1 + 2 * self._cpml_layers,
rfx/api/__init__.py,4327,_boundary,PASS,other,_mesh_planner_state,"""boundary"": str(self._boundary),",
rfx/api/__init__.py,4328,_cpml_layers,PASS,other,_mesh_planner_state,"""cpml_layers"": int(self._cpml_layers),",
rfx/api/__init__.py,4329,_pec_faces,PASS,other,_mesh_planner_state,"""pec_faces"": tuple(sorted(getattr(self, ""_pec_faces"", set()))),",
rfx/api/__init__.py,4329,pec_faces,PASS,other,_mesh_planner_state,"""pec_faces"": tuple(sorted(getattr(self, ""_pec_faces"", set()))),",
rfx/api/__init__.py,4362,_boundary,PASS,other,__repr__,"f""  boundary={self._boundary!r},\n""",
rfx/api/__init__.py,4370,_periodic_axes,PASS,other,__repr__,"f""  periodic_axes={self._periodic_axes!r},\n""",
rfx/api/_compile.py,66,_periodic_flags,DECLARE,floquet,<module>,"def _periodic_flags(self) -> tuple[bool, bool, bool]:",
rfx/api/_compile.py,75,_periodic_axes,DECIDE,floquet,_periodic_flags,if self._periodic_axes:,
rfx/api/_compile.py,76,_periodic_axes,DECIDE,floquet,_periodic_flags,"return tuple(axis in self._periodic_axes for axis in ""xyz"")",
rfx/api/_compile.py,98,_periodic_axes,DECIDE,waveguide-lane,_filter_periodic,if not self._periodic_axes:,
rfx/api/_compile.py,100,_periodic_axes,DECIDE,waveguide-lane,_filter_periodic,"return """".join(ax for ax in axes if ax not in self._periodic_axes)",
rfx/api/_compile.py,102,face_layers,DERIVE,waveguide-lane,_build_grid,face_layers = self._resolve_face_layers(),
rfx/api/_compile.py,105,cpml_axes,DERIVE,waveguide-lane,_build_grid,cpml_axes = _filter_periodic(,
rfx/api/_compile.py,112,_cpml_layers,PASS,waveguide-lane,_build_grid,"cpml_layers=self._cpml_layers,",
rfx/api/_compile.py,113,cpml_axes,PASS,waveguide-lane,_build_grid,"cpml_axes=cpml_axes,",
rfx/api/_compile.py,116,_pec_faces,PASS,waveguide-lane,_build_grid,"pec_faces=self._pec_faces,",
rfx/api/_compile.py,116,pec_faces,PASS,waveguide-lane,_build_grid,"pec_faces=self._pec_faces,",
rfx/api/_compile.py,117,_boundary_spec,PASS,waveguide-lane,_build_grid,"pmc_faces=self._boundary_spec.pmc_faces(),",
rfx/api/_compile.py,117,pmc_faces,PASS,waveguide-lane,_build_grid,"pmc_faces=self._boundary_spec.pmc_faces(),",
rfx/api/_compile.py,118,face_layers,PASS,waveguide-lane,_build_grid,"face_layers=face_layers,",
rfx/api/_compile.py,119,_boundary_spec,PASS,waveguide-lane,_build_grid,"conformal_faces=self._boundary_spec.conformal_faces(),",
rfx/api/_compile.py,119,conformal_faces,PASS,waveguide-lane,_build_grid,"conformal_faces=self._boundary_spec.conformal_faces(),",
rfx/api/_compile.py,125,_cpml_layers,PASS,waveguide-lane,_build_grid,"cpml_layers=self._cpml_layers,",
rfx/api/_compile.py,126,cpml_axes,PASS,waveguide-lane,_build_grid,"cpml_axes=_filter_periodic(""xyz""),",
rfx/api/_compile.py,129,_pec_faces,PASS,other,_build_grid,"pec_faces=self._pec_faces,",
rfx/api/_compile.py,129,pec_faces,PASS,other,_build_grid,"pec_faces=self._pec_faces,",
rfx/api/_compile.py,130,_boundary_spec,PASS,other,_build_grid,"pmc_faces=self._boundary_spec.pmc_faces(),",
rfx/api/_compile.py,130,pmc_faces,PASS,other,_build_grid,"pmc_faces=self._boundary_spec.pmc_faces(),",
rfx/api/_compile.py,131,face_layers,PASS,other,_build_grid,"face_layers=face_layers,",
rfx/api/_compile.py,132,_boundary_spec,PASS,other,_build_grid,"conformal_faces=self._boundary_spec.conformal_faces(),",
rfx/api/_compile.py,132,conformal_faces,PASS,other,_build_grid,"conformal_faces=self._boundary_spec.conformal_faces(),",
rfx/api/_compile.py,141,_cpml_layers,DECIDE,other,_resolve_face_layers,n_default = self._cpml_layers,
rfx/api/_compile.py,143,_boundary_spec,DECIDE,other,_resolve_face_layers,"for axis_name, boundary in ((""x"", self._boundary_spec.x),",
rfx/api/_compile.py,144,_boundary_spec,DECIDE,other,_resolve_face_layers,"(""y"", self._boundary_spec.y),",
rfx/api/_compile.py,145,_boundary_spec,DECIDE,other,_resolve_face_layers,"(""z"", self._boundary_spec.z)):",
rfx/api/_compile.py,291,_boundary,DECIDE,other,_assemble_materials,"and self._boundary in (""cpml"", ""upml"")",
rfx/api/_compile.py,292,_cpml_layers,DECIDE,other,_assemble_materials,and self._cpml_layers > 0),
rfx/api/_compile.py,394,_boundary,DECIDE,other,_assemble_materials,"and self._boundary in (""cpml"", ""upml"")",
rfx/api/_compile.py,395,_cpml_layers,DECIDE,other,_assemble_materials,and self._cpml_layers > 0):,
rfx/api/_compile.py,401,pad_x_hi,DECIDE,other,_assemble_materials,"plx, phx = grid.pad_x_lo, grid.pad_x_hi",
rfx/api/_compile.py,401,pad_x_lo,DECIDE,other,_assemble_materials,"plx, phx = grid.pad_x_lo, grid.pad_x_hi",
rfx/api/_compile.py,402,pad_y_hi,DECIDE,other,_assemble_materials,"ply, phy = grid.pad_y_lo, grid.pad_y_hi",
rfx/api/_compile.py,402,pad_y_lo,DECIDE,other,_assemble_materials,"ply, phy = grid.pad_y_lo, grid.pad_y_hi",
rfx/api/_compile.py,403,pad_z_hi,DECIDE,other,_assemble_materials,"plz, phz = grid.pad_z_lo, grid.pad_z_hi",
rfx/api/_compile.py,403,pad_z_lo,DECIDE,other,_assemble_materials,"plz, phz = grid.pad_z_lo, grid.pad_z_hi",
rfx/api/_compile.py,453,_boundary_spec,DERIVE,other,_assemble_materials,conformal_faces = self._boundary_spec.conformal_faces(),
rfx/api/_compile.py,453,conformal_faces,DERIVE,other,_assemble_materials,conformal_faces = self._boundary_spec.conformal_faces(),
rfx/api/_compile.py,454,conformal_faces,DECIDE,other,_assemble_materials,if conformal_faces:,
rfx/api/_compile.py,458,conformal_faces,DECIDE,other,_assemble_materials,for face in conformal_faces:,
rfx/api/_compile.py,535,_periodic_flags,DECIDE,other,_assemble_materials,"_rvs(_pec_sheets, lane=""uniform"", periodic=self._periodic_flags())",
rfx/api/_compile.py,535,periodic,PASS,other,_assemble_materials,"_rvs(_pec_sheets, lane=""uniform"", periodic=self._periodic_flags())",
rfx/api/_compile.py,772,axis_pads,DECIDE,other,_build_waveguide_port_config,snapped_source_plane = (x_index - grid.axis_pads[axis_idx]) * grid.dx,
rfx/api/_compile.py,793,axis_pads,DECIDE,other,_build_waveguide_port_config,"u_slice, a_span = self._range_to_slice(entry.y_range, self._domain[1], grid.dx, grid.ny, grid.axis_pads[1])",
rfx/api/_compile.py,794,axis_pads,DECIDE,other,_build_waveguide_port_config,"v_slice, b_span = self._range_to_slice(entry.z_range, self._domain[2], grid.dx, grid.nz, grid.axis_pads[2])",
rfx/api/_compile.py,796,axis_pads,DECIDE,other,_build_waveguide_port_config,"u_slice, a_span = self._range_to_slice(entry.x_range, self._domain[0], grid.dx, grid.nx, grid.axis_pads[0])",
rfx/api/_compile.py,797,axis_pads,DECIDE,other,_build_waveguide_port_config,"v_slice, b_span = self._range_to_slice(entry.z_range, self._domain[2], grid.dx, grid.nz, grid.axis_pads[2])",
rfx/api/_compile.py,799,axis_pads,DECIDE,other,_build_waveguide_port_config,"u_slice, a_span = self._range_to_slice(entry.x_range, self._domain[0], grid.dx, grid.nx, grid.axis_pads[0])",
rfx/api/_compile.py,800,axis_pads,DECIDE,other,_build_waveguide_port_config,"v_slice, b_span = self._range_to_slice(entry.y_range, self._domain[1], grid.dx, grid.ny, grid.axis_pads[1])",
rfx/api/_compile.py,859,_cpml_layers,PASS,other,_build_nonuniform_grid,"self._freq_max, self._domain, self._dx, self._cpml_layers,",
rfx/api/_compile.py,863,_boundary_spec,DECIDE,other,_build_nonuniform_grid,pec_faces=self._boundary_spec.pec_faces(),
rfx/api/_compile.py,863,pec_faces,PASS,other,_build_nonuniform_grid,pec_faces=self._boundary_spec.pec_faces(),
rfx/api/_compile.py,864,_boundary_spec,DECIDE,other,_build_nonuniform_grid,"if self._boundary_spec is not None else None,",
rfx/api/_compile.py,865,_boundary_spec,DECIDE,other,_build_nonuniform_grid,pmc_faces=self._boundary_spec.pmc_faces(),
rfx/api/_compile.py,865,pmc_faces,PASS,other,_build_nonuniform_grid,pmc_faces=self._boundary_spec.pmc_faces(),
rfx/api/_compile.py,866,_boundary_spec,DECIDE,other,_build_nonuniform_grid,"if self._boundary_spec is not None else None,",
rfx/api/_compile.py,867,cpml_axes,PASS,other,_build_nonuniform_grid,"cpml_axes="""".join(",
rfx/api/_compile.py,869,_periodic_axes,DECIDE,other,_build_nonuniform_grid,"if ax not in (self._periodic_axes or """")",
rfx/api/_execute.py,243,pad_x_lo,DERIVE,other,_refplane_reject_planes_off_the_uniform_line,"pad_lo = (grid.pad_x_lo, grid.pad_y_lo, grid.pad_z_lo)[line_axis]",
rfx/api/_execute.py,243,pad_y_lo,DERIVE,other,_refplane_reject_planes_off_the_uniform_line,"pad_lo = (grid.pad_x_lo, grid.pad_y_lo, grid.pad_z_lo)[line_axis]",
rfx/api/_execute.py,243,pad_z_lo,DERIVE,other,_refplane_reject_planes_off_the_uniform_line,"pad_lo = (grid.pad_x_lo, grid.pad_y_lo, grid.pad_z_lo)[line_axis]",
rfx/api/_execute.py,244,pad_x_hi,DERIVE,other,_refplane_reject_planes_off_the_uniform_line,"pad_hi = (grid.pad_x_hi, grid.pad_y_hi, grid.pad_z_hi)[line_axis]",
rfx/api/_execute.py,244,pad_y_hi,DERIVE,other,_refplane_reject_planes_off_the_uniform_line,"pad_hi = (grid.pad_x_hi, grid.pad_y_hi, grid.pad_z_hi)[line_axis]",
rfx/api/_execute.py,244,pad_z_hi,DERIVE,other,_refplane_reject_planes_off_the_uniform_line,"pad_hi = (grid.pad_x_hi, grid.pad_y_hi, grid.pad_z_hi)[line_axis]",
rfx/api/_execute.py,373,_boundary_spec,PASS,other,_check_stencil_order_supported,"_spec = getattr(self, ""_boundary_spec"", None)",
rfx/api/_execute.py,375,absorber_type,DECIDE,other,_check_stencil_order_supported,_absorber = _spec.absorber_type  # @property → 'cpml'/'upml'/None,
rfx/api/_execute.py,376,_boundary,DECIDE,other,_check_stencil_order_supported,"if _absorber in (""cpml"", ""upml"") or self._boundary in (""cpml"", ""upml""):",
rfx/api/_execute.py,378,_boundary,DECIDE,other,_check_stencil_order_supported,"f""boundary='{_absorber or self._boundary}'""",
rfx/api/_execute.py,533,_boundary_spec,DECIDE,other,_warn_postrun_energy_witness,"open_boundary = self._boundary_spec.absorber_type in (""cpml"", ""upml"")",
rfx/api/_execute.py,533,absorber_type,DECIDE,other,_warn_postrun_energy_witness,"open_boundary = self._boundary_spec.absorber_type in (""cpml"", ""upml"")",
rfx/api/_execute.py,1041,_boundary,PASS,other,_auto_configure_mesh,"boundary=self._boundary,",
rfx/api/_execute.py,1067,_boundary,DECIDE,other,_reject_upml_on_nonuniform,"if self._boundary != ""upml"" or self._cpml_layers <= 0:",
rfx/api/_execute.py,1067,_cpml_layers,DECIDE,other,_reject_upml_on_nonuniform,"if self._boundary != ""upml"" or self._cpml_layers <= 0:",
rfx/api/_execute.py,1166,_periodic_axes,DECIDE,other,_run_adi_from_materials,"tuple(a in self._periodic_axes for a in ""xyz"")",
rfx/api/_execute.py,1167,_periodic_axes,DECIDE,other,_run_adi_from_materials,if self._periodic_axes else None),
rfx/api/_execute.py,1172,periodic,PASS,other,_run_adi_from_materials,periodic=_adi_periodic),
rfx/api/_execute.py,1202,_boundary,DECIDE,other,_run_adi_from_materials,"if self._boundary == ""cpml"" and self._cpml_layers > 0:",
rfx/api/_execute.py,1202,_cpml_layers,DECIDE,other,_run_adi_from_materials,"if self._boundary == ""cpml"" and self._cpml_layers > 0:",
rfx/api/_execute.py,1204,make_adi_absorbing_sigma_3d,DERIVE,other,_run_adi_from_materials,absorb_sigma = make_adi_absorbing_sigma_3d(,
rfx/api/_execute.py,1205,_cpml_layers,PASS,other,_run_adi_from_materials,"nx, ny, nz, self._cpml_layers, grid.dx, grid.dx, grid.dx)",
rfx/api/_execute.py,1233,_boundary,PASS,other,_run_adi_from_materials,"freq_range=(self._freq_max / 10, self._freq_max, self._boundary),",
rfx/api/_execute.py,1257,_boundary,DECIDE,other,_run_adi_from_materials,"if self._boundary == ""cpml"" and self._cpml_layers > 0:",
rfx/api/_execute.py,1257,_cpml_layers,DECIDE,other,_run_adi_from_materials,"if self._boundary == ""cpml"" and self._cpml_layers > 0:",
rfx/api/_execute.py,1260,make_adi_absorbing_sigma,DERIVE,other,_run_adi_from_materials,absorb_sigma = make_adi_absorbing_sigma(,
rfx/api/_execute.py,1261,_cpml_layers,PASS,other,_run_adi_from_materials,"nx_2d, ny_2d, self._cpml_layers, grid.dx)",
rfx/api/_execute.py,1303,_boundary,PASS,other,_run_adi_from_materials,"freq_range=(self._freq_max / 10, self._freq_max, self._boundary),",
rfx/api/_execute.py,1432,_periodic_flags,DERIVE,forward,_forward_from_materials,periodic_bool = self._periodic_flags(),
rfx/api/_execute.py,1441,cpml_axes,DERIVE,forward,_forward_from_materials,cpml_axes_run = grid.cpml_axes,
rfx/api/_execute.py,1454,_boundary,PASS,forward,_forward_from_materials,"if getattr(self, ""_boundary"", None) == ""pec"":",
rfx/api/_execute.py,1480,bloch,PASS,forward,_forward_from_materials,"method=getattr(self._tfsf, ""method"", ""bloch""),",
rfx/api/_execute.py,1515,periodic,PASS,forward,_forward_from_materials,periodic=periodic_bool),
rfx/api/_execute.py,1802,periodic,PASS,forward,_forward_from_materials,"sheet_impedance=sheet_impedance, periodic=periodic_bool,",
rfx/api/_execute.py,1803,_boundary_spec,DECIDE,forward,_forward_from_materials,"pec_faces=self._boundary_spec.pec_faces(), name=pe.name)",
rfx/api/_execute.py,1803,pec_faces,PASS,forward,_forward_from_materials,"pec_faces=self._boundary_spec.pec_faces(), name=pe.name)",
rfx/api/_execute.py,2077,periodic,PASS,forward,_forward_from_materials,"periodic=periodic_bool,",
rfx/api/_execute.py,2125,_boundary,PASS,forward,_forward_from_materials,"boundary=self._boundary,",
rfx/api/_execute.py,2126,cpml_axes,PASS,forward,_forward_from_materials,"cpml_axes=cpml_axes_run,",
rfx/api/_execute.py,2127,pec_axes,PASS,forward,_forward_from_materials,"pec_axes=pec_axes_run,",
rfx/api/_execute.py,2128,periodic,PASS,forward,_forward_from_materials,"periodic=periodic_bool,",
rfx/api/_execute.py,2546,pad_x,DERIVE,forward,_forward_distributed_nonuniform_from_materials,pad_x = 0,
rfx/api/_execute.py,2548,pad_x,DERIVE,forward,_forward_distributed_nonuniform_from_materials,pad_x = n_devices - (nx % n_devices),
rfx/api/_execute.py,2549,pad_x,DECIDE,forward,_forward_distributed_nonuniform_from_materials,nx_padded = nx + pad_x,
rfx/api/_execute.py,2561,_cpml_layers,PASS,forward,_forward_distributed_nonuniform_from_materials,"cpml_layers = int(getattr(self, ""_cpml_layers"", 0) or 0)",
rfx/api/_execute.py,2562,_boundary,DECIDE,forward,_forward_distributed_nonuniform_from_materials,"if self._boundary == ""cpml"" and cpml_layers > 0:",
rfx/api/_execute.py,2664,pad_x,DERIVE,forward,_forward_distributed_nonuniform_from_materials,pad_x = sharded_grid.pad_x,
rfx/api/_execute.py,2665,pad_x,DECIDE,forward,_forward_distributed_nonuniform_from_materials,if pad_x > 0:,
rfx/api/_execute.py,2666,pad_x,DERIVE,forward,_forward_distributed_nonuniform_from_materials,"_pad_widths = ((0, pad_x), (0, 0), (0, 0))",
rfx/api/_execute.py,2705,_cpml_layers,PASS,forward,_forward_distributed_nonuniform_from_materials,"cpml_layers = int(getattr(self, ""_cpml_layers"", 0) or 0)",
rfx/api/_execute.py,2706,_boundary,DECIDE,forward,_forward_distributed_nonuniform_from_materials,"if self._boundary == ""cpml"" and cpml_layers > 0:",
rfx/api/_execute.py,2707,init_cpml_for_sharded_nu,DERIVE,forward,_forward_distributed_nonuniform_from_materials,"cpml_params, cpml_state_stacked = init_cpml_for_sharded_nu(",
rfx/api/_execute.py,2709,_pec_faces,PASS,forward,_forward_distributed_nonuniform_from_materials,"pec_faces=getattr(self, ""_pec_faces"", None),",
rfx/api/_execute.py,2709,pec_faces,PASS,forward,_forward_distributed_nonuniform_from_materials,"pec_faces=getattr(self, ""_pec_faces"", None),",
rfx/api/_execute.py,2787,_boundary_spec,DECIDE,forward,_forward_distributed_nonuniform_from_materials,"pmc_faces=frozenset(self._boundary_spec.pmc_faces()),",
rfx/api/_execute.py,2787,pmc_faces,PASS,forward,_forward_distributed_nonuniform_from_materials,"pmc_faces=frozenset(self._boundary_spec.pmc_faces()),",
rfx/api/_execute.py,3008,_boundary,DECIDE,other,_dispatch_plan,"if self._boundary == ""upml"" and distributed_run:",
rfx/api/_execute.py,3828,_periodic_flags,DERIVE,forward,forward,_fwd_periodic = self._periodic_flags(),
rfx/api/_execute.py,3836,periodic,PASS,forward,forward,"periodic=_fwd_periodic)),",
rfx/api/_execute.py,3837,periodic,PASS,forward,forward,periodic=_fwd_periodic),
rfx/api/_execute.py,3846,_boundary,DECIDE,forward,forward,"if _fwd_sheet_ctx is not None and self._boundary == ""upml"":",
rfx/api/_execute.py,4099,_boundary_spec,DERIVE,other,run,conformal_pec = bool(self._boundary_spec.conformal_faces()),
rfx/api/_execute.py,4099,conformal_faces,DERIVE,other,run,conformal_pec = bool(self._boundary_spec.conformal_faces()),
rfx/api/_execute.py,4204,_boundary,DECIDE,other,run,"if self._boundary in (""cpml"", ""upml"")",
rfx/api/_mesh.py,90,_boundary,DECIDE,other,_resolve_mesh,"state[""_freq_max""], state[""_boundary""],",
rfx/api/_mesh.py,180,_boundary_spec,PASS,other,_require_mode_the_nonuniform_lane_solves,"spec = getattr(self, ""_boundary_spec"", None)",
rfx/api/_mesh.py,182,_boundary,DECIDE,other,_require_mode_the_nonuniform_lane_solves,"else (self._boundary, self._boundary))",
rfx/api/_preflight.py,468,_periodic_axes,DECIDE,preflight,_validate_run_sparameter_request,if self._periodic_axes and port_entries:,
rfx/api/_preflight.py,473,_periodic_axes,DECIDE,preflight,_validate_run_sparameter_request,"f""ignore set_periodic_axes({self._periodic_axes!r}). Remove the """,
rfx/api/_preflight.py,1179,_periodic_axes,DECIDE,preflight,_validate_waveguide_sparameter_request_for_preflight,if self._periodic_axes:,
rfx/api/_preflight.py,1325,_boundary,DECIDE,preflight,_validate_simulation_config,"cpml_thickness = self._cpml_layers * dx if self._boundary in (""cpml"", ""upml"") else 0",
rfx/api/_preflight.py,1325,_cpml_layers,DECIDE,preflight,_validate_simulation_config,"cpml_thickness = self._cpml_layers * dx if self._boundary in (""cpml"", ""upml"") else 0",
rfx/api/_preflight.py,1330,_boundary,DECIDE,preflight,_validate_simulation_config,"absorber_label = ""UPML"" if self._boundary == ""upml"" else ""CPML""",
rfx/api/_preflight.py,1342,pmc_faces,PASS,preflight,_validate_simulation_config,"pmc_faces=_pmc_faces_set,",
rfx/api/_preflight.py,2006,_boundary,DECIDE,preflight,_validate_adi_configuration,"if self._boundary == ""upml"":",
rfx/api/_preflight.py,2008,_boundary,DECIDE,preflight,_validate_adi_configuration,"if self._boundary not in (""pec"", ""cpml""):",
rfx/api/_preflight.py,2016,_periodic_axes,DECIDE,preflight,_validate_adi_configuration,if self._periodic_axes:,
rfx/artifacts.py,231,_boundary,PASS,other,_simulation_summary,"""boundary"": getattr(sim, ""_boundary"", None),",
rfx/artifacts.py,232,_boundary_spec,PASS,other,_simulation_summary,"""boundary_spec"": _jsonable(getattr(sim, ""_boundary_spec"", None)),",
rfx/artifacts.py,233,_cpml_layers,PASS,other,_simulation_summary,"""cpml_layers"": getattr(sim, ""_cpml_layers"", None),",
rfx/artifacts.py,240,_periodic_axes,PASS,other,_simulation_summary,"""periodic_axes"": getattr(sim, ""_periodic_axes"", """"),",
rfx/boundaries/cpml.py,391,pad_{axis}_lo,PASS,other,_axis_buffer_depths,"pad_lo = getattr(grid, f""pad_{axis}_lo"", None)",
rfx/boundaries/cpml.py,392,pad_{axis}_hi,PASS,other,_axis_buffer_depths,"pad_hi = getattr(grid, f""pad_{axis}_hi"", None)",
rfx/boundaries/cpml.py,394,cpml_axes,PASS,other,_axis_buffer_depths,"axis not in getattr(grid, ""cpml_axes"", ""xyz""):",
rfx/boundaries/cpml.py,420,pad_{axis}_{side},PASS,other,_assert_absorber_fits,"pad = int(getattr(grid, f""pad_{axis}_{side}"", 0) or 0)",
rfx/boundaries/cpml.py,433,pec_faces,DECLARE,other,init_cpml,"pec_faces: set[str] | None = None,",
rfx/boundaries/cpml.py,434,pmc_faces,DECLARE,other,init_cpml,"pmc_faces: set[str] | None = None,",
rfx/boundaries/cpml.py,462,pec_faces,DECIDE,other,init_cpml,if pec_faces is None:,
rfx/boundaries/cpml.py,463,pec_faces,DERIVE,other,init_cpml,"pec_faces = getattr(grid, ""pec_faces"", None) or set()",
rfx/boundaries/cpml.py,464,pmc_faces,DECIDE,other,init_cpml,if pmc_faces is None:,
rfx/boundaries/cpml.py,465,pmc_faces,DERIVE,other,init_cpml,"pmc_faces = getattr(grid, ""pmc_faces"", None) or set()",
rfx/boundaries/cpml.py,469,pec_faces,PASS,other,init_cpml,noop_faces = set(pec_faces) | set(pmc_faces),
rfx/boundaries/cpml.py,469,pmc_faces,PASS,other,init_cpml,noop_faces = set(pec_faces) | set(pmc_faces),
rfx/boundaries/cpml.py,479,face_layers,DERIVE,other,init_cpml,"face_layers = getattr(grid, ""face_layers"", None) or {",
rfx/boundaries/cpml.py,486,face_layers,DECIDE,other,_lo_face_profile,"n_active = int(face_layers.get(face_name, n))",
rfx/boundaries/cpml.py,493,face_layers,DECIDE,other,_hi_face_profile,"n_active = int(face_layers.get(face_name, n))",
rfx/boundaries/pec.py,118,periodic,DECLARE,other,_shift,"def _shift(arr, ax, periodic, direction):",
rfx/boundaries/pec.py,129,periodic,DECIDE,other,_shift,if arr.shape[ax] == 1 or periodic[ax]:,
rfx/boundaries/pec.py,329,periodic,DECLARE,other,_volume_edge_masks,"def _volume_edge_masks(cell_mask, periodic):",
rfx/boundaries/pec.py,343,periodic,PASS,other,_volume_edge_masks,"m = m | _shift(m, t, periodic, +1)",
rfx/boundaries/pec.py,348,periodic,DECLARE,other,_volume_occupancy_masks,"def _volume_occupancy_masks(occ, periodic):",
rfx/boundaries/pec.py,365,periodic,PASS,other,_volume_occupancy_masks,"m = 1.0 - (1.0 - m) * (1.0 - _shift(m, t, periodic, +1))",
rfx/boundaries/pec.py,370,periodic,DECLARE,other,_sheet_edge_masks,"def _sheet_edge_masks(sheets, shape, periodic):",
rfx/boundaries/pec.py,405,periodic,PASS,other,_sheet_edge_masks,"m = F & _shift(F, t, periodic, -1)",
rfx/boundaries/pec.py,411,periodic,DECLARE,other,realized_pec_edge_masks,"periodic=(False, False, False)):",
rfx/boundaries/pec.py,449,periodic,PASS,other,realized_pec_edge_masks,"sheet_edges = _sheet_edge_masks(sheets, shape, periodic)",
rfx/boundaries/pec.py,452,periodic,PASS,other,realized_pec_edge_masks,"out = list(_volume_edge_masks(cells.astype(bool), periodic))",
rfx/boundaries/pec.py,464,periodic,DECLARE,other,realized_wall_planes,"periodic=(False, False, False)):",
rfx/boundaries/pec.py,522,periodic,DECIDE,other,realized_wall_planes,elif periodic[t]:,
rfx/boundaries/pec.py,608,periodic,DECLARE,other,kottke_fenced_edge_masks,"periodic=(False, False, False),",
rfx/boundaries/pec.py,638,periodic,PASS,other,kottke_fenced_edge_masks,"None, sheets=sheets, wires=wires, periodic=periodic)",
rfx/boundaries/pec.py,659,periodic,DECLARE,other,apply_pec_mask,"def apply_pec_mask(state, pec_mask, periodic=(False, False, False),",
rfx/boundaries/pec.py,669,periodic,PASS,other,apply_pec_mask,"state, realized_pec_edge_masks(pec_mask, sheets=sheets, periodic=periodic))",
rfx/boundaries/pec.py,733,periodic,DECLARE,other,apply_pec_occupancy,"def apply_pec_occupancy(state, pec_occupancy, periodic=(False, False, False),",
rfx/boundaries/pec.py,748,periodic,PASS,other,apply_pec_occupancy,"m_ex, m_ey, m_ez = _volume_occupancy_masks(occ, periodic)",
rfx/boundaries/pec.py,763,periodic,DECLARE,other,pec_occupancy_box_keep,"periodic=(False, False, False)):",
rfx/boundaries/pec.py,798,periodic,PASS,other,pec_occupancy_box_keep,if any(periodic):,
rfx/boundaries/pec.py,801,periodic,DECIDE,other,pec_occupancy_box_keep,"f""periodic={tuple(bool(p) for p in periodic)}. The incident rule """,
rfx/boundaries/spec.py,22,periodic,DERIVE,other,<module>,"BOUNDARY_TOKENS = (""cpml"", ""upml"", ""pec"", ""pmc"", ""periodic"")",
rfx/boundaries/spec.py,204,absorber_type,DECLARE,other,<module>,def absorber_type(self) -> str | None:,
rfx/boundaries/spec.py,231,pec_faces,DECLARE,other,<module>,def pec_faces(self) -> set[str]:,
rfx/boundaries/spec.py,235,pmc_faces,DECLARE,other,<module>,def pmc_faces(self) -> set[str]:,
rfx/boundaries/spec.py,239,conformal_faces,DECLARE,other,<module>,def conformal_faces(self) -> set[str]:,
rfx/boundaries/upml.py,104,pec_faces,DERIVE,other,_axis_sigma_E_H,"pec_faces = getattr(grid, ""pec_faces"", None) or set()",
rfx/boundaries/upml.py,105,pmc_faces,DERIVE,other,_axis_sigma_E_H,"pmc_faces = getattr(grid, ""pmc_faces"", None) or set()",
rfx/boundaries/upml.py,115,pec_faces,DECIDE,other,_build,if (pad_lo > 0 and lo_face not in pec_faces,
rfx/boundaries/upml.py,116,pmc_faces,DECIDE,other,_build,and lo_face not in pmc_faces):,
rfx/boundaries/upml.py,119,pec_faces,DECIDE,other,_build,if (pad_hi > 0 and hi_face not in pec_faces,
rfx/boundaries/upml.py,120,pmc_faces,DECIDE,other,_build,and hi_face not in pmc_faces):,
rfx/boundaries/upml.py,128,pad_x_hi,PASS,other,_axis_sigma_E_H,"return _build(dx_x, grid.pad_x_lo, grid.pad_x_hi,",
rfx/boundaries/upml.py,128,pad_x_lo,PASS,other,_axis_sigma_E_H,"return _build(dx_x, grid.pad_x_lo, grid.pad_x_hi,",
rfx/boundaries/upml.py,133,pad_y_hi,PASS,other,_axis_sigma_E_H,"return _build(dx_y, grid.pad_y_lo, grid.pad_y_hi,",
rfx/boundaries/upml.py,133,pad_y_lo,PASS,other,_axis_sigma_E_H,"return _build(dx_y, grid.pad_y_lo, grid.pad_y_hi,",
rfx/boundaries/upml.py,136,pad_z_hi,DECIDE,other,_axis_sigma_E_H,if grid.pad_z_lo <= 0 and grid.pad_z_hi <= 0:,
rfx/boundaries/upml.py,136,pad_z_lo,DECIDE,other,_axis_sigma_E_H,if grid.pad_z_lo <= 0 and grid.pad_z_hi <= 0:,
rfx/boundaries/upml.py,143,pad_z_lo,DECIDE,other,_axis_sigma_E_H,"if (grid.pad_z_lo > 0 and ""z_lo"" not in pec_faces",
rfx/boundaries/upml.py,143,pec_faces,DECIDE,other,_axis_sigma_E_H,"if (grid.pad_z_lo > 0 and ""z_lo"" not in pec_faces",
rfx/boundaries/upml.py,144,pmc_faces,DECIDE,other,_axis_sigma_E_H,"and ""z_lo"" not in pmc_faces):",
rfx/boundaries/upml.py,145,pad_z_lo,DECIDE,other,_axis_sigma_E_H,_nlo = grid.pad_z_lo,
rfx/boundaries/upml.py,150,pad_z_hi,DECIDE,other,_axis_sigma_E_H,"if (grid.pad_z_hi > 0 and ""z_hi"" not in pec_faces",
rfx/boundaries/upml.py,150,pec_faces,DECIDE,other,_axis_sigma_E_H,"if (grid.pad_z_hi > 0 and ""z_hi"" not in pec_faces",
rfx/boundaries/upml.py,151,pmc_faces,DECIDE,other,_axis_sigma_E_H,"and ""z_hi"" not in pmc_faces):",
rfx/boundaries/upml.py,152,pad_z_hi,DECIDE,other,_axis_sigma_E_H,_nhi = grid.pad_z_hi,
rfx/boundaries/upml.py,177,pad_{axis},PASS,other,_get_sigma,"if getattr(grid, f""pad_{axis}"", 0) > 0 and axis in axes:",
rfx/boundaries/upml.py,271,periodic,DECLARE,other,apply_upml_h,"periodic: tuple = (False, False, False),",
rfx/boundaries/upml.py,275,periodic,DECIDE,other,fwd,if periodic[axis]:,
rfx/boundaries/upml.py,301,periodic,DECLARE,other,apply_upml_e,"periodic: tuple = (False, False, False),",
rfx/boundaries/upml.py,305,periodic,DECIDE,other,bwd,if periodic[axis]:,
rfx/convergence.py,471,_boundary_spec,PASS,other,sim_factory,"boundary=sim._boundary_spec,",
rfx/convergence.py,472,_cpml_layers,PASS,other,sim_factory,"cpml_layers=sim._cpml_layers,",
rfx/convergence.py,488,_periodic_axes,DERIVE,other,sim_factory,new_sim._periodic_axes = sim._periodic_axes,
rfx/core/yee.py,172,bloch,DECLARE,other,_diff_fwd_o,"def _diff_fwd_o(arr, axis, periodic, order, bloch=None):",
rfx/core/yee.py,172,periodic,DECLARE,other,_diff_fwd_o,"def _diff_fwd_o(arr, axis, periodic, order, bloch=None):",
rfx/core/yee.py,184,periodic,APPLY,other,_diff_fwd_o,if periodic[axis]:,
rfx/core/yee.py,186,bloch,APPLY,other,_diff_fwd_o,if bloch is not None:,
rfx/core/yee.py,187,bloch,APPLY,other,_diff_fwd_o,nxt = nxt * bloch[axis],
rfx/core/yee.py,191,periodic,APPLY,other,_diff_fwd_o,if periodic[axis]:,
rfx/core/yee.py,200,bloch,DECLARE,other,_diff_bwd_o,"def _diff_bwd_o(arr, axis, periodic, order, bloch=None):",
rfx/core/yee.py,200,periodic,DECLARE,other,_diff_bwd_o,"def _diff_bwd_o(arr, axis, periodic, order, bloch=None):",
rfx/core/yee.py,209,periodic,APPLY,other,_diff_bwd_o,if periodic[axis]:,
rfx/core/yee.py,211,bloch,APPLY,other,_diff_bwd_o,if bloch is not None:,
rfx/core/yee.py,212,bloch,APPLY,other,_diff_bwd_o,prv = prv * bloch[axis].conjugate(),
rfx/core/yee.py,216,periodic,APPLY,other,_diff_bwd_o,if periodic[axis]:,
rfx/core/yee.py,227,periodic,DECLARE,other,update_h,"periodic: tuple = (False, False, False),",
rfx/core/yee.py,229,bloch,DECLARE,other,update_h,bloch: tuple | None = None) -> FDTDState:,
rfx/core/yee.py,248,bloch,APPLY,other,update_h,if bloch is not None and so != 2:,
rfx/core/yee.py,273,bloch,PASS,other,update_h,"_diff_fwd_o(ez, 1, periodic, so, bloch) / dx",
rfx/core/yee.py,273,periodic,PASS,other,update_h,"_diff_fwd_o(ez, 1, periodic, so, bloch) / dx",
rfx/core/yee.py,274,bloch,PASS,other,update_h,"- _diff_fwd_o(ey, 2, periodic, so, bloch) / dx",
rfx/core/yee.py,274,periodic,PASS,other,update_h,"- _diff_fwd_o(ey, 2, periodic, so, bloch) / dx",
rfx/core/yee.py,278,bloch,PASS,other,update_h,"_diff_fwd_o(ex, 2, periodic, so, bloch) / dx",
rfx/core/yee.py,278,periodic,PASS,other,update_h,"_diff_fwd_o(ex, 2, periodic, so, bloch) / dx",
rfx/core/yee.py,279,bloch,PASS,other,update_h,"- _diff_fwd_o(ez, 0, periodic, so, bloch) / dx",
rfx/core/yee.py,279,periodic,PASS,other,update_h,"- _diff_fwd_o(ez, 0, periodic, so, bloch) / dx",
rfx/core/yee.py,283,bloch,PASS,other,update_h,"_diff_fwd_o(ey, 0, periodic, so, bloch) / dx",
rfx/core/yee.py,283,periodic,PASS,other,update_h,"_diff_fwd_o(ey, 0, periodic, so, bloch) / dx",
rfx/core/yee.py,284,bloch,PASS,other,update_h,"- _diff_fwd_o(ex, 1, periodic, so, bloch) / dx",
rfx/core/yee.py,284,periodic,PASS,other,update_h,"- _diff_fwd_o(ex, 1, periodic, so, bloch) / dx",
rfx/core/yee.py,294,periodic,DECLARE,other,curl_h,"def curl_h(hx, hy, hz, dx: float, periodic: tuple,",
rfx/core/yee.py,295,bloch,DECLARE,other,curl_h,"stencil_order: int = 2, bloch: tuple | None = None):",
rfx/core/yee.py,307,bloch,PASS,other,curl_h,"_diff_bwd_o(hz, 1, periodic, so, bloch) / dx",
rfx/core/yee.py,307,periodic,PASS,other,curl_h,"_diff_bwd_o(hz, 1, periodic, so, bloch) / dx",
rfx/core/yee.py,308,bloch,PASS,other,curl_h,"- _diff_bwd_o(hy, 2, periodic, so, bloch) / dx",
rfx/core/yee.py,308,periodic,PASS,other,curl_h,"- _diff_bwd_o(hy, 2, periodic, so, bloch) / dx",
rfx/core/yee.py,312,bloch,PASS,other,curl_h,"_diff_bwd_o(hx, 2, periodic, so, bloch) / dx",
rfx/core/yee.py,312,periodic,PASS,other,curl_h,"_diff_bwd_o(hx, 2, periodic, so, bloch) / dx",
rfx/core/yee.py,313,bloch,PASS,other,curl_h,"- _diff_bwd_o(hz, 0, periodic, so, bloch) / dx",
rfx/core/yee.py,313,periodic,PASS,other,curl_h,"- _diff_bwd_o(hz, 0, periodic, so, bloch) / dx",
rfx/core/yee.py,317,bloch,PASS,other,curl_h,"_diff_bwd_o(hy, 0, periodic, so, bloch) / dx",
rfx/core/yee.py,317,periodic,PASS,other,curl_h,"_diff_bwd_o(hy, 0, periodic, so, bloch) / dx",
rfx/core/yee.py,318,bloch,PASS,other,curl_h,"- _diff_bwd_o(hx, 1, periodic, so, bloch) / dx",
rfx/core/yee.py,318,periodic,PASS,other,curl_h,"- _diff_bwd_o(hx, 1, periodic, so, bloch) / dx",
rfx/core/yee.py,366,periodic,DECLARE,other,update_e_box,"periodic: tuple = (False, False, False),",
rfx/core/yee.py,368,bloch,DECLARE,other,update_e_box,"bloch: tuple | None = None,",
rfx/core/yee.py,419,bloch,PASS,other,update_e_box,"prev.hz.astype(_cdtype), dx, periodic, stencil_order, bloch)",
rfx/core/yee.py,419,periodic,PASS,other,update_e_box,"prev.hz.astype(_cdtype), dx, periodic, stencil_order, bloch)",
rfx/core/yee.py,438,periodic,DECLARE,other,update_e,"periodic: tuple = (False, False, False),",
rfx/core/yee.py,440,bloch,DECLARE,other,update_e,bloch: tuple | None = None) -> FDTDState:,
rfx/core/yee.py,460,bloch,APPLY,other,update_e,if bloch is not None and so != 2:,
rfx/core/yee.py,479,bloch,PASS,other,update_e,"curl_x, curl_y, curl_z = curl_h(hx, hy, hz, dx, periodic, so, bloch)",
rfx/core/yee.py,479,periodic,PASS,other,update_e,"curl_x, curl_y, curl_z = curl_h(hx, hy, hz, dx, periodic, so, bloch)",
rfx/core/yee.py,609,pec_axes,DECLARE,other,precompute_coeffs,"pec_axes: str = """",",
rfx/core/yee.py,645,pec_axes,DECIDE,other,precompute_coeffs,if pec_axes:,
rfx/core/yee.py,647,pec_axes,DECIDE,other,precompute_coeffs,"if ""x"" in pec_axes:",
rfx/core/yee.py,653,pec_axes,DECIDE,other,precompute_coeffs,"if ""y"" in pec_axes:",
rfx/core/yee.py,659,pec_axes,DECIDE,other,precompute_coeffs,"if ""z"" in pec_axes:",
rfx/core/yee.py,815,periodic,DECLARE,other,update_e_aniso_inv,"periodic: tuple = (False, False, False)) -> FDTDState:",
rfx/core/yee.py,858,periodic,DECIDE,other,bwd,if periodic[axis]:,
rfx/core/yee.py,914,periodic,DECLARE,other,update_e_aniso,"periodic: tuple = (False, False, False)) -> FDTDState:",
rfx/core/yee.py,933,periodic,DECIDE,other,bwd,if periodic[axis]:,
rfx/differentiable_material_fit.py,563,_boundary,PASS,other,forward,"if hasattr(sim, '_boundary'):",
rfx/differentiable_material_fit.py,564,_boundary,DECIDE,other,forward,boundary = sim._boundary,
rfx/farfield.py,100,face_layers,PASS,farfield,from_grid,"fl = getattr(grid, ""face_layers"", None)",
rfx/fidelity.py,90,axis_pads,DECIDE,other,_node_arrays,pads = grid.axis_pads,
rfx/fidelity.py,232,periodic,DECLARE,other,_wall_plane_rows,"def _wall_plane_rows(mask, nodes, periodic):",
rfx/fidelity.py,248,periodic,PASS,other,_wall_plane_rows,periodic=periodic),
rfx/fidelity.py,348,_periodic_axes,PASS,other,fidelity_report,"periodic = periodic_flags_from_axes(getattr(sim, ""_periodic_axes"", """"))",
rfx/fidelity.py,348,periodic,DERIVE,other,fidelity_report,"periodic = periodic_flags_from_axes(getattr(sim, ""_periodic_axes"", """"))",
rfx/fidelity.py,354,pad_x_lo,PASS,other,fidelity_report,"pads = (int(grid.pad_x_lo), int(grid.pad_y_lo), int(grid.pad_z_lo))",
rfx/fidelity.py,354,pad_y_lo,PASS,other,fidelity_report,"pads = (int(grid.pad_x_lo), int(grid.pad_y_lo), int(grid.pad_z_lo))",
rfx/fidelity.py,354,pad_z_lo,PASS,other,fidelity_report,"pads = (int(grid.pad_x_lo), int(grid.pad_y_lo), int(grid.pad_z_lo))",
rfx/fidelity.py,396,_boundary_spec,PASS,other,fidelity_report,"_bspec = getattr(sim, ""_boundary_spec"", None)",
rfx/fidelity.py,397,pmc_faces,DERIVE,other,fidelity_report,pmc_faces = _bspec.pmc_faces() if _bspec is not None else set(),
rfx/fidelity.py,403,pad_{axis_name}_lo,PASS,other,fidelity_report,"p_lo = int(getattr(grid, f""pad_{axis_name}_lo""))",
rfx/fidelity.py,404,pad_{axis_name}_hi,PASS,other,fidelity_report,"p_hi = int(getattr(grid, f""pad_{axis_name}_hi""))",
rfx/fidelity.py,430,pmc_faces,DECIDE,other,fidelity_report,"lo_is_pmc = f""{axis_name}_lo"" in pmc_faces",
rfx/fidelity.py,431,pmc_faces,DECIDE,other,fidelity_report,"hi_is_pmc = f""{axis_name}_hi"" in pmc_faces",
rfx/fidelity.py,475,pmc_faces,DECIDE,other,fidelity_report,if f in pmc_faces],
rfx/fidelity.py,763,pad_{'xyz'[a]}_lo,PASS,other,fidelity_report,"(float(lo[a]) < -1e-12 and getattr(grid, f""pad_{'xyz'[a]}_lo"") > 0)",
rfx/fidelity.py,765,pad_{'xyz'[a]}_hi,PASS,other,fidelity_report,"and getattr(grid, f""pad_{'xyz'[a]}_hi"") > 0))",
rfx/fidelity.py,957,periodic,PASS,other,fidelity_report,"mask, nodes, periodic)",
rfx/geometry/conformal.py,243,axis_pads,PASS,other,compute_conformal_weights,"pad = np.array(grid.axis_pads) if hasattr(grid, 'axis_pads') else np.zeros(3)",
rfx/geometry/csg.py,76,axis_pads,DERIVE,other,_grid_coords,"pad_x, pad_y, pad_z = grid.axis_pads",
rfx/geometry/csg.py,76,pad_x,DERIVE,other,_grid_coords,"pad_x, pad_y, pad_z = grid.axis_pads",
rfx/geometry/csg.py,76,pad_y,DERIVE,other,_grid_coords,"pad_x, pad_y, pad_z = grid.axis_pads",
rfx/geometry/csg.py,76,pad_z,DERIVE,other,_grid_coords,"pad_x, pad_y, pad_z = grid.axis_pads",
rfx/geometry/csg.py,77,pad_x,PASS,other,_grid_coords,"return (_uniform_axis_nodes(nx, pad_x, dx),",
rfx/geometry/csg.py,78,pad_y,PASS,other,_grid_coords,"_uniform_axis_nodes(ny, pad_y, dx),",
rfx/geometry/csg.py,79,pad_z,PASS,other,_grid_coords,"_uniform_axis_nodes(nz, pad_z, dx))",
rfx/geometry/port_termination.py,67,pad_{a}_{s},PASS,ports,_realization_key,"pads = tuple(int(getattr(grid, f""pad_{a}_{s}"", 0)) for a in ""xyz"" for s in (""lo"", ""hi""))",
rfx/geometry/rasterize_grid.py,95,axis_pads,DERIVE,other,coords_from_uniform_grid,"pad_x, pad_y, pad_z = grid.axis_pads",
rfx/geometry/rasterize_grid.py,95,pad_x,DERIVE,other,coords_from_uniform_grid,"pad_x, pad_y, pad_z = grid.axis_pads",
rfx/geometry/rasterize_grid.py,95,pad_y,DERIVE,other,coords_from_uniform_grid,"pad_x, pad_y, pad_z = grid.axis_pads",
rfx/geometry/rasterize_grid.py,95,pad_z,DERIVE,other,coords_from_uniform_grid,"pad_x, pad_y, pad_z = grid.axis_pads",
rfx/geometry/rasterize_grid.py,96,pad_x,PASS,other,coords_from_uniform_grid,"return GridCoords(x=_uniform_axis_nodes(nx, pad_x, dx),",
rfx/geometry/rasterize_grid.py,97,pad_y,PASS,other,coords_from_uniform_grid,"y=_uniform_axis_nodes(ny, pad_y, dx),",
rfx/geometry/rasterize_grid.py,98,pad_z,PASS,other,coords_from_uniform_grid,"z=_uniform_axis_nodes(nz, pad_z, dx),",
rfx/geometry/rasterize_grid.py,142,pad_x_lo,DERIVE,other,coords_from_nonuniform_grid,"pad_x_lo = int(getattr(grid, ""pad_x_lo"", grid.cpml_layers))",
rfx/geometry/rasterize_grid.py,143,pad_y_lo,DERIVE,other,coords_from_nonuniform_grid,"pad_y_lo = int(getattr(grid, ""pad_y_lo"", grid.cpml_layers))",
rfx/geometry/rasterize_grid.py,144,pad_z_lo,DERIVE,other,coords_from_nonuniform_grid,"pad_z_lo = int(getattr(grid, ""pad_z_lo"", grid.cpml_layers))",
rfx/geometry/rasterize_grid.py,176,pad_x_lo,PASS,other,coords_from_nonuniform_grid,"x = _axis_nodes(grid.dx_arr, pad_x_lo, getattr(grid, ""dx_arr_f64"", None),",
rfx/geometry/rasterize_grid.py,178,pad_y_lo,PASS,other,coords_from_nonuniform_grid,"y = _axis_nodes(grid.dy_arr, pad_y_lo, getattr(grid, ""dy_arr_f64"", None),",
rfx/geometry/rasterize_grid.py,180,pad_z_lo,PASS,other,coords_from_nonuniform_grid,"z = _axis_nodes(grid.dz, pad_z_lo, getattr(grid, ""dz_f64"", None), ""z"")",
rfx/geometry/rasterize_grid.py,308,axis_pads,DERIVE,other,centres_from_uniform_grid,"pad_x, pad_y, pad_z = grid.axis_pads",
rfx/geometry/rasterize_grid.py,308,pad_x,DERIVE,other,centres_from_uniform_grid,"pad_x, pad_y, pad_z = grid.axis_pads",
rfx/geometry/rasterize_grid.py,308,pad_y,DERIVE,other,centres_from_uniform_grid,"pad_x, pad_y, pad_z = grid.axis_pads",
rfx/geometry/rasterize_grid.py,308,pad_z,DERIVE,other,centres_from_uniform_grid,"pad_x, pad_y, pad_z = grid.axis_pads",
rfx/geometry/rasterize_grid.py,310,pad_x,PASS,other,centres_from_uniform_grid,"return GridCoords(x=_uniform_axis_centres(nx, pad_x, dx),",
rfx/geometry/rasterize_grid.py,311,pad_y,PASS,other,centres_from_uniform_grid,"y=_uniform_axis_centres(ny, pad_y, dx),",
rfx/geometry/rasterize_grid.py,312,pad_z,PASS,other,centres_from_uniform_grid,"z=_uniform_axis_centres(nz, pad_z, dx),",
rfx/geometry/rasterize_grid.py,529,periodic,DECLARE,other,refuse_vaporized_sheets,"periodic=(False, False, False)):",
rfx/geometry/rasterize_grid.py,560,periodic,PASS,other,refuse_vaporized_sheets,"for m in _rpem(None, sheets=tuple(group), periodic=periodic)):",
rfx/geometry/rasterize_grid.py,650,pad_{a}_lo,PASS,other,interior_lattice_mask,"int(getattr(grid, f""pad_{a}_lo"")),",
rfx/geometry/rasterize_grid.py,651,pad_{a}_hi,PASS,other,interior_lattice_mask,"arr.shape[i] - int(getattr(grid, f""pad_{a}_hi""))",
rfx/geometry/rasterize_grid.py,753,periodic,DECLARE,other,rasterize_geometry,"periodic=(False, False, False),",
rfx/geometry/rasterize_grid.py,896,periodic,PASS,other,rasterize_geometry,"refuse_vaporized_sheets(sheets, lane=""non-uniform"", periodic=periodic)",
rfx/geometry/rasterize_grid.py,1022,face_pads,DERIVE,other,assert_declared_span_is_filled,pads = grid.face_pads,
rfx/geometry/smoothing.py,605,pad_{letter}_{side},PASS,other,_occupied_conductor_faces,"pad = int(getattr(grid, f""pad_{letter}_{side}""))",
rfx/geometry/smoothing.py,628,pad_{'xyz'[axis]}_{side},PASS,other,_conductor_reached_faces,"pad = int(getattr(grid, f""pad_{'xyz'[axis]}_{side}""))",
rfx/geometry/smoothing.py,648,_boundary,PASS,other,continued_conductor_shape,"if (getattr(sim, ""_boundary"", None) not in (""cpml"", ""upml"")",
rfx/geometry/smoothing.py,649,_cpml_layers,PASS,other,continued_conductor_shape,"or int(getattr(sim, ""_cpml_layers"", 0)) <= 0):",
rfx/geometry/smoothing.py,665,pad_{a}_hi,PASS,other,continued_conductor_shape,"pads = [[getattr(grid, f""pad_{a}_lo""), getattr(grid, f""pad_{a}_hi"")]",
rfx/geometry/smoothing.py,665,pad_{a}_lo,PASS,other,continued_conductor_shape,"pads = [[getattr(grid, f""pad_{a}_lo""), getattr(grid, f""pad_{a}_hi"")]",
rfx/geometry/smoothing.py,721,_boundary,PASS,other,smoothed_shape_pairs,"if (getattr(sim, ""_boundary"", None) not in (""cpml"", ""upml"")",
rfx/geometry/smoothing.py,722,_cpml_layers,PASS,other,smoothed_shape_pairs,"or int(getattr(sim, ""_cpml_layers"", 0)) <= 0):",
rfx/geometry/smoothing.py,740,pad_x_hi,DERIVE,other,smoothed_shape_pairs,"pads = ((grid.pad_x_lo, grid.pad_x_hi),",
rfx/geometry/smoothing.py,740,pad_x_lo,DERIVE,other,smoothed_shape_pairs,"pads = ((grid.pad_x_lo, grid.pad_x_hi),",
rfx/geometry/smoothing.py,741,pad_y_hi,DERIVE,other,smoothed_shape_pairs,"(grid.pad_y_lo, grid.pad_y_hi),",
rfx/geometry/smoothing.py,741,pad_y_lo,DERIVE,other,smoothed_shape_pairs,"(grid.pad_y_lo, grid.pad_y_hi),",
rfx/geometry/smoothing.py,742,pad_z_hi,DERIVE,other,smoothed_shape_pairs,"(grid.pad_z_lo, grid.pad_z_hi))",
rfx/geometry/smoothing.py,742,pad_z_lo,DERIVE,other,smoothed_shape_pairs,"(grid.pad_z_lo, grid.pad_z_hi))",
rfx/geometry/smoothing.py,1423,periodic,DECLARE,other,kottke_inv_eps_from_occupancy,"periodic: tuple[bool, bool, bool] = (False, False, False),",
rfx/geometry/smoothing.py,1495,periodic,DECIDE,other,kottke_inv_eps_from_occupancy,"m_x, m_y, m_z = _volume_occupancy_masks(f, tuple(bool(p) for p in periodic))",
rfx/geometry/thin_wire.py,70,axis_pads,PASS,other,compute_thin_wire_correction,"pad = np.array(grid.axis_pads) if hasattr(grid, 'axis_pads') else np.zeros(3)",
rfx/geometry/via.py,52,pad_radius ({pad_radius}) must be >= drill_radius ({drill_radius}),PASS,other,__init__,"f""pad_radius ({pad_radius}) must be >= drill_radius ({drill_radius})""",
rfx/grid.py,104,cpml_axes,DECLARE,other,__init__,"cpml_axes: str = ""xyz"",",
rfx/grid.py,107,pec_faces,DECLARE,other,__init__,"pec_faces: set[str] | None = None,",
rfx/grid.py,108,pmc_faces,DECLARE,other,__init__,"pmc_faces: set[str] | None = None,",
rfx/grid.py,109,face_layers,DECLARE,other,__init__,"face_layers: dict | None = None,",
rfx/grid.py,110,conformal_faces,DECLARE,other,__init__,"conformal_faces: set[str] | None = None,",
rfx/grid.py,114,cpml_axes,PASS,other,__init__,"invalid_axes = sorted(set(cpml_axes) - set(""xyz""))",
rfx/grid.py,122,pec_faces,DECLARE,other,__init__,self.pec_faces = pec_faces or set(),
rfx/grid.py,123,pmc_faces,DECLARE,other,__init__,self.pmc_faces = pmc_faces or set(),
rfx/grid.py,130,conformal_faces,DECLARE,other,__init__,self.conformal_faces = conformal_faces or set(),
rfx/grid.py,139,face_layers,DECLARE,other,__init__,"self.face_layers = {**_default_face_n, **(face_layers or {})}",
rfx/grid.py,140,face_layers,DECLARE,other,__init__,"for _face, _n in self.face_layers.items():",
rfx/grid.py,147,cpml_axes,DECLARE,other,__init__,"self.cpml_axes = """".join(axis for axis in ""xyz"" if axis in cpml_axes)",
rfx/grid.py,160,cpml_axes,DECLARE,other,__init__,"self.cpml_axes = self.cpml_axes.replace(""z"", """")",
rfx/grid.py,169,pec_faces,DECIDE,other,_face_pad,if face in self.pec_faces or face in self.pmc_faces:,
rfx/grid.py,169,pmc_faces,DECIDE,other,_face_pad,if face in self.pec_faces or face in self.pmc_faces:,
rfx/grid.py,171,cpml_axes,DECIDE,other,_face_pad,if axis not in self.cpml_axes:,
rfx/grid.py,173,face_layers,PASS,other,_face_pad,"return int(self.face_layers.get(face, cpml_layers))",
rfx/grid.py,175,pad_x_lo,DECLARE,other,__init__,"self.pad_x_lo = _face_pad(""x"", ""lo"")",
rfx/grid.py,176,pad_x_hi,DECLARE,other,__init__,"self.pad_x_hi = _face_pad(""x"", ""hi"")",
rfx/grid.py,177,pad_y_lo,DECLARE,other,__init__,"self.pad_y_lo = _face_pad(""y"", ""lo"")",
rfx/grid.py,178,pad_y_hi,DECLARE,other,__init__,"self.pad_y_hi = _face_pad(""y"", ""hi"")",
rfx/grid.py,180,pad_z_lo,DECLARE,other,__init__,self.pad_z_lo = 0,
rfx/grid.py,181,pad_z_hi,DECLARE,other,__init__,self.pad_z_hi = 0,
rfx/grid.py,183,pad_z_lo,DECLARE,other,__init__,"self.pad_z_lo = _face_pad(""z"", ""lo"")",
rfx/grid.py,184,pad_z_hi,DECLARE,other,__init__,"self.pad_z_hi = _face_pad(""z"", ""hi"")",
rfx/grid.py,191,pad_x,DECLARE,other,__init__,"self.pad_x = max(self.pad_x_lo, self.pad_x_hi)",
rfx/grid.py,191,pad_x_hi,PASS,other,__init__,"self.pad_x = max(self.pad_x_lo, self.pad_x_hi)",
rfx/grid.py,191,pad_x_lo,PASS,other,__init__,"self.pad_x = max(self.pad_x_lo, self.pad_x_hi)",
rfx/grid.py,192,pad_y,DECLARE,other,__init__,"self.pad_y = max(self.pad_y_lo, self.pad_y_hi)",
rfx/grid.py,192,pad_y_hi,PASS,other,__init__,"self.pad_y = max(self.pad_y_lo, self.pad_y_hi)",
rfx/grid.py,192,pad_y_lo,PASS,other,__init__,"self.pad_y = max(self.pad_y_lo, self.pad_y_hi)",
rfx/grid.py,193,pad_z,DECLARE,other,__init__,"self.pad_z = max(self.pad_z_lo, self.pad_z_hi)",
rfx/grid.py,193,pad_z_hi,PASS,other,__init__,"self.pad_z = max(self.pad_z_lo, self.pad_z_hi)",
rfx/grid.py,193,pad_z_lo,PASS,other,__init__,"self.pad_z = max(self.pad_z_lo, self.pad_z_hi)",
rfx/grid.py,202,axis_pads,DECLARE,other,__init__,"self.axis_pads = (self.pad_x_lo, self.pad_y_lo, self.pad_z_lo)",
rfx/grid.py,202,pad_x_lo,DECLARE,other,__init__,"self.axis_pads = (self.pad_x_lo, self.pad_y_lo, self.pad_z_lo)",
rfx/grid.py,202,pad_y_lo,DECLARE,other,__init__,"self.axis_pads = (self.pad_x_lo, self.pad_y_lo, self.pad_z_lo)",
rfx/grid.py,202,pad_z_lo,DECLARE,other,__init__,"self.axis_pads = (self.pad_x_lo, self.pad_y_lo, self.pad_z_lo)",
rfx/grid.py,205,face_pads,DECLARE,other,__init__,self.face_pads = (,
rfx/grid.py,206,pad_x_hi,DECLARE,other,__init__,"self.pad_x_lo, self.pad_x_hi,",
rfx/grid.py,206,pad_x_lo,DECLARE,other,__init__,"self.pad_x_lo, self.pad_x_hi,",
rfx/grid.py,207,pad_y_hi,DECLARE,other,__init__,"self.pad_y_lo, self.pad_y_hi,",
rfx/grid.py,207,pad_y_lo,DECLARE,other,__init__,"self.pad_y_lo, self.pad_y_hi,",
rfx/grid.py,208,pad_z_hi,DECLARE,other,__init__,"self.pad_z_lo, self.pad_z_hi,",
rfx/grid.py,208,pad_z_lo,DECLARE,other,__init__,"self.pad_z_lo, self.pad_z_hi,",
rfx/grid.py,219,pad_x_hi,DECLARE,other,__init__,+ self.pad_x_lo + self.pad_x_hi),
rfx/grid.py,219,pad_x_lo,DECLARE,other,__init__,+ self.pad_x_lo + self.pad_x_hi),
rfx/grid.py,221,pad_y_hi,DECLARE,other,__init__,+ self.pad_y_lo + self.pad_y_hi),
rfx/grid.py,221,pad_y_lo,DECLARE,other,__init__,+ self.pad_y_lo + self.pad_y_hi),
rfx/grid.py,227,pad_z_hi,DECLARE,other,__init__,+ self.pad_z_lo + self.pad_z_hi),
rfx/grid.py,227,pad_z_lo,DECLARE,other,__init__,+ self.pad_z_lo + self.pad_z_hi),
rfx/grid.py,234,pad_x_hi,DECLARE,other,__init__,"slice(self.pad_x_lo, self.nx - self.pad_x_hi),",
rfx/grid.py,234,pad_x_lo,PASS,other,__init__,"slice(self.pad_x_lo, self.nx - self.pad_x_hi),",
rfx/grid.py,235,pad_y_hi,DECLARE,other,__init__,"slice(self.pad_y_lo, self.ny - self.pad_y_hi),",
rfx/grid.py,235,pad_y_lo,PASS,other,__init__,"slice(self.pad_y_lo, self.ny - self.pad_y_hi),",
rfx/grid.py,240,pad_x_hi,DECLARE,other,__init__,"slice(self.pad_x_lo, self.nx - self.pad_x_hi),",
rfx/grid.py,240,pad_x_lo,PASS,other,__init__,"slice(self.pad_x_lo, self.nx - self.pad_x_hi),",
rfx/grid.py,241,pad_y_hi,DECLARE,other,__init__,"slice(self.pad_y_lo, self.ny - self.pad_y_hi),",
rfx/grid.py,241,pad_y_lo,PASS,other,__init__,"slice(self.pad_y_lo, self.ny - self.pad_y_hi),",
rfx/grid.py,242,pad_z_hi,DECLARE,other,__init__,"slice(self.pad_z_lo, self.nz - self.pad_z_hi),",
rfx/grid.py,242,pad_z_lo,PASS,other,__init__,"slice(self.pad_z_lo, self.nz - self.pad_z_hi),",
rfx/grid.py,266,pad_x_lo,DECIDE,other,position_to_index,i = int(round(pos[0] / self.dx)) + self.pad_x_lo,
rfx/grid.py,267,pad_y_lo,DECIDE,other,position_to_index,j = int(round(pos[1] / self.dx)) + self.pad_y_lo,
rfx/grid.py,268,pad_z_lo,DECIDE,other,position_to_index,k = 0 if self.is_2d else int(round(pos[2] / self.dx)) + self.pad_z_lo,
rfx/grid.py,298,pad_x_lo,DERIVE,other,_axis_extent,"pad_lo = (self.pad_x_lo, self.pad_y_lo, self.pad_z_lo)[ax]",
rfx/grid.py,298,pad_y_lo,DERIVE,other,_axis_extent,"pad_lo = (self.pad_x_lo, self.pad_y_lo, self.pad_z_lo)[ax]",
rfx/grid.py,298,pad_z_lo,DERIVE,other,_axis_extent,"pad_lo = (self.pad_x_lo, self.pad_y_lo, self.pad_z_lo)[ax]",
rfx/grid.py,393,cpml_axes,PASS,other,__repr__,"f""cpml_axes={self.cpml_axes!r})""",
rfx/interop/_design.py,820,_boundary,DECIDE,other,<module>,"""_boundary"",",
rfx/interop/_design.py,821,_boundary_spec,DECIDE,other,<module>,"""_boundary_spec"",",
rfx/interop/_design.py,827,_cpml_layers,DECIDE,other,<module>,"""_cpml_layers"",",
rfx/interop/_design.py,844,_pec_faces,DECIDE,other,<module>,"""_pec_faces"",",
rfx/interop/_design.py,845,_periodic_axes,DECIDE,other,<module>,"""_periodic_axes"",",
rfx/interop/_design.py,938,pec_faces,DECLARE,other,_predict_legacy_spec,"boundary: str, pec_faces: set[str], periodic_axes: str",
rfx/interop/_design.py,953,pec_faces,DECIDE,other,_predict_legacy_spec,"lo = ""pec"" if f""{axis}_lo"" in pec_faces else boundary",
rfx/interop/_design.py,954,pec_faces,DECIDE,other,_predict_legacy_spec,"hi = ""pec"" if f""{axis}_hi"" in pec_faces else boundary",
rfx/interop/_design.py,960,_boundary_spec,DERIVE,other,_dump_boundary,spec = sim._boundary_spec,
rfx/interop/_design.py,975,_boundary,PASS,other,_dump_boundary,"""boundary"": check_text(sim._boundary, what=""_boundary""),",
rfx/interop/_design.py,976,_cpml_layers,PASS,other,_dump_boundary,"""cpml_layers"": _integer(sim._cpml_layers, what=""_cpml_layers""),",
rfx/interop/_design.py,978,_pec_faces,PASS,other,_dump_boundary,"""pec_faces"": sorted(check_text(f, what=""_pec_faces entry"") for f in sim._pec_faces),",
rfx/interop/_design.py,978,pec_faces,PASS,other,_dump_boundary,"""pec_faces"": sorted(check_text(f, what=""_pec_faces entry"") for f in sim._pec_faces),",
rfx/interop/_design.py,979,_periodic_axes,PASS,other,_dump_boundary,"""periodic_axes"": check_text(sim._periodic_axes, what=""_periodic_axes""),",
rfx/interop/_design.py,1022,pec_faces,DECIDE,other,_plan_boundary,"{""boundary"", ""cpml_layers"", ""cpml_kappa_max"", ""pec_faces"", ""periodic_axes""},",
rfx/interop/_design.py,1028,pec_faces,DERIVE,other,_plan_boundary,"raw_faces = legacy[""pec_faces""]",
rfx/interop/_design.py,1034,pec_faces,DERIVE,other,_plan_boundary,pec_faces = {,
rfx/interop/_design.py,1038,periodic,DERIVE,other,_plan_boundary,"periodic = check_text(legacy[""periodic_axes""], what=""boundary.legacy.periodic_axes"")",
rfx/interop/_design.py,1047,absorber_type,DECIDE,other,_plan_boundary,"derived_scalar = spec.absorber_type or ""pec""",
rfx/interop/_design.py,1050,periodic,DECIDE,other,_plan_boundary,"periodic_ok = spec_periodic == periodic or (has_floquet and spec_periodic == """")",
rfx/interop/_design.py,1054,pec_faces,DECIDE,other,_plan_boundary,and spec.pec_faces() == pec_faces,
rfx/interop/_design.py,1066,pec_faces,DECIDE,other,_plan_boundary,"if not (scalar == ""pec"" and pec_faces):",
rfx/interop/_design.py,1067,periodic,DECIDE,other,_plan_boundary,"for axes in ("""", periodic):",
rfx/interop/_design.py,1068,pec_faces,PASS,other,_plan_boundary,"if _predict_legacy_spec(scalar, pec_faces, axes) == spec:",
rfx/interop/_design.py,1073,pec_faces,PASS,other,_plan_boundary,"""pec_faces"": set(pec_faces) or None,",
rfx/interop/_design.py,1083,pec_faces,PASS,other,_plan_boundary,"f""pec_faces={sorted(pec_faces)}, periodic_axes={periodic!r}""",
rfx/interop/_design.py,1083,periodic,DECIDE,other,_plan_boundary,"f""pec_faces={sorted(pec_faces)}, periodic_axes={periodic!r}""",
rfx/io.py,894,_boundary,DECIDE,io,export_geometry_json,"""boundary"": sim._boundary,",
rfx/io.py,897,_cpml_layers,DECIDE,io,export_geometry_json,"""cpml_layers"": sim._cpml_layers,",
rfx/io.py,956,_boundary,DECIDE,io,save_experiment_report,"""boundary"": sim._boundary,",
rfx/io.py,1031,_boundary,DECIDE,io,save_simulation_dataset,"inp.attrs[""boundary""] = sim._boundary",
rfx/materials/debye.py,188,periodic,DECLARE,materials,update_e_debye,"periodic: tuple = (False, False, False),",
rfx/materials/debye.py,209,periodic,DECIDE,materials,bwd,if periodic[axis]:,
rfx/materials/lorentz.py,209,periodic,DECLARE,materials,update_e_lorentz,"periodic: tuple = (False, False, False),",
rfx/materials/lorentz.py,235,periodic,DECIDE,materials,bwd,if periodic[axis]:,
rfx/materials/thin_conductor.py,307,axis_pads,PASS,materials,_axis_pads,"pads = getattr(grid, ""axis_pads"", None)",
rfx/materials/thin_conductor.py,560,periodic,DECLARE,materials,build_sheet_impedance_ctx,"periodic=(False, False, False)):",
rfx/materials/thin_conductor.py,625,periodic,PASS,materials,build_sheet_impedance_ctx,"None, sheets=sheets, periodic=periodic)",
rfx/mesh_planner.py,461,pec_faces,PASS,other,_absorber_from_state,"""disabled_faces"": list(state.get(""pec_faces"", ())),",
rfx/nonuniform.py,91,pad_x_lo,DERIVE,nonuniform,<module>,pad_x_lo: int = 0,
rfx/nonuniform.py,92,pad_x_hi,DERIVE,nonuniform,<module>,pad_x_hi: int = 0,
rfx/nonuniform.py,93,pad_y_lo,DERIVE,nonuniform,<module>,pad_y_lo: int = 0,
rfx/nonuniform.py,94,pad_y_hi,DERIVE,nonuniform,<module>,pad_y_hi: int = 0,
rfx/nonuniform.py,95,pad_z_lo,DERIVE,nonuniform,<module>,pad_z_lo: int = 0,
rfx/nonuniform.py,96,pad_z_hi,DERIVE,nonuniform,<module>,pad_z_hi: int = 0,
rfx/nonuniform.py,120,axis_pads,DECLARE,nonuniform,<module>,def axis_pads(self):,
rfx/nonuniform.py,123,pad_x_lo,PASS,nonuniform,axis_pads,"return (self.pad_x_lo, self.pad_y_lo, self.pad_z_lo)",
rfx/nonuniform.py,123,pad_y_lo,PASS,nonuniform,axis_pads,"return (self.pad_x_lo, self.pad_y_lo, self.pad_z_lo)",
rfx/nonuniform.py,123,pad_z_lo,PASS,nonuniform,axis_pads,"return (self.pad_x_lo, self.pad_y_lo, self.pad_z_lo)",
rfx/nonuniform.py,151,pad_x_lo,DERIVE,nonuniform,_axis_layout,"pad_lo = (self.pad_x_lo, self.pad_y_lo, self.pad_z_lo)[ax]",
rfx/nonuniform.py,151,pad_y_lo,DERIVE,nonuniform,_axis_layout,"pad_lo = (self.pad_x_lo, self.pad_y_lo, self.pad_z_lo)[ax]",
rfx/nonuniform.py,151,pad_z_lo,DERIVE,nonuniform,_axis_layout,"pad_lo = (self.pad_x_lo, self.pad_y_lo, self.pad_z_lo)[ax]",
rfx/nonuniform.py,152,pad_x_hi,DERIVE,nonuniform,_axis_layout,"pad_hi = (self.pad_x_hi, self.pad_y_hi, self.pad_z_hi)[ax]",
rfx/nonuniform.py,152,pad_y_hi,DERIVE,nonuniform,_axis_layout,"pad_hi = (self.pad_x_hi, self.pad_y_hi, self.pad_z_hi)[ax]",
rfx/nonuniform.py,152,pad_z_hi,DERIVE,nonuniform,_axis_layout,"pad_hi = (self.pad_x_hi, self.pad_y_hi, self.pad_z_hi)[ax]",
rfx/nonuniform.py,695,pec_faces,DECLARE,nonuniform,make_nonuniform_grid,"pec_faces: set[str] | None = None,",
rfx/nonuniform.py,696,pmc_faces,DECLARE,nonuniform,make_nonuniform_grid,"pmc_faces: set[str] | None = None,",
rfx/nonuniform.py,697,cpml_axes,DECLARE,nonuniform,make_nonuniform_grid,"cpml_axes: str = ""xyz"",",
rfx/nonuniform.py,728,pec_faces,DERIVE,nonuniform,make_nonuniform_grid,_pec = pec_faces or set(),
rfx/nonuniform.py,729,pmc_faces,DERIVE,nonuniform,make_nonuniform_grid,_pmc = pmc_faces or set(),
rfx/nonuniform.py,735,cpml_axes,DECIDE,nonuniform,_face_pad,if axis not in cpml_axes:,
rfx/nonuniform.py,739,pad_x_lo,DERIVE,nonuniform,make_nonuniform_grid,"pad_x_lo = _face_pad(""x"", ""lo"")",
rfx/nonuniform.py,740,pad_x_hi,DERIVE,nonuniform,make_nonuniform_grid,"pad_x_hi = _face_pad(""x"", ""hi"")",
rfx/nonuniform.py,741,pad_y_lo,DERIVE,nonuniform,make_nonuniform_grid,"pad_y_lo = _face_pad(""y"", ""lo"")",
rfx/nonuniform.py,742,pad_y_hi,DERIVE,nonuniform,make_nonuniform_grid,"pad_y_hi = _face_pad(""y"", ""hi"")",
rfx/nonuniform.py,743,pad_z_lo,DERIVE,nonuniform,make_nonuniform_grid,"pad_z_lo = _face_pad(""z"", ""lo"")",
rfx/nonuniform.py,744,pad_z_hi,DERIVE,nonuniform,make_nonuniform_grid,"pad_z_hi = _face_pad(""z"", ""hi"")",
rfx/nonuniform.py,769,pad_x_hi,PASS,nonuniform,make_nonuniform_grid,"dx_full = _append_bounding_node(_pad_profile(dx_prof_phys, pad_x_lo, pad_x_hi))",
rfx/nonuniform.py,769,pad_x_lo,PASS,nonuniform,make_nonuniform_grid,"dx_full = _append_bounding_node(_pad_profile(dx_prof_phys, pad_x_lo, pad_x_hi))",
rfx/nonuniform.py,772,pad_x_hi,PASS,nonuniform,make_nonuniform_grid,"dx_full, pad_x_lo, pad_x_hi, dx_prof_phys, ""x"")",
rfx/nonuniform.py,772,pad_x_lo,PASS,nonuniform,make_nonuniform_grid,"dx_full, pad_x_lo, pad_x_hi, dx_prof_phys, ""x"")",
rfx/nonuniform.py,795,pad_y_hi,PASS,nonuniform,make_nonuniform_grid,"dy_full = _append_bounding_node(_pad_profile(dy_prof_phys, pad_y_lo, pad_y_hi))",
rfx/nonuniform.py,795,pad_y_lo,PASS,nonuniform,make_nonuniform_grid,"dy_full = _append_bounding_node(_pad_profile(dy_prof_phys, pad_y_lo, pad_y_hi))",
rfx/nonuniform.py,798,pad_y_hi,PASS,nonuniform,make_nonuniform_grid,"dy_full, pad_y_lo, pad_y_hi, dy_prof_phys, ""y"")",
rfx/nonuniform.py,798,pad_y_lo,PASS,nonuniform,make_nonuniform_grid,"dy_full, pad_y_lo, pad_y_hi, dy_prof_phys, ""y"")",
rfx/nonuniform.py,802,pad_z_hi,PASS,nonuniform,make_nonuniform_grid,"dz_full = _append_bounding_node(_pad_profile(dz_profile, pad_z_lo, pad_z_hi))",
rfx/nonuniform.py,802,pad_z_lo,PASS,nonuniform,make_nonuniform_grid,"dz_full = _append_bounding_node(_pad_profile(dz_profile, pad_z_lo, pad_z_hi))",
rfx/nonuniform.py,805,pad_z_hi,PASS,nonuniform,make_nonuniform_grid,"dz_full, pad_z_lo, pad_z_hi, dz_profile, ""z"")",
rfx/nonuniform.py,805,pad_z_lo,PASS,nonuniform,make_nonuniform_grid,"dz_full, pad_z_lo, pad_z_hi, dz_profile, ""z"")",
rfx/nonuniform.py,852,pad_x_hi,PASS,nonuniform,make_nonuniform_grid,"pad_x_lo=pad_x_lo, pad_x_hi=pad_x_hi,",
rfx/nonuniform.py,852,pad_x_lo,PASS,nonuniform,make_nonuniform_grid,"pad_x_lo=pad_x_lo, pad_x_hi=pad_x_hi,",
rfx/nonuniform.py,853,pad_y_hi,PASS,nonuniform,make_nonuniform_grid,"pad_y_lo=pad_y_lo, pad_y_hi=pad_y_hi,",
rfx/nonuniform.py,853,pad_y_lo,PASS,nonuniform,make_nonuniform_grid,"pad_y_lo=pad_y_lo, pad_y_hi=pad_y_hi,",
rfx/nonuniform.py,854,pad_z_hi,PASS,nonuniform,make_nonuniform_grid,"pad_z_lo=pad_z_lo, pad_z_hi=pad_z_hi,",
rfx/nonuniform.py,854,pad_z_lo,PASS,nonuniform,make_nonuniform_grid,"pad_z_lo=pad_z_lo, pad_z_hi=pad_z_hi,",
rfx/nonuniform.py,914,pad_z_hi,DECIDE,nonuniform,z_position_to_index,"grid.dz, grid.pad_z_lo + grid.pad_z_hi,",
rfx/nonuniform.py,914,pad_z_lo,DECIDE,nonuniform,z_position_to_index,"grid.dz, grid.pad_z_lo + grid.pad_z_hi,",
rfx/nonuniform.py,915,pad_z_lo,PASS,nonuniform,z_position_to_index,"pad_lo=grid.pad_z_lo, fallback_dx=float(grid.dx),",
rfx/nonuniform.py,918,pad_z_lo,PASS,nonuniform,z_position_to_index,return idx + grid.pad_z_lo,
rfx/nonuniform.py,950,pad_x_hi,PASS,nonuniform,position_to_index,"grid.dx_arr, grid.pad_x_lo, grid.pad_x_hi, pos[0],",
rfx/nonuniform.py,950,pad_x_lo,PASS,nonuniform,position_to_index,"grid.dx_arr, grid.pad_x_lo, grid.pad_x_hi, pos[0],",
rfx/nonuniform.py,954,pad_y_hi,PASS,nonuniform,position_to_index,"grid.dy_arr, grid.pad_y_lo, grid.pad_y_hi, pos[1],",
rfx/nonuniform.py,954,pad_y_lo,PASS,nonuniform,position_to_index,"grid.dy_arr, grid.pad_y_lo, grid.pad_y_hi, pos[1],",
rfx/nonuniform.py,2217,pec_faces,DECLARE,nonuniform,_build_nu_scan,"pec_faces: set[str] | None = None,",
rfx/nonuniform.py,2218,pmc_faces,DECLARE,nonuniform,_build_nu_scan,"pmc_faces: set[str] | None = None,",
rfx/nonuniform.py,2288,init_cpml,DERIVE,nonuniform,_build_nu_scan,"cpml_params, cpml_state_init = init_cpml(",
rfx/nonuniform.py,2289,pec_faces,PASS,nonuniform,_build_nu_scan,"grid, pec_faces=pec_faces, pmc_faces=pmc_faces,",
rfx/nonuniform.py,2289,pmc_faces,PASS,nonuniform,_build_nu_scan,"grid, pec_faces=pec_faces, pmc_faces=pmc_faces,",
rfx/nonuniform.py,2294,pad_x_hi,DERIVE,nonuniform,_build_nu_scan,"(""x"", grid.pad_x_lo, grid.pad_x_hi),",
rfx/nonuniform.py,2294,pad_x_lo,DERIVE,nonuniform,_build_nu_scan,"(""x"", grid.pad_x_lo, grid.pad_x_hi),",
rfx/nonuniform.py,2295,pad_y_hi,DERIVE,nonuniform,_build_nu_scan,"(""y"", grid.pad_y_lo, grid.pad_y_hi),",
rfx/nonuniform.py,2295,pad_y_lo,DERIVE,nonuniform,_build_nu_scan,"(""y"", grid.pad_y_lo, grid.pad_y_hi),",
rfx/nonuniform.py,2296,pad_z_hi,DERIVE,nonuniform,_build_nu_scan,"(""z"", grid.pad_z_lo, grid.pad_z_hi),",
rfx/nonuniform.py,2296,pad_z_lo,DERIVE,nonuniform,_build_nu_scan,"(""z"", grid.pad_z_lo, grid.pad_z_hi),",
rfx/nonuniform.py,2306,pmc_faces,PASS,nonuniform,_build_nu_scan,use_pmc_faces = bool(pmc_faces),
rfx/nonuniform.py,2307,pmc_faces,DECIDE,nonuniform,_build_nu_scan,_pmc_faces_frozen = frozenset(pmc_faces) if pmc_faces else frozenset(),
rfx/nonuniform.py,2375,cpml_axes,PASS,nonuniform,_build_nu_scan,"cpml_axes=cpml_axes_eff,",
rfx/nonuniform.py,2382,bloch,PASS,nonuniform,_build_nu_scan,"bloch=None,",
rfx/nonuniform.py,2537,apply_cpml_h,APPLY,nonuniform,step_fn,"st, cpml_new = apply_cpml_h(st, cpml_params, carry[""cpml""],",
rfx/nonuniform.py,2544,apply_pmc_faces,APPLY,nonuniform,step_fn,"st = apply_pmc_faces(st, _pmc_faces_frozen)",
rfx/nonuniform.py,2596,apply_cpml_e,APPLY,nonuniform,step_fn,"st, cpml_new = apply_cpml_e(st, cpml_params, cpml_new,",
rfx/nonuniform.py,2602,apply_pec,APPLY,nonuniform,step_fn,st = apply_pec(st),
rfx/nonuniform.py,2904,pec_faces,DECLARE,nonuniform,run_nonuniform,"pec_faces: set[str] | None = None,",
rfx/nonuniform.py,2905,pmc_faces,DECLARE,nonuniform,run_nonuniform,"pmc_faces: set[str] | None = None,",
rfx/nonuniform.py,2951,pec_faces,PASS,nonuniform,run_nonuniform,"pec_faces=pec_faces,",
rfx/nonuniform.py,2952,pmc_faces,PASS,nonuniform,run_nonuniform,"pmc_faces=pmc_faces,",
rfx/nonuniform.py,3399,pec_faces,DECLARE,nonuniform,run_nonuniform_until_decay,"pec_faces: set[str] | None = None,",
rfx/nonuniform.py,3400,pmc_faces,DECLARE,nonuniform,run_nonuniform_until_decay,"pmc_faces: set[str] | None = None,",
rfx/nonuniform.py,3501,pec_faces,PASS,nonuniform,run_nonuniform_until_decay,"pec_faces=pec_faces,",
rfx/nonuniform.py,3502,pmc_faces,PASS,nonuniform,run_nonuniform_until_decay,"pmc_faces=pmc_faces,",
rfx/nonuniform.py,3538,pad_x_hi,DECIDE,nonuniform,run_nonuniform_until_decay,"_ix0, _ix1 = grid.pad_x_lo, grid.nx - grid.pad_x_hi",
rfx/nonuniform.py,3538,pad_x_lo,DECIDE,nonuniform,run_nonuniform_until_decay,"_ix0, _ix1 = grid.pad_x_lo, grid.nx - grid.pad_x_hi",
rfx/nonuniform.py,3539,pad_y_hi,DECIDE,nonuniform,run_nonuniform_until_decay,"_iy0, _iy1 = grid.pad_y_lo, grid.ny - grid.pad_y_hi",
rfx/nonuniform.py,3539,pad_y_lo,DECIDE,nonuniform,run_nonuniform_until_decay,"_iy0, _iy1 = grid.pad_y_lo, grid.ny - grid.pad_y_hi",
rfx/nonuniform.py,3540,pad_z_hi,DECIDE,nonuniform,run_nonuniform_until_decay,"_iz0, _iz1 = grid.pad_z_lo, grid.nz - grid.pad_z_hi",
rfx/nonuniform.py,3540,pad_z_lo,DECIDE,nonuniform,run_nonuniform_until_decay,"_iz0, _iz1 = grid.pad_z_lo, grid.nz - grid.pad_z_hi",
rfx/optimize.py,406,pad_x_lo,DERIVE,other,optimize,"pads_lo = (grid.pad_x_lo, grid.pad_y_lo, grid.pad_z_lo)",
rfx/optimize.py,406,pad_y_lo,DERIVE,other,optimize,"pads_lo = (grid.pad_x_lo, grid.pad_y_lo, grid.pad_z_lo)",
rfx/optimize.py,406,pad_z_lo,DERIVE,other,optimize,"pads_lo = (grid.pad_x_lo, grid.pad_y_lo, grid.pad_z_lo)",
rfx/optimize.py,407,pad_x_hi,DERIVE,other,optimize,"pads_hi = (grid.pad_x_hi, grid.pad_y_hi, grid.pad_z_hi)",
rfx/optimize.py,407,pad_y_hi,DERIVE,other,optimize,"pads_hi = (grid.pad_x_hi, grid.pad_y_hi, grid.pad_z_hi)",
rfx/optimize.py,407,pad_z_hi,DERIVE,other,optimize,"pads_hi = (grid.pad_x_hi, grid.pad_y_hi, grid.pad_z_hi)",
rfx/optimize.py,760,pad_x_lo,DERIVE,other,progressive_optimize,"pads_lo = (grid.pad_x_lo, grid.pad_y_lo, grid.pad_z_lo)",
rfx/optimize.py,760,pad_y_lo,DERIVE,other,progressive_optimize,"pads_lo = (grid.pad_x_lo, grid.pad_y_lo, grid.pad_z_lo)",
rfx/optimize.py,760,pad_z_lo,DERIVE,other,progressive_optimize,"pads_lo = (grid.pad_x_lo, grid.pad_y_lo, grid.pad_z_lo)",
rfx/optimize.py,761,pad_x_hi,DERIVE,other,progressive_optimize,"pads_hi = (grid.pad_x_hi, grid.pad_y_hi, grid.pad_z_hi)",
rfx/optimize.py,761,pad_y_hi,DERIVE,other,progressive_optimize,"pads_hi = (grid.pad_x_hi, grid.pad_y_hi, grid.pad_z_hi)",
rfx/optimize.py,761,pad_z_hi,DERIVE,other,progressive_optimize,"pads_hi = (grid.pad_x_hi, grid.pad_y_hi, grid.pad_z_hi)",
rfx/preflight/_common.py,152,pad_{ax}_{side},PASS,preflight,_axis_pad_thickness_m,"n = int(getattr(grid, f""pad_{ax}_{side}"", 0) or 0)",
rfx/preflight/_registry.py,154,pmc_faces,DERIVE,preflight,<module>,pmc_faces: Any,
rfx/preflight/_registry.py,233,pmc_faces,PASS,preflight,<module>,"c.warn, c.dx, c.pmc_faces),",
rfx/preflight/absorber.py,102,_boundary,DECIDE,preflight,_validate_cfg_lossless_resonator_in_absorber,"if self._boundary not in (""cpml"", ""upml""):",
rfx/preflight/absorber.py,147,_boundary,DECIDE,preflight,_validate_cfg_lossless_resonator_in_absorber,"f""({self._boundary.upper()}) domain. If you are measuring """,
rfx/preflight/absorber.py,205,_boundary,DECIDE,preflight,_validate_cfg_dispersive_pole_at_absorber_face,"if self._boundary not in (""cpml"", ""upml""):",
rfx/preflight/absorber.py,376,_boundary_spec,DERIVE,preflight,_validate_cfg_compute_cpml_thickness,_pmc_faces_set = set(self._boundary_spec.pmc_faces()),
rfx/preflight/absorber.py,376,pmc_faces,DERIVE,preflight,_validate_cfg_compute_cpml_thickness,_pmc_faces_set = set(self._boundary_spec.pmc_faces()),
rfx/preflight/absorber.py,381,_cpml_layers,DECIDE,preflight,_validate_cfg_compute_cpml_thickness,_per_layer = (cpml_thickness / self._cpml_layers,
rfx/preflight/absorber.py,382,_cpml_layers,DECIDE,preflight,_validate_cfg_compute_cpml_thickness,if self._cpml_layers else 0.0),
rfx/preflight/absorber.py,443,_cpml_layers,DECIDE,preflight,_validate_cfg_absorber_budget_vs_grid,n_budget = int(self._cpml_layers or 0),
rfx/preflight/absorber.py,446,face_layers,DERIVE,preflight,_validate_cfg_absorber_budget_vs_grid,face_layers = self._preflight_face_layers(),
rfx/preflight/absorber.py,452,face_layers,DERIVE,preflight,_validate_cfg_absorber_budget_vs_grid,"pad_lo = face_layers[f""{ax_name}_lo""]",
rfx/preflight/absorber.py,453,face_layers,DERIVE,preflight,_validate_cfg_absorber_budget_vs_grid,"pad_hi = face_layers[f""{ax_name}_hi""]",
rfx/preflight/absorber.py,462,_boundary_spec,PASS,preflight,_validate_cfg_absorber_budget_vs_grid,"axis_boundary = getattr(self._boundary_spec, ax_name)",
rfx/preflight/absorber.py,504,_cpml_layers,DECIDE,preflight,_preflight_face_layers,n_default = int(self._cpml_layers or 0),
rfx/preflight/absorber.py,506,_boundary_spec,DERIVE,preflight,_preflight_face_layers,spec = self._boundary_spec,
rfx/preflight/absorber.py,535,_pec_faces,DECIDE,preflight,_validate_cfg_pec_faces_with_finite_pec,if self._pec_faces and self._geometry:,
rfx/preflight/absorber.py,541,_pec_faces,PASS,preflight,_validate_cfg_pec_faces_with_finite_pec,"pec_face_list = "", "".join(sorted(self._pec_faces))",
rfx/preflight/absorber.py,563,_boundary,DECIDE,preflight,_validate_cfg_upml_refinement,"if self._boundary == ""upml"" and self._refinement is not None:",
rfx/preflight/absorber.py,617,_boundary,DECIDE,preflight,_validate_cfg_upml_nonuniform_lane,"if not is_nonuniform or self._boundary != ""upml"":",
rfx/preflight/absorber.py,619,_cpml_layers,DECIDE,preflight,_validate_cfg_upml_nonuniform_lane,if self._cpml_layers <= 0:,
rfx/preflight/absorber.py,831,_boundary,DECIDE,preflight,_validate_cfg_geometry_in_cpml,"if cpml_thickness > 0 and self._boundary == ""cpml"":",
rfx/preflight/absorber.py,956,_boundary,DECIDE,preflight,_validate_cfg_dielectric_at_absorber_seam,"if self._boundary not in (""cpml"", ""upml"") or not self._geometry:",
rfx/preflight/absorber.py,958,_cpml_layers,PASS,preflight,_validate_cfg_dielectric_at_absorber_seam,"if int(getattr(self, ""_cpml_layers"", 0)) <= 0:",
rfx/preflight/absorber.py,1022,_boundary,DECIDE,preflight,_validate_cfg_port_conductor_continues,"if self._boundary not in (""cpml"", ""upml"") or self._cpml_layers <= 0:",
rfx/preflight/absorber.py,1022,_cpml_layers,DECIDE,preflight,_validate_cfg_port_conductor_continues,"if self._boundary not in (""cpml"", ""upml"") or self._cpml_layers <= 0:",
rfx/preflight/absorber.py,1085,_boundary,DECIDE,preflight,_validate_cfg_pec_boundary_open_structure,"if self._boundary == ""pec"" and self._ntff is not None:",
rfx/preflight/absorber.py,1249,_boundary,DECIDE,preflight,_validate_cfg_conductor_in_thin_absorber,"if self._boundary not in (""cpml"", ""upml"") or not self._geometry:",
rfx/preflight/absorber.py,1258,face_layers,DERIVE,preflight,_validate_cfg_conductor_in_thin_absorber,face_layers = self._preflight_face_layers(),
rfx/preflight/absorber.py,1284,face_layers,DECIDE,preflight,_validate_cfg_conductor_in_thin_absorber,"layers = int(face_layers.get(f""{axis_name}_{side}"", 0) or 0)",
rfx/preflight/mesh.py,489,periodic,PASS,preflight,_validate_thin_metal_on_nu_mesh,"planes = e.wall_planes(axis_idx, ctx.periodic, shape)",
rfx/preflight/mesh.py,665,face_layers,DERIVE,preflight,_validate_cfg_multiband_grading,face_layers = None,
rfx/preflight/mesh.py,706,face_layers,DECIDE,preflight,_validate_cfg_multiband_grading,if face_layers is None:,
rfx/preflight/mesh.py,707,face_layers,DERIVE,preflight,_validate_cfg_multiband_grading,face_layers = self._preflight_face_layers(),
rfx/preflight/mesh.py,709,face_layers,DECIDE,preflight,_validate_cfg_multiband_grading,"layers = face_layers.get(f""{ax_name}_{side}"", 0)",
rfx/preflight/mesh.py,1057,_boundary,DECIDE,preflight,_validate_cfg_nonuniform_limitations,"if (self._boundary == ""cpml""",
rfx/preflight/msl.py,919,periodic,PASS,preflight,_msl_conductor_gap,"sheet_specs=realized.sheet_specs, periodic=realized.periodic,",
rfx/preflight/msl.py,920,_boundary_spec,DECIDE,preflight,_msl_conductor_gap,"pec_faces=self._boundary_spec.pec_faces(), name=pe.name)",
rfx/preflight/msl.py,920,pec_faces,PASS,preflight,_msl_conductor_gap,"pec_faces=self._boundary_spec.pec_faces(), name=pe.name)",
rfx/preflight/ntff.py,142,periodic,PASS,preflight,_validate_ntff_inverse_design,"planes = e.wall_planes(a, ctx.periodic, shape)",
rfx/preflight/pec_geometry.py,377,periodic,PASS,preflight,_validate_cfg_pec_realization,"planes = e.wall_planes(a, ctx.periodic, shape)",
rfx/preflight/pec_geometry.py,612,face_layers,DERIVE,preflight,_validate_cfg_pec_face_short_of_domain_wall,face_layers = self._preflight_face_layers(),
rfx/preflight/pec_geometry.py,618,periodic,PASS,preflight,_validate_cfg_pec_face_short_of_domain_wall,"edges = e.edges(ctx.periodic, shape)",
rfx/preflight/pec_geometry.py,620,periodic,DECIDE,preflight,_validate_cfg_pec_face_short_of_domain_wall,if ctx.periodic[a] or shape[a] < 3:,
rfx/preflight/pec_geometry.py,632,face_layers,DECIDE,preflight,_validate_cfg_pec_face_short_of_domain_wall,"if face_layers.get(f""{'xyz'[a]}_{side}"", 0):",
rfx/preflight/pec_geometry.py,782,periodic,PASS,preflight,_validate_cfg_congruent_rasterization_parity,"counts = [e.edge_count(ctx.periodic, shape)",
rfx/preflight/pec_geometry.py,915,periodic,PASS,preflight,_validate_cfg_sheet_cavity_thickness,"foot = e.footprint_on_plane(a, k, ctx.periodic, shape)",
rfx/preflight/pec_geometry.py,923,periodic,PASS,preflight,_validate_cfg_sheet_cavity_thickness,"pl = e.wall_planes(a, ctx.periodic, shape)",
rfx/preflight/pec_geometry.py,928,periodic,PASS,preflight,_validate_cfg_sheet_cavity_thickness,"(e, k_lo, e.footprint_on_plane(a, k_lo, ctx.periodic, shape),",
rfx/preflight/pec_geometry.py,933,periodic,PASS,preflight,_validate_cfg_sheet_cavity_thickness,"e.footprint_on_plane(a, k_hi, ctx.periodic, shape),",
rfx/preflight/ports.py,146,pad_x_lo,PASS,preflight,_check_coaxial_port_junction_aperture,"pads = (int(grid.pad_x_lo), int(grid.pad_y_lo), int(grid.pad_z_lo))",
rfx/preflight/ports.py,146,pad_y_lo,PASS,preflight,_check_coaxial_port_junction_aperture,"pads = (int(grid.pad_x_lo), int(grid.pad_y_lo), int(grid.pad_z_lo))",
rfx/preflight/ports.py,146,pad_z_lo,PASS,preflight,_check_coaxial_port_junction_aperture,"pads = (int(grid.pad_x_lo), int(grid.pad_y_lo), int(grid.pad_z_lo))",
rfx/preflight/ports.py,379,periodic,PASS,preflight,_owners,"if _component_is_dead(e.edges(ctx.periodic, shape),",
rfx/preflight/ports.py,488,periodic,PASS,preflight,_validate_cfg_port_inside_pec,"if beyond in e.wall_planes(axis, ctx.periodic,",
rfx/preflight/ports.py,491,periodic,PASS,preflight,_validate_cfg_port_inside_pec,"axis, beyond, ctx.periodic, shape)",
rfx/preflight/realization.py,107,periodic,DECLARE,preflight,_shift_back_np,"def _shift_back_np(arr, ax: int, periodic: bool):",
rfx/preflight/realization.py,111,periodic,DECIDE,preflight,_shift_back_np,if arr.shape[ax] == 1 or periodic:,
rfx/preflight/realization.py,122,periodic,DECLARE,preflight,_wall_nodes_on_plane,"def _wall_nodes_on_plane(edges, axis: int, k: int, periodic) -> np.ndarray:",
rfx/preflight/realization.py,137,periodic,DECIDE,preflight,_wall_nodes_on_plane,"hit = m | _shift_back_np(m, pos, bool(periodic[t]))",
rfx/preflight/realization.py,142,periodic,DECLARE,preflight,_realized_edges_np,"def _realized_edges_np(pec_mask, sheets, wires, periodic, shape):",
rfx/preflight/realization.py,148,periodic,PASS,preflight,_realized_edges_np,"edges = realized_pec_edge_masks(cells, sheets, wires, periodic)",
rfx/preflight/realization.py,160,periodic,DECLARE,preflight,__init__,"periodic, sheet_specs=()):",
rfx/preflight/realization.py,169,periodic,DERIVE,preflight,__init__,self.periodic = tuple(bool(p) for p in periodic),
rfx/preflight/realization.py,171,periodic,PASS,preflight,__init__,"pec_mask, self.sheets, self.wires, self.periodic, grid.shape)",
rfx/preflight/realization.py,180,periodic,PASS,preflight,wall_planes,periodic=self.periodic),
rfx/preflight/realization.py,189,periodic,PASS,preflight,wall_nodes_on_plane,"return _wall_nodes_on_plane(self.edges, axis, k, self.periodic)",
rfx/preflight/realization.py,228,periodic,DECLARE,preflight,edges,"def edges(self, periodic, shape):",
rfx/preflight/realization.py,233,periodic,PASS,preflight,edges,"self.cells, (), (), periodic, shape)",
rfx/preflight/realization.py,236,periodic,PASS,preflight,edges,"None, [self.sheet], (), periodic, shape)",
rfx/preflight/realization.py,239,periodic,PASS,preflight,edges,"None, (), [self.wire], periodic, shape)",
rfx/preflight/realization.py,245,periodic,DECLARE,preflight,wall_planes,"def wall_planes(self, axis: int, periodic, shape) -> list:",
rfx/preflight/realization.py,247,periodic,PASS,preflight,wall_planes,"return realized_wall_planes(self.edges(periodic, shape), axis,",
rfx/preflight/realization.py,248,periodic,PASS,preflight,wall_planes,periodic=periodic),
rfx/preflight/realization.py,250,periodic,DECLARE,preflight,edge_count,"def edge_count(self, periodic, shape) -> int:",
rfx/preflight/realization.py,251,periodic,PASS,preflight,edge_count,"return int(sum(int(m.sum()) for m in self.edges(periodic, shape)))",
rfx/preflight/realization.py,279,periodic,PASS,preflight,edge_count_shifted,"edges = _realized_edges_np(cells, (), (), ctx.periodic, shape)",
rfx/preflight/realization.py,285,periodic,PASS,preflight,edge_count_shifted,"edges = _realized_edges_np(None, [sp], (), ctx.periodic, shape)",
rfx/preflight/realization.py,292,periodic,DECLARE,preflight,footprint_on_plane,"def footprint_on_plane(self, axis: int, k: int, periodic, shape):",
rfx/preflight/realization.py,294,periodic,PASS,preflight,footprint_on_plane,"return _wall_nodes_on_plane(self.edges(periodic, shape), axis, k,",
rfx/preflight/realization.py,295,periodic,PASS,preflight,footprint_on_plane,periodic),
rfx/preflight/realization.py,330,periodic,DERIVE,preflight,__init__,"self.periodic = (False, False, False)",
rfx/preflight/realization.py,377,axis_pads,PASS,preflight,_build,"for n, pad in zip(grid.shape, grid.axis_pads):",
rfx/preflight/realization.py,383,_periodic_flags,PASS,preflight,_build,"pf = getattr(sim, ""_periodic_flags"", None)",
rfx/preflight/realization.py,384,periodic,DERIVE,preflight,_build,self.periodic = (tuple(bool(p) for p in pf()) if callable(pf),
rfx/preflight/realization.py,386,_periodic_axes,PASS,preflight,_build,"getattr(sim, ""_periodic_axes"", """")))",
rfx/preflight/realization.py,658,_periodic_flags,PASS,preflight,_assemble_realized,"periodic=self._periodic_flags(), sheet_specs=sheet_specs)",
rfx/preflight/realization.py,658,periodic,PASS,preflight,_assemble_realized,"periodic=self._periodic_flags(), sheet_specs=sheet_specs)",
rfx/preflight/realization.py,730,_cpml_layers,DECIDE,preflight,_campaign_ctx,"getattr(sim, ""_periodic_axes"", None), sim._cpml_layers,",
rfx/preflight/realization.py,730,_periodic_axes,PASS,preflight,_campaign_ctx,"getattr(sim, ""_periodic_axes"", None), sim._cpml_layers,",
rfx/preflight/sources.py,171,_boundary_spec,PASS,preflight,_validate_cfg_source_on_reflector_plane,"_spec = getattr(self, ""_boundary_spec"", None)",
rfx/preflight/sources.py,172,pec_faces,DECIDE,preflight,_validate_cfg_source_on_reflector_plane,_spec_pec_faces = set(_spec.pec_faces()) if _spec is not None else set(),
rfx/preflight/sources.py,178,_pec_faces,PASS,preflight,_validate_cfg_source_on_reflector_plane,set(self._pec_faces) | _spec_pec_faces | set(_pmc_faces_set),
rfx/preflight/waveguide.py,216,_boundary_spec,DECIDE,preflight,_port_transverse_spans,conformal = (self._boundary_spec.conformal_faces(),
rfx/preflight/waveguide.py,216,conformal_faces,DECIDE,preflight,_port_transverse_spans,conformal = (self._boundary_spec.conformal_faces(),
rfx/preflight/waveguide.py,217,_boundary_spec,DECIDE,preflight,_port_transverse_spans,if self._boundary_spec is not None else set()),
rfx/preflight/waveguide.py,219,_boundary_spec,DECIDE,preflight,_port_transverse_spans,if self._boundary_spec is not None:,
rfx/preflight/waveguide.py,220,_boundary_spec,DECIDE,preflight,_port_transverse_spans,closed = (self._boundary_spec.pec_faces(),
rfx/preflight/waveguide.py,220,pec_faces,DECIDE,preflight,_port_transverse_spans,closed = (self._boundary_spec.pec_faces(),
rfx/preflight/waveguide.py,221,_boundary_spec,DECIDE,preflight,_port_transverse_spans,| self._boundary_spec.pmc_faces()),
rfx/preflight/waveguide.py,221,pmc_faces,DECIDE,preflight,_port_transverse_spans,| self._boundary_spec.pmc_faces()),
rfx/preflight/waveguide.py,245,axis_pads,DECIDE,preflight,_port_transverse_spans,"grid.axis_pads[axis_idx],",
rfx/preflight/waveguide.py,286,face_pads,DERIVE,preflight,_port_transverse_spans,pad_lo = grid.face_pads[2 * axis_idx],
rfx/preflight/waveguide.py,287,face_pads,DERIVE,preflight,_port_transverse_spans,pad_hi = grid.face_pads[2 * axis_idx + 1],
rfx/probes/flux_region.py,107,pad_{letter}_lo,PASS,probes,resolve_flux_region,"pad_lo = int(getattr(grid, f""pad_{letter}_lo""))",
rfx/probes/flux_region.py,108,pad_{letter}_hi,PASS,probes,resolve_flux_region,"pad_hi = int(getattr(grid, f""pad_{letter}_hi""))",
rfx/probes/msl_wave_decomp.py,398,periodic,DECLARE,probes,realized_trace_planes_on_column,"periodic=(False, False, False)):",
rfx/probes/msl_wave_decomp.py,413,periodic,PASS,probes,realized_trace_planes_on_column,"pec_edge_masks, normal_idx, ij=ij, periodic=periodic)",
rfx/probes/msl_wave_decomp.py,430,_periodic_flags,DERIVE,probes,_realized_trace_planes,_periodic = sim._periodic_flags(),
rfx/probes/msl_wave_decomp.py,433,periodic,PASS,probes,_realized_trace_planes,periodic=_periodic),
rfx/probes/msl_wave_decomp.py,439,periodic,PASS,probes,_realized_trace_planes,"masks, span[""normal_idx""], ij, span[""n_hi""], periodic=_periodic)",
rfx/probes/probes.py,129,periodic,DECLARE,probes,_bwd_h,"def _bwd_h(h, idx, axis, periodic=(False, False, False)):",
rfx/probes/probes.py,167,periodic,DECIDE,probes,_bwd_h,if n == 1 or periodic[axis]:,
rfx/probes/probes.py,179,periodic,DECLARE,probes,port_current,"periodic=(False, False, False)) -> jnp.ndarray:",
rfx/probes/probes.py,218,periodic,PASS,probes,port_current,"return _ampere_loop(state, idx, port.component, dx, periodic)",
rfx/probes/probes.py,221,periodic,DECLARE,probes,_ampere_loop,"def _ampere_loop(state, idx, component, dx, periodic):",
rfx/probes/probes.py,231,periodic,PASS,probes,_ampere_loop,"state.hy[idx] - _bwd_h(state.hy, idx, 0, periodic)",
rfx/probes/probes.py,232,periodic,PASS,probes,_ampere_loop,"- state.hx[idx] + _bwd_h(state.hx, idx, 1, periodic)",
rfx/probes/probes.py,237,periodic,PASS,probes,_ampere_loop,"state.hz[idx] - _bwd_h(state.hz, idx, 1, periodic)",
rfx/probes/probes.py,238,periodic,PASS,probes,_ampere_loop,"- state.hy[idx] + _bwd_h(state.hy, idx, 2, periodic)",
rfx/probes/probes.py,243,periodic,PASS,probes,_ampere_loop,"state.hx[idx] - _bwd_h(state.hx, idx, 2, periodic)",
rfx/probes/probes.py,244,periodic,PASS,probes,_ampere_loop,"- state.hz[idx] + _bwd_h(state.hz, idx, 0, periodic)",
rfx/probes/probes.py,1055,periodic,DECLARE,probes,wire_port_current,"periodic=(False, False, False),",
rfx/probes/probes.py,1081,periodic,PASS,probes,wire_port_current,"return _ampere_loop(state, tuple(mid), port.component, dx, periodic)",
rfx/probes/probes.py,1512,cpml_axes,DECLARE,probes-reference,extract_s_matrix,"cpml_axes: str = ""xyz"",",
rfx/probes/probes.py,1567,init_cpml,DERIVE,probes-reference,extract_s_matrix,"cpml_params, cpml_state_init = init_cpml(grid)",
rfx/probes/probes.py,1607,apply_cpml_h,APPLY,probes-reference,extract_s_matrix,"state, cpml_state = apply_cpml_h(",
rfx/probes/probes.py,1608,cpml_axes,PASS,probes-reference,extract_s_matrix,"state, cpml_params, cpml_state, grid, cpml_axes,",
rfx/probes/probes.py,1621,apply_cpml_e,APPLY,probes-reference,extract_s_matrix,"state, cpml_state = apply_cpml_e(",
rfx/probes/probes.py,1622,cpml_axes,PASS,probes-reference,extract_s_matrix,"state, cpml_params, cpml_state, grid, cpml_axes,",
rfx/probes/probes.py,1624,apply_pec,APPLY,probes-reference,extract_s_matrix,state = apply_pec(state),
rfx/probes/probes.py,1831,cpml_axes,DECLARE,probes-reference,extract_s_matrix_wire,"cpml_axes: str = ""xyz"",",
rfx/probes/probes.py,1888,init_cpml,DERIVE,probes-reference,extract_s_matrix_wire,"cpml_params, cpml_state_init = init_cpml(grid)",
rfx/probes/probes.py,1947,apply_cpml_h,APPLY,probes-reference,extract_s_matrix_wire,"state, cpml_state = apply_cpml_h(",
rfx/probes/probes.py,1948,cpml_axes,PASS,probes-reference,extract_s_matrix_wire,"state, cpml_params, cpml_state, grid, cpml_axes,",
rfx/probes/probes.py,1961,apply_cpml_e,APPLY,probes-reference,extract_s_matrix_wire,"state, cpml_state = apply_cpml_e(",
rfx/probes/probes.py,1962,cpml_axes,PASS,probes-reference,extract_s_matrix_wire,"state, cpml_params, cpml_state, grid, cpml_axes,",
rfx/probes/probes.py,1964,apply_pec,APPLY,probes-reference,extract_s_matrix_wire,state = apply_pec(state),
rfx/probes/sparam_driver.py,115,_periodic_flags,DERIVE,probes,compute_lumped_wire_s_matrix_via_scan,periodic=sim._periodic_flags()),
rfx/probes/sparam_driver.py,115,periodic,PASS,probes,compute_lumped_wire_s_matrix_via_scan,periodic=sim._periodic_flags()),
rfx/probes/sparam_driver.py,120,_periodic_flags,DECIDE,probes,compute_lumped_wire_s_matrix_via_scan,periodic=sim._periodic_flags()),
rfx/probes/sparam_driver.py,120,periodic,PASS,probes,compute_lumped_wire_s_matrix_via_scan,periodic=sim._periodic_flags()),
rfx/rcs.py,424,face_layers,PASS,rcs,compute_rcs,"fl = getattr(grid, ""face_layers"", None) or {",
rfx/rcs.py,508,cpml_axes,PASS,rcs,compute_rcs,"_run_kw.update(cpml_axes=""xy"", periodic=(False, False, True), pec_axes="""")",
rfx/rcs.py,508,pec_axes,PASS,rcs,compute_rcs,"_run_kw.update(cpml_axes=""xy"", periodic=(False, False, True), pec_axes="""")",
rfx/rcs.py,508,periodic,PASS,rcs,compute_rcs,"_run_kw.update(cpml_axes=""xy"", periodic=(False, False, True), pec_axes="""")",
rfx/ris.py,165,_cpml_layers,DERIVE,other,__init__,self._cpml_layers = cpml_layers,
rfx/ris.py,243,_cpml_layers,PASS,other,_build_sim,"cpml_layers=self._cpml_layers,",
rfx/runners/_distributed_common.py,175,pad_x,DECLARE,distributed-v1,unstack_and_gather,"def unstack_and_gather(sharded_arr, n_devices, nx_local, ghost, pad_x, nx):",
rfx/runners/_distributed_common.py,217,pad_x,DECIDE,distributed-v1,unstack_and_gather,if pad_x > 0:,
rfx/runners/_distributed_common.py,371,pad_x,DECLARE,distributed-v1,apply_pec_face_shmap,pad_x: int = 0) -> FDTDState:,
rfx/runners/_distributed_common.py,465,pad_x,DECIDE,distributed-v1,_pec,last_real = nx_local_with_ghost - 1 - ghost - pad_x,
rfx/runners/_distributed_common.py,479,pad_x,DECLARE,distributed-v1,apply_pmc_face_shmap,"pmc_faces: frozenset, pad_x: int = 0) -> FDTDState:",
rfx/runners/_distributed_common.py,479,pmc_faces,DECLARE,distributed-v1,apply_pmc_face_shmap,"pmc_faces: frozenset, pad_x: int = 0) -> FDTDState:",
rfx/runners/_distributed_common.py,518,pmc_faces,APPLY,distributed-v1,apply_pmc_face_shmap,if not pmc_faces:,
rfx/runners/_distributed_common.py,541,pmc_faces,DECIDE,distributed-v1,_pmc,"if ""y_lo"" in pmc_faces:",
rfx/runners/_distributed_common.py,544,pmc_faces,DECIDE,distributed-v1,_pmc,"if ""y_hi"" in pmc_faces:",
rfx/runners/_distributed_common.py,547,pmc_faces,DECIDE,distributed-v1,_pmc,"if ""z_lo"" in pmc_faces:",
rfx/runners/_distributed_common.py,550,pmc_faces,DECIDE,distributed-v1,_pmc,"if ""z_hi"" in pmc_faces:",
rfx/runners/_distributed_common.py,557,pad_x,DECIDE,distributed-v1,_pmc,last_real = nx_local_with_ghost - 1 - ghost - pad_x,
rfx/runners/_distributed_common.py,560,pmc_faces,DECIDE,distributed-v1,_pmc,"if ""x_lo"" in pmc_faces:",
rfx/runners/_distributed_common.py,565,pmc_faces,DECIDE,distributed-v1,_pmc,"if ""x_hi"" in pmc_faces:",
rfx/runners/_distributed_common.py,658,periodic,PASS,distributed-v1,_pec_mask,"mask, periodic=(True, False, False))",
rfx/runners/distributed.py,516,pad_x,DECLARE,distributed-v1,_apply_pec_local,pad_x: int = 0):,
rfx/runners/distributed.py,559,pad_x,APPLY,distributed-v1,_apply_pec_local,last_real = nx_local_with_ghost - 1 - ghost - pad_x  # last real cell index,
rfx/runners/distributed.py,569,pad_x,DECLARE,distributed-v1,_apply_pmc_local,"pmc_faces, pad_x: int = 0):",
rfx/runners/distributed.py,569,pmc_faces,DECLARE,distributed-v1,_apply_pmc_local,"pmc_faces, pad_x: int = 0):",
rfx/runners/distributed.py,584,pmc_faces,APPLY,distributed-v1,_apply_pmc_local,if not pmc_faces:,
rfx/runners/distributed.py,596,pmc_faces,APPLY,distributed-v1,_apply_pmc_local,"if ""y_lo"" in pmc_faces:",
rfx/runners/distributed.py,599,pmc_faces,APPLY,distributed-v1,_apply_pmc_local,"if ""y_hi"" in pmc_faces:",
rfx/runners/distributed.py,602,pmc_faces,APPLY,distributed-v1,_apply_pmc_local,"if ""z_lo"" in pmc_faces:",
rfx/runners/distributed.py,605,pmc_faces,APPLY,distributed-v1,_apply_pmc_local,"if ""z_hi"" in pmc_faces:",
rfx/runners/distributed.py,611,pad_x,APPLY,distributed-v1,_apply_pmc_local,last_real = nx_local_with_ghost - 1 - ghost - pad_x,
rfx/runners/distributed.py,614,pmc_faces,APPLY,distributed-v1,_apply_pmc_local,"if ""x_lo"" in pmc_faces:",
rfx/runners/distributed.py,619,pmc_faces,APPLY,distributed-v1,_apply_pmc_local,"if ""x_hi"" in pmc_faces:",
rfx/runners/distributed.py,707,pad_x,DECLARE,distributed-v1,_apply_cpml_e_distributed,"n_devices, ghost=1, axis_name=""devices"", eps_r=None, pad_x: int = 0,",
rfx/runners/distributed.py,753,pad_x,APPLY,distributed-v1,_apply_cpml_e_distributed,x_hi_edge = g + pad_x,
rfx/runners/distributed.py,984,pad_x,DECLARE,distributed-v1,_apply_cpml_h_distributed,"n_devices, ghost=1, axis_name=""devices"", mu_r=None, pad_x: int = 0,",
rfx/runners/distributed.py,1028,pad_x,APPLY,distributed-v1,_apply_cpml_h_distributed,x_hi_edge = g + pad_x,
rfx/runners/distributed.py,1290,_boundary,DECIDE,distributed-v1,run_distributed,"if sim._boundary == ""upml"":",
rfx/runners/distributed.py,1315,bloch,PASS,distributed-v1,run_distributed,"sim, lane=""distributed (v1) pmap runner"", bloch=kwargs.get(""bloch""))",
rfx/runners/distributed.py,1327,_boundary_spec,DECIDE,distributed-v1,run_distributed,sim._boundary_spec.pmc_faces(),
rfx/runners/distributed.py,1327,pmc_faces,DECIDE,distributed-v1,run_distributed,sim._boundary_spec.pmc_faces(),
rfx/runners/distributed.py,1328,_boundary_spec,PASS,distributed-v1,run_distributed,"if getattr(sim, ""_boundary_spec"", None) is not None",
rfx/runners/distributed.py,1386,_boundary,DECIDE,distributed-v1,run_distributed,"use_cpml = sim._boundary == ""cpml"" and grid.cpml_layers > 0",
rfx/runners/distributed.py,1405,_boundary,DECIDE,distributed-v1,run_distributed,"if sim._boundary == ""cpml"":",
rfx/runners/distributed.py,1504,_init_cpml_distributed,DERIVE,distributed-v1,run_distributed,"cpml_params, cpml_state_slabs = _init_cpml_distributed(",
rfx/runners/distributed.py,1553,_apply_cpml_h_distributed,APPLY,distributed-v1,step_fn,"st, cpml_st = _apply_cpml_h_distributed(",
rfx/runners/distributed.py,1571,_apply_pmc_local,APPLY,distributed-v1,step_fn,st = _apply_pmc_local(,
rfx/runners/distributed.py,1587,_apply_cpml_e_distributed,APPLY,distributed-v1,step_fn,"st, cpml_st = _apply_cpml_e_distributed(",
rfx/runners/distributed.py,1699,_apply_pmc_local,APPLY,distributed-v1,step_fn,st = _apply_pmc_local(,
rfx/runners/distributed.py,1733,_apply_pec_local,APPLY,distributed-v1,step_fn,"st = _apply_pec_local(st, n_devices, nx_local, ""devices"")",
rfx/runners/distributed.py,1840,_boundary,PASS,distributed-v1,run_distributed,"freq_range=(sim._freq_max / 10, sim._freq_max, sim._boundary),",
rfx/runners/distributed_nu.py,88,pad_x,DECLARE,distributed-nu,_build_sharded_inv_dx_arrays,"def _build_sharded_inv_dx_arrays(grid, n_devices, pad_x=0):",
rfx/runners/distributed_nu.py,133,pad_x,DECIDE,distributed-nu,_build_sharded_inv_dx_arrays,if pad_x > 0:,
rfx/runners/distributed_nu.py,135,pad_x,PASS,distributed-nu,_build_sharded_inv_dx_arrays,"[dx_arr, np.full(pad_x, float(dx_arr[-1]))]",
rfx/runners/distributed_nu.py,137,pad_x,PASS,distributed-nu,_build_sharded_inv_dx_arrays,"inv_dx_e = np.concatenate([inv_dx_e, np.zeros(pad_x, dtype=np.float64)])",
rfx/runners/distributed_nu.py,138,pad_x,PASS,distributed-nu,_build_sharded_inv_dx_arrays,"inv_dx_h = np.concatenate([inv_dx_h, np.zeros(pad_x, dtype=np.float64)])",
rfx/runners/distributed_nu.py,249,pad_x,DERIVE,distributed-nu,<module>,pad_x: int,
rfx/runners/distributed_nu.py,372,pad_x,DERIVE,distributed-nu,build_sharded_nu_grid,pad_x = 0,
rfx/runners/distributed_nu.py,374,pad_x,DERIVE,distributed-nu,build_sharded_nu_grid,pad_x = n_devices - (nx % n_devices),
rfx/runners/distributed_nu.py,375,pad_x,DERIVE,distributed-nu,build_sharded_nu_grid,nx_padded = nx + pad_x,
rfx/runners/distributed_nu.py,382,pad_x,PASS,distributed-nu,build_sharded_nu_grid,"grid, n_devices, pad_x=pad_x",
rfx/runners/distributed_nu.py,401,pad_x,PASS,distributed-nu,build_sharded_nu_grid,"pad_x=pad_x,",
rfx/runners/distributed_nu.py,415,pad_x,PASS,distributed-nu,build_sharded_nu_grid,"nx_trim=pad_x,",
rfx/runners/distributed_nu.py,467,pad_x,DERIVE,distributed-nu,shard_pec_occupancy_x_slab,pad_x = sharded_grid.pad_x,
rfx/runners/distributed_nu.py,472,pad_x,DECIDE,distributed-nu,shard_pec_occupancy_x_slab,if pad_x > 0:,
rfx/runners/distributed_nu.py,473,pad_x,DERIVE,distributed-nu,shard_pec_occupancy_x_slab,"pad_widths = [(0, pad_x), (0, 0), (0, 0)]",
rfx/runners/distributed_nu.py,536,pad_x,DERIVE,distributed-nu,shard_pec_mask_x_slab,pad_x = sharded_grid.pad_x,
rfx/runners/distributed_nu.py,541,pad_x,DECIDE,distributed-nu,shard_pec_mask_x_slab,if pad_x > 0:,
rfx/runners/distributed_nu.py,542,pad_x,DERIVE,distributed-nu,shard_pec_mask_x_slab,"pad_widths = [(0, pad_x), (0, 0), (0, 0)]",
rfx/runners/distributed_nu.py,705,pec_faces,DECLARE,distributed-nu,init_cpml_for_sharded_nu,"*, kappa_max=None, pec_faces=None,",
rfx/runners/distributed_nu.py,706,pmc_faces,DECLARE,distributed-nu,init_cpml_for_sharded_nu,pmc_faces=None):,
rfx/runners/distributed_nu.py,781,pec_faces,DERIVE,distributed-nu,__init__,self.pec_faces = pec_faces,
rfx/runners/distributed_nu.py,782,pmc_faces,DERIVE,distributed-nu,__init__,self.pmc_faces = pmc_faces,
rfx/runners/distributed_nu.py,789,init_cpml,DERIVE,distributed-nu,init_cpml_for_sharded_nu,"cpml_params, _single_state = init_cpml(",
rfx/runners/distributed_nu.py,790,pec_faces,PASS,distributed-nu,init_cpml_for_sharded_nu,"grid_view, kappa_max=kappa_max, pec_faces=pec_faces,",
rfx/runners/distributed_nu.py,791,pmc_faces,PASS,distributed-nu,init_cpml_for_sharded_nu,"pmc_faces=pmc_faces,",
rfx/runners/distributed_nu.py,946,pad_x,DERIVE,distributed-nu,shard_debye_coeffs_x_slab,pad_x = sharded_grid.pad_x,
rfx/runners/distributed_nu.py,954,pad_x,DECIDE,distributed-nu,shard_debye_coeffs_x_slab,if pad_x > 0:,
rfx/runners/distributed_nu.py,955,pad_x,DERIVE,distributed-nu,shard_debye_coeffs_x_slab,"pad3 = ((0, pad_x), (0, 0), (0, 0))",
rfx/runners/distributed_nu.py,956,pad_x,DERIVE,distributed-nu,shard_debye_coeffs_x_slab,"pad4 = ((0, 0), (0, pad_x), (0, 0), (0, 0))",
rfx/runners/distributed_nu.py,1007,pad_x,DERIVE,distributed-nu,shard_debye_state_x_slab,pad_x = sharded_grid.pad_x,
rfx/runners/distributed_nu.py,1009,pad_x,DECIDE,distributed-nu,shard_debye_state_x_slab,if pad_x > 0:,
rfx/runners/distributed_nu.py,1010,pad_x,DERIVE,distributed-nu,shard_debye_state_x_slab,"pad4 = ((0, 0), (0, pad_x), (0, 0), (0, 0))",
rfx/runners/distributed_nu.py,1052,pad_x,DERIVE,distributed-nu,shard_lorentz_coeffs_x_slab,pad_x = sharded_grid.pad_x,
rfx/runners/distributed_nu.py,1054,pad_x,DECIDE,distributed-nu,shard_lorentz_coeffs_x_slab,if pad_x > 0:,
rfx/runners/distributed_nu.py,1055,pad_x,DERIVE,distributed-nu,shard_lorentz_coeffs_x_slab,"pad3 = ((0, pad_x), (0, 0), (0, 0))",
rfx/runners/distributed_nu.py,1056,pad_x,DERIVE,distributed-nu,shard_lorentz_coeffs_x_slab,"pad4 = ((0, 0), (0, pad_x), (0, 0), (0, 0))",
rfx/runners/distributed_nu.py,1112,pad_x,DERIVE,distributed-nu,shard_lorentz_state_x_slab,pad_x = sharded_grid.pad_x,
rfx/runners/distributed_nu.py,1114,pad_x,DECIDE,distributed-nu,shard_lorentz_state_x_slab,if pad_x > 0:,
rfx/runners/distributed_nu.py,1115,pad_x,DERIVE,distributed-nu,shard_lorentz_state_x_slab,"pad4 = ((0, 0), (0, pad_x), (0, 0), (0, 0))",
rfx/runners/distributed_nu.py,1179,pad_x,DECLARE,distributed-nu,_apply_cpml_e_local_nu,"n_devices: int, eps_r=None, pad_x: int = 0):",
rfx/runners/distributed_nu.py,1245,pad_x,APPLY,distributed-nu,_apply_cpml_e_local_nu,x_hi_edge = g + pad_x,
rfx/runners/distributed_nu.py,1443,pad_x,DECLARE,distributed-nu,_apply_cpml_h_local_nu,"n_devices: int, mu_r=None, pad_x: int = 0):",
rfx/runners/distributed_nu.py,1497,pad_x,APPLY,distributed-nu,_apply_cpml_h_local_nu,x_hi_edge = g + pad_x,
rfx/runners/distributed_nu.py,1700,pmc_faces,DECLARE,distributed-nu,run_nonuniform_distributed_pec,"pmc_faces: frozenset = frozenset(),",
rfx/runners/distributed_nu.py,1978,pad_x,DERIVE,distributed-nu,run_nonuniform_distributed_pec,pad_x = sharded_grid.pad_x,
rfx/runners/distributed_nu.py,2369,_apply_cpml_h_local_nu,APPLY,distributed-nu,_h,"new_st, new_cs = _apply_cpml_h_local_nu(",
rfx/runners/distributed_nu.py,2371,pad_x,PASS,distributed-nu,_h,"mu_r=mu_r_slab, pad_x=pad_x,",
rfx/runners/distributed_nu.py,2437,_apply_cpml_e_local_nu,APPLY,distributed-nu,_e,"new_st, new_cs = _apply_cpml_e_local_nu(",
rfx/runners/distributed_nu.py,2439,pad_x,PASS,distributed-nu,_e,"eps_r=eps_r_slab, pad_x=pad_x,",
rfx/runners/distributed_nu.py,2494,_apply_cpml_h_shmap,APPLY,distributed-nu,step_fn,"st, cs = _apply_cpml_h_shmap(st, cs)",
rfx/runners/distributed_nu.py,2503,pad_x,PASS,distributed-nu,step_fn,"st, mesh, n_devices, nx_local, pmc_faces, pad_x=pad_x)",
rfx/runners/distributed_nu.py,2503,pmc_faces,PASS,distributed-nu,step_fn,"st, mesh, n_devices, nx_local, pmc_faces, pad_x=pad_x)",
rfx/runners/distributed_nu.py,2524,_apply_cpml_e_shmap,APPLY,distributed-nu,step_fn,"st, cs = _apply_cpml_e_shmap(st, cs)",
rfx/runners/distributed_nu.py,2530,pad_x,PASS,distributed-nu,step_fn,"st = _apply_pec_face_nu_shmap(st, mesh, n_devices, nx_local, pad_x=pad_x)",
rfx/runners/distributed_nu.py,2711,pad_x,PASS,distributed-nu,_unstack_and_gather,"sharded_arr, n_devices, nx_local, ghost, pad_x, sharded_grid.nx,",
rfx/runners/distributed_v2.py,204,pad_x,DECLARE,distributed-v2,_apply_cpml_e_shmap,"mesh, n_devices, ghost=1, eps_r=None, pad_x=0):",
rfx/runners/distributed_v2.py,259,_apply_cpml_e_distributed,APPLY,distributed-v2,_cpml_e,"new_st, new_cs = _apply_cpml_e_distributed(",
rfx/runners/distributed_v2.py,262,pad_x,PASS,distributed-v2,_cpml_e,pad_x=pad_x),
rfx/runners/distributed_v2.py,300,pad_x,DECLARE,distributed-v2,_apply_cpml_h_shmap,"mesh, n_devices, ghost=1, mu_r=None, pad_x=0):",
rfx/runners/distributed_v2.py,353,_apply_cpml_h_distributed,APPLY,distributed-v2,_cpml_h,"new_st, new_cs = _apply_cpml_h_distributed(",
rfx/runners/distributed_v2.py,356,pad_x,PASS,distributed-v2,_cpml_h,pad_x=pad_x),
rfx/runners/distributed_v2.py,406,_init_cpml_distributed,DERIVE,distributed-v2,_init_cpml_sharded,"cpml_params, cpml_state_stacked = _init_cpml_distributed(",
rfx/runners/distributed_v2.py,455,bloch,DECLARE,distributed-v2,refuse_unsupported_distributed_features,"def refuse_unsupported_distributed_features(sim, *, lane, bloch=None):",
rfx/runners/distributed_v2.py,466,_periodic_axes,PASS,distributed-v2,refuse_unsupported_distributed_features,"periodic_axes = getattr(sim, ""_periodic_axes"", """") or """"",
rfx/runners/distributed_v2.py,467,bloch,DECIDE,distributed-v2,refuse_unsupported_distributed_features,if bloch is None:,
rfx/runners/distributed_v2.py,468,bloch,DERIVE,distributed-v2,refuse_unsupported_distributed_features,"bloch = getattr(sim, ""_bloch"", None)",
rfx/runners/distributed_v2.py,469,bloch,DECIDE,distributed-v2,refuse_unsupported_distributed_features,if periodic_axes or bloch is not None:,
rfx/runners/distributed_v2.py,473,bloch,DECIDE,distributed-v2,refuse_unsupported_distributed_features,if bloch is not None:,
rfx/runners/distributed_v2.py,553,_boundary,DECIDE,distributed-v2,run_distributed,"if sim._boundary == ""upml"":",
rfx/runners/distributed_v2.py,577,bloch,PASS,distributed-v2,run_distributed,"sim, lane=""distributed (v2) runner"", bloch=kwargs.get(""bloch""))",
rfx/runners/distributed_v2.py,597,_boundary_spec,DECIDE,distributed-v2,run_distributed,sim._boundary_spec.pmc_faces(),
rfx/runners/distributed_v2.py,597,pmc_faces,DECIDE,distributed-v2,run_distributed,sim._boundary_spec.pmc_faces(),
rfx/runners/distributed_v2.py,598,_boundary_spec,PASS,distributed-v2,run_distributed,"if getattr(sim, ""_boundary_spec"", None) is not None",
rfx/runners/distributed_v2.py,695,pad_x,DERIVE,distributed-v2,run_distributed,pad_x = 0,
rfx/runners/distributed_v2.py,697,pad_x,DERIVE,distributed-v2,run_distributed,pad_x = n_devices - (nx % n_devices),
rfx/runners/distributed_v2.py,698,pad_x,DERIVE,distributed-v2,run_distributed,nx_padded = nx + pad_x,
rfx/runners/distributed_v2.py,700,pad_x,DECIDE,distributed-v2,run_distributed,if pad_x > 0:,
rfx/runners/distributed_v2.py,701,pad_x,DERIVE,distributed-v2,run_distributed,"_pad_x = ((0, pad_x), (0, 0), (0, 0))",
rfx/runners/distributed_v2.py,722,_boundary,DECIDE,distributed-v2,run_distributed,"use_cpml = sim._boundary == ""cpml"" and grid.cpml_layers > 0",
rfx/runners/distributed_v2.py,769,pad_x,PASS,distributed-v2,run_distributed,"_build_sharded_inv_dx_arrays(grid, n_devices, pad_x=pad_x)",
rfx/runners/distributed_v2.py,832,_boundary,DECIDE,distributed-v2,run_distributed,"if sim._boundary == ""cpml"":",
rfx/runners/distributed_v2.py,1069,_init_cpml_sharded,DERIVE,distributed-v2,run_distributed,"cpml_params, cpml_state_sharded = _init_cpml_sharded(",
rfx/runners/distributed_v2.py,1285,_apply_cpml_h_shmap,APPLY,distributed-v2,step_fn_cpml,"st, cpml_st = _apply_cpml_h_shmap(",
rfx/runners/distributed_v2.py,1288,pad_x,PASS,distributed-v2,step_fn_cpml,pad_x=pad_x),
rfx/runners/distributed_v2.py,1303,pad_x,PASS,distributed-v2,step_fn_cpml,"st, mesh, n_devices, nx_local, _pmc_faces_frozen, pad_x=pad_x)",
rfx/runners/distributed_v2.py,1312,_apply_cpml_e_shmap,APPLY,distributed-v2,step_fn_cpml,"st, cpml_st = _apply_cpml_e_shmap(",
rfx/runners/distributed_v2.py,1315,pad_x,PASS,distributed-v2,step_fn_cpml,pad_x=pad_x),
rfx/runners/distributed_v2.py,1338,apply_pec_mask_shmap,APPLY,distributed-v2,step_fn_cpml,st = apply_pec_mask_shmap(,
rfx/runners/distributed_v2.py,1419,pad_x,PASS,distributed-v2,step_fn_pec,"st, mesh, n_devices, nx_local, _pmc_faces_frozen, pad_x=pad_x)",
rfx/runners/distributed_v2.py,1440,pad_x,PASS,distributed-v2,step_fn_pec,"st = _apply_pec_shmap(st, mesh, n_devices, nx_local, pad_x=pad_x)",
rfx/runners/distributed_v2.py,1453,apply_pec_mask_shmap,APPLY,distributed-v2,step_fn_pec,st = apply_pec_mask_shmap(,
rfx/runners/distributed_v2.py,1602,pad_x,PASS,distributed-v2,_unstack_and_gather,"sharded_arr, n_devices, nx_local, ghost, pad_x, nx,",
rfx/runners/distributed_v2.py,1631,_boundary,PASS,distributed-v2,run_distributed,"freq_range=(sim._freq_max / 10, sim._freq_max, sim._boundary),",
rfx/runners/nonuniform.py,109,pec_faces,DECLARE,nonuniform,build_nonuniform_grid,"pec_faces: set[str] | None = None,",
rfx/runners/nonuniform.py,110,pmc_faces,DECLARE,nonuniform,build_nonuniform_grid,"pmc_faces: set[str] | None = None,",
rfx/runners/nonuniform.py,111,cpml_axes,DECLARE,nonuniform,build_nonuniform_grid,"cpml_axes: str = ""xyz"",",
rfx/runners/nonuniform.py,141,cpml_axes,PASS,nonuniform,build_nonuniform_grid,"pec_faces=pec_faces, pmc_faces=pmc_faces, cpml_axes=cpml_axes,",
rfx/runners/nonuniform.py,141,pec_faces,PASS,nonuniform,build_nonuniform_grid,"pec_faces=pec_faces, pmc_faces=pmc_faces, cpml_axes=cpml_axes,",
rfx/runners/nonuniform.py,141,pmc_faces,PASS,nonuniform,build_nonuniform_grid,"pec_faces=pec_faces, pmc_faces=pmc_faces, cpml_axes=cpml_axes,",
rfx/runners/nonuniform.py,203,periodic,PASS,nonuniform,assemble_materials_nu,"periodic=(False, False, False),",
rfx/runners/nonuniform.py,229,_boundary,DECIDE,nonuniform,assemble_materials_nu,"if sim._boundary in (""cpml"", ""upml"") and sim._cpml_layers > 0:",
rfx/runners/nonuniform.py,229,_cpml_layers,DECIDE,nonuniform,assemble_materials_nu,"if sim._boundary in (""cpml"", ""upml"") and sim._cpml_layers > 0:",
rfx/runners/nonuniform.py,230,pad_x_hi,DECIDE,nonuniform,assemble_materials_nu,"plx, phx = grid.pad_x_lo, grid.pad_x_hi",
rfx/runners/nonuniform.py,230,pad_x_lo,DECIDE,nonuniform,assemble_materials_nu,"plx, phx = grid.pad_x_lo, grid.pad_x_hi",
rfx/runners/nonuniform.py,231,pad_y_hi,DECIDE,nonuniform,assemble_materials_nu,"ply, phy = grid.pad_y_lo, grid.pad_y_hi",
rfx/runners/nonuniform.py,231,pad_y_lo,DECIDE,nonuniform,assemble_materials_nu,"ply, phy = grid.pad_y_lo, grid.pad_y_hi",
rfx/runners/nonuniform.py,232,pad_z_hi,DECIDE,nonuniform,assemble_materials_nu,"plz, phz = grid.pad_z_lo, grid.pad_z_hi",
rfx/runners/nonuniform.py,232,pad_z_lo,DECIDE,nonuniform,assemble_materials_nu,"plz, phz = grid.pad_z_lo, grid.pad_z_hi",
rfx/runners/nonuniform.py,473,pad_x_hi,DERIVE,nonuniform,_build_waveguide_port_config_nu,"""x"": (grid.pad_x_lo, grid.pad_x_hi),",
rfx/runners/nonuniform.py,473,pad_x_lo,DERIVE,nonuniform,_build_waveguide_port_config_nu,"""x"": (grid.pad_x_lo, grid.pad_x_hi),",
rfx/runners/nonuniform.py,474,pad_y_hi,DERIVE,nonuniform,_build_waveguide_port_config_nu,"""y"": (grid.pad_y_lo, grid.pad_y_hi),",
rfx/runners/nonuniform.py,474,pad_y_lo,DERIVE,nonuniform,_build_waveguide_port_config_nu,"""y"": (grid.pad_y_lo, grid.pad_y_hi),",
rfx/runners/nonuniform.py,475,pad_z_hi,DERIVE,nonuniform,_build_waveguide_port_config_nu,"""z"": (grid.pad_z_lo, grid.pad_z_hi),",
rfx/runners/nonuniform.py,475,pad_z_lo,DERIVE,nonuniform,_build_waveguide_port_config_nu,"""z"": (grid.pad_z_lo, grid.pad_z_hi),",
rfx/runners/nonuniform.py,621,_boundary_spec,DECIDE,nonuniform,_setup_msl_ports_nu,"pec_faces=sim._boundary_spec.pec_faces(), name=pe.name)",
rfx/runners/nonuniform.py,621,pec_faces,PASS,nonuniform,_setup_msl_ports_nu,"pec_faces=sim._boundary_spec.pec_faces(), name=pe.name)",
rfx/runners/nonuniform.py,821,_cpml_layers,PASS,nonuniform,run_nonuniform_path,"sim._freq_max, sim._domain, sim._dx, sim._cpml_layers, sim._dz_profile,",
rfx/runners/nonuniform.py,823,_boundary_spec,DECIDE,nonuniform,run_nonuniform_path,pec_faces=sim._boundary_spec.pec_faces(),
rfx/runners/nonuniform.py,823,pec_faces,PASS,nonuniform,run_nonuniform_path,pec_faces=sim._boundary_spec.pec_faces(),
rfx/runners/nonuniform.py,824,_boundary_spec,DECIDE,nonuniform,run_nonuniform_path,"if sim._boundary_spec is not None else None,",
rfx/runners/nonuniform.py,825,_boundary_spec,DECIDE,nonuniform,run_nonuniform_path,pmc_faces=sim._boundary_spec.pmc_faces(),
rfx/runners/nonuniform.py,825,pmc_faces,PASS,nonuniform,run_nonuniform_path,pmc_faces=sim._boundary_spec.pmc_faces(),
rfx/runners/nonuniform.py,826,_boundary_spec,DECIDE,nonuniform,run_nonuniform_path,"if sim._boundary_spec is not None else None,",
rfx/runners/nonuniform.py,827,cpml_axes,PASS,nonuniform,run_nonuniform_path,"cpml_axes="""".join(",
rfx/runners/nonuniform.py,829,_periodic_axes,DECIDE,nonuniform,run_nonuniform_path,"if ax not in (sim._periodic_axes or """")",
rfx/runners/nonuniform.py,1419,pad_x_lo,PASS,nonuniform,run_nonuniform_path,"cpml_lo_x=int(grid.pad_x_lo),",
rfx/runners/nonuniform.py,1420,pad_y_lo,PASS,nonuniform,run_nonuniform_path,"cpml_lo_y=int(grid.pad_y_lo),",
rfx/runners/nonuniform.py,1421,pad_z_lo,PASS,nonuniform,run_nonuniform_path,"cpml_lo_z=int(grid.pad_z_lo),",
rfx/runners/nonuniform.py,1471,_pec_faces,PASS,nonuniform,run_nonuniform_path,"pec_faces=getattr(sim, '_pec_faces', None),",
rfx/runners/nonuniform.py,1471,pec_faces,PASS,nonuniform,run_nonuniform_path,"pec_faces=getattr(sim, '_pec_faces', None),",
rfx/runners/nonuniform.py,1472,_boundary_spec,PASS,nonuniform,run_nonuniform_path,"pmc_faces=sim._boundary_spec.pmc_faces() if getattr(sim, '_boundary_spec', None) is not None else None,",
rfx/runners/nonuniform.py,1472,pmc_faces,PASS,nonuniform,run_nonuniform_path,"pmc_faces=sim._boundary_spec.pmc_faces() if getattr(sim, '_boundary_spec', None) is not None else None,",
rfx/runners/nonuniform.py,1659,_boundary,PASS,nonuniform,run_nonuniform_path,"freq_range=(sim._freq_max / 10, sim._freq_max, sim._boundary),",
rfx/runners/subgridded.py,59,pad_z_lo,DERIVE,subgridded,_run_subgridded_once,"pad_z_lo = int(getattr(grid_coarse, ""pad_z_lo"", grid_coarse.cpml_layers))",
rfx/runners/subgridded.py,60,pad_z_hi,DERIVE,subgridded,_run_subgridded_once,"pad_z_hi = int(getattr(grid_coarse, ""pad_z_hi"", grid_coarse.cpml_layers))",
rfx/runners/subgridded.py,61,pad_z_lo,PASS,subgridded,_run_subgridded_once,"fk_lo = max(int(round(z_lo / dx_c)) + pad_z_lo, pad_z_lo)",
rfx/runners/subgridded.py,62,pad_z_hi,DECIDE,subgridded,_run_subgridded_once,"fk_hi = min(int(round(z_hi / dx_c)) + pad_z_lo + 1, grid_coarse.nz - pad_z_hi)",
rfx/runners/subgridded.py,62,pad_z_lo,DECIDE,subgridded,_run_subgridded_once,"fk_hi = min(int(round(z_hi / dx_c)) + pad_z_lo + 1, grid_coarse.nz - pad_z_hi)",
rfx/runners/subgridded.py,69,pad_x_lo,DECIDE,subgridded,_run_subgridded_once,fi_lo = grid_coarse.pad_x_lo,
rfx/runners/subgridded.py,70,pad_x_hi,DECIDE,subgridded,_run_subgridded_once,fi_hi = grid_coarse.nx - grid_coarse.pad_x_hi,
rfx/runners/subgridded.py,71,pad_y_lo,DECIDE,subgridded,_run_subgridded_once,fj_lo = grid_coarse.pad_y_lo,
rfx/runners/subgridded.py,72,pad_y_hi,DECIDE,subgridded,_run_subgridded_once,fj_hi = grid_coarse.ny - grid_coarse.pad_y_hi,
rfx/runners/subgridded.py,76,pad_x_lo,DECIDE,subgridded,_run_subgridded_once,"int(round(margin / dx_c)) + grid_coarse.pad_x_lo,",
rfx/runners/subgridded.py,77,pad_x_lo,PASS,subgridded,_run_subgridded_once,"grid_coarse.pad_x_lo,",
rfx/runners/subgridded.py,81,pad_x_lo,DECIDE,subgridded,_run_subgridded_once,+ grid_coarse.pad_x_lo,
rfx/runners/subgridded.py,83,pad_x_hi,DECIDE,subgridded,_run_subgridded_once,"grid_coarse.nx - grid_coarse.pad_x_hi,",
rfx/runners/subgridded.py,86,pad_y_lo,DECIDE,subgridded,_run_subgridded_once,"int(round(margin / dx_c)) + grid_coarse.pad_y_lo,",
rfx/runners/subgridded.py,87,pad_y_lo,PASS,subgridded,_run_subgridded_once,"grid_coarse.pad_y_lo,",
rfx/runners/subgridded.py,91,pad_y_lo,DECIDE,subgridded,_run_subgridded_once,+ grid_coarse.pad_y_lo,
rfx/runners/subgridded.py,93,pad_y_hi,DECIDE,subgridded,_run_subgridded_once,"grid_coarse.ny - grid_coarse.pad_y_hi,",
rfx/runners/subgridded.py,150,pad_x_lo,DECIDE,subgridded,_run_subgridded_once,config.fi_lo == grid_coarse.pad_x_lo,
rfx/runners/subgridded.py,151,pad_x_hi,DECIDE,subgridded,_run_subgridded_once,and config.fi_hi == grid_coarse.nx - grid_coarse.pad_x_hi,
rfx/runners/subgridded.py,152,pad_y_lo,DECIDE,subgridded,_run_subgridded_once,and config.fj_lo == grid_coarse.pad_y_lo,
rfx/runners/subgridded.py,153,pad_y_hi,DECIDE,subgridded,_run_subgridded_once,and config.fj_hi == grid_coarse.ny - grid_coarse.pad_y_hi,
rfx/runners/subgridded.py,165,pad_z_lo,PASS,subgridded,_run_subgridded_once,"config.fk_lo <= int(getattr(grid_coarse, ""pad_z_lo"", 0))",
rfx/runners/subgridded.py,166,pec_faces,PASS,subgridded,_run_subgridded_once,"and ""z_lo"" in getattr(grid_coarse, ""pec_faces"", set())",
rfx/runners/subgridded.py,170,pad_z_hi,PASS,subgridded,_run_subgridded_once,">= grid_coarse.nz - int(getattr(grid_coarse, ""pad_z_hi"", 0))",
rfx/runners/subgridded.py,171,pec_faces,PASS,subgridded,_run_subgridded_once,"and ""z_hi"" in getattr(grid_coarse, ""pec_faces"", set())",
rfx/runners/subgridded.py,196,pad_x_lo,DECIDE,subgridded,_run_subgridded_once,x_off = (fi_lo - grid_coarse.pad_x_lo) * dx_c,
rfx/runners/subgridded.py,197,pad_y_lo,DECIDE,subgridded,_run_subgridded_once,y_off = (fj_lo - grid_coarse.pad_y_lo) * dx_c,
rfx/runners/subgridded.py,198,pad_z_lo,DECIDE,subgridded,_run_subgridded_once,z_off = (fk_lo - grid_coarse.pad_z_lo) * dx_c,
rfx/runners/subgridded.py,263,pad_x_lo,DECIDE,subgridded,_coarse_trilinear_entries,"pos[0] / dx_c + grid_coarse.pad_x_lo,",
rfx/runners/subgridded.py,264,pad_y_lo,DECIDE,subgridded,_coarse_trilinear_entries,"pos[1] / dx_c + grid_coarse.pad_y_lo,",
rfx/runners/subgridded.py,268,pad_z_lo,DECIDE,subgridded,_coarse_trilinear_entries,else pos[2] / dx_c + grid_coarse.pad_z_lo,
rfx/runners/subgridded.py,384,_boundary,DECIDE,subgridded,_run_subgridded_once,"native = ""cb"" if sim._boundary in (""cpml"", ""upml"") else ""raw""",
rfx/runners/uniform.py,201,_boundary,DECIDE,uniform-scan,run_uniform,"if sim._boundary == ""upml"":",
rfx/runners/uniform.py,322,periodic,DERIVE,uniform-scan,run_uniform,periodic = None,
rfx/runners/uniform.py,323,cpml_axes,DERIVE,uniform-scan,run_uniform,"cpml_axes = ""xyz""",
rfx/runners/uniform.py,324,pec_axes,DERIVE,uniform-scan,run_uniform,pec_axes = None,
rfx/runners/uniform.py,339,_periodic_axes,DECIDE,uniform-scan,run_uniform,if sim._periodic_axes:,
rfx/runners/uniform.py,340,_periodic_axes,DECIDE,uniform-scan,run_uniform,"periodic = tuple(axis in sim._periodic_axes for axis in ""xyz"")",
rfx/runners/uniform.py,340,periodic,DERIVE,uniform-scan,run_uniform,"periodic = tuple(axis in sim._periodic_axes for axis in ""xyz"")",
rfx/runners/uniform.py,350,periodic,PASS,uniform-scan,run_uniform,"_pec_periodic = _simulation.resolve_periodic(grid, periodic)",
rfx/runners/uniform.py,356,periodic,PASS,uniform-scan,run_uniform,periodic=_pec_periodic),
rfx/runners/uniform.py,370,periodic,PASS,uniform-scan,run_uniform,"wires=pec_wires, periodic=_pec_periodic)",
rfx/runners/uniform.py,391,_boundary,DECIDE,uniform-scan,run_uniform,"if sim._boundary in (""cpml"", ""upml""):",
rfx/runners/uniform.py,502,periodic,PASS,uniform-scan,run_uniform,"sheet_specs=sheet_specs, periodic=_pec_periodic,",
rfx/runners/uniform.py,503,_boundary_spec,DECIDE,uniform-scan,run_uniform,"pec_faces=sim._boundary_spec.pec_faces(), name=pe.name)",
rfx/runners/uniform.py,503,pec_faces,PASS,uniform-scan,run_uniform,"pec_faces=sim._boundary_spec.pec_faces(), name=pe.name)",
rfx/runners/uniform.py,588,cpml_axes,DERIVE,uniform-scan,run_uniform,cpml_axes = grid.cpml_axes,
rfx/runners/uniform.py,589,cpml_axes,DECIDE,uniform-scan,run_uniform,"pec_axes = """".join(axis for axis in ""xyz"" if axis not in cpml_axes)",
rfx/runners/uniform.py,589,pec_axes,DERIVE,uniform-scan,run_uniform,"pec_axes = """".join(axis for axis in ""xyz"" if axis not in cpml_axes)",
rfx/runners/uniform.py,616,bloch,PASS,uniform-scan,run_uniform,"method=getattr(sim._tfsf, 'method', 'bloch'),",
rfx/runners/uniform.py,624,periodic,DERIVE,uniform-scan,run_uniform,"periodic = (False, False, True)",
rfx/runners/uniform.py,625,cpml_axes,DERIVE,uniform-scan,run_uniform,"cpml_axes = ""xy""",
rfx/runners/uniform.py,627,periodic,DERIVE,uniform-scan,run_uniform,"periodic = (False, True, True)",
rfx/runners/uniform.py,628,cpml_axes,DERIVE,uniform-scan,run_uniform,"cpml_axes = ""x""",
rfx/runners/uniform.py,734,periodic,PASS,uniform-scan,run_uniform,periodic=_pec_periodic),
rfx/runners/uniform.py,749,_boundary,PASS,uniform-scan,run_uniform,"boundary=sim._boundary,",
rfx/runners/uniform.py,750,cpml_axes,PASS,uniform-scan,run_uniform,"cpml_axes=cpml_axes,",
rfx/runners/uniform.py,751,pec_axes,PASS,uniform-scan,run_uniform,"pec_axes=pec_axes,",
rfx/runners/uniform.py,752,periodic,PASS,uniform-scan,run_uniform,"periodic=periodic,",
rfx/runners/uniform.py,784,_boundary,PASS,uniform-scan,run_uniform,"boundary=sim._boundary,",
rfx/runners/uniform.py,785,cpml_axes,PASS,uniform-scan,run_uniform,"cpml_axes=cpml_axes,",
rfx/runners/uniform.py,786,pec_axes,PASS,uniform-scan,run_uniform,"pec_axes=pec_axes,",
rfx/runners/uniform.py,787,periodic,PASS,uniform-scan,run_uniform,"periodic=periodic,",
rfx/runners/uniform.py,1022,_boundary,PASS,uniform-scan,run_uniform,"freq_range=(sim._freq_max / 10, sim._freq_max, sim._boundary),",
rfx/simulation.py,451,periodic,DECLARE,uniform-scan,_update_e_with_optional_dispersion,"periodic: tuple = (False, False, False),",
rfx/simulation.py,455,bloch,DECLARE,uniform-scan,_update_e_with_optional_dispersion,"bloch: tuple | None = None,",
rfx/simulation.py,480,periodic,PASS,uniform-scan,_update_e_with_optional_dispersion,"dt, dx, periodic=periodic), None, None",
rfx/simulation.py,484,periodic,PASS,uniform-scan,_update_e_with_optional_dispersion,"dt, dx, periodic=periodic), None, None",
rfx/simulation.py,485,periodic,PASS,uniform-scan,_update_e_with_optional_dispersion,"return update_e(state, materials, dt, dx, periodic=periodic,",
rfx/simulation.py,486,bloch,PASS,uniform-scan,_update_e_with_optional_dispersion,"stencil_order=stencil_order, bloch=bloch), None, None",
rfx/simulation.py,493,periodic,PASS,uniform-scan,_update_e_with_optional_dispersion,"state, debye_coeffs, debye_state, dt, dx, periodic=periodic)",
rfx/simulation.py,501,periodic,PASS,uniform-scan,_update_e_with_optional_dispersion,"state, lorentz_coeffs, lorentz_state, dt, dx, periodic=periodic)",
rfx/simulation.py,512,periodic,DECIDE,uniform-scan,bwd,if periodic[axis]:,
rfx/simulation.py,704,periodic,DERIVE,uniform-scan,<module>,periodic: tuple,
rfx/simulation.py,705,pec_axes,DERIVE,uniform-scan,<module>,pec_axes: str,
rfx/simulation.py,708,periodic,DECLARE,uniform-scan,resolve_periodic,"def resolve_periodic(grid, periodic):",
rfx/simulation.py,715,periodic,DECIDE,uniform-scan,resolve_periodic,if periodic is None:,
rfx/simulation.py,716,periodic,DERIVE,uniform-scan,resolve_periodic,"periodic = (False, False, False)",
rfx/simulation.py,718,periodic,PASS,uniform-scan,resolve_periodic,if len(periodic) != 3:,
rfx/simulation.py,719,periodic,DECIDE,uniform-scan,resolve_periodic,"raise ValueError(f""periodic must have length 3, got {periodic!r}"")",
rfx/simulation.py,720,periodic,DERIVE,uniform-scan,resolve_periodic,periodic = tuple(bool(v) for v in periodic),
rfx/simulation.py,722,periodic,DERIVE,uniform-scan,resolve_periodic,"periodic = (periodic[0], periodic[1], True)",
rfx/simulation.py,723,periodic,PASS,uniform-scan,resolve_periodic,return periodic,
rfx/simulation.py,753,periodic,DECLARE,uniform-scan,_resolve_design_occupancy,"periodic,",
rfx/simulation.py,778,periodic,PASS,uniform-scan,_resolve_design_occupancy,"pec_occupancy=pec_occupancy, periodic=periodic)",
rfx/simulation.py,790,cpml_axes,DECLARE,uniform-scan,_resolve_design_box,"cpml_axes: str,",
rfx/simulation.py,797,bloch,DECLARE,uniform-scan,_resolve_design_box,"bloch,",
rfx/simulation.py,832,bloch,DECIDE,uniform-scan,_resolve_design_box,if bloch is not None:,
rfx/simulation.py,878,cpml_axes,PASS,uniform-scan,_resolve_design_box,"grid_axes = getattr(grid, ""cpml_axes"", cpml_axes)",
rfx/simulation.py,880,cpml_axes,DECIDE,uniform-scan,_resolve_design_box,if name not in cpml_axes:,
rfx/simulation.py,882,pad_{name}_lo,PASS,uniform-scan,_resolve_design_box,"if name in grid_axes and hasattr(grid, f""pad_{name}_lo""):",
rfx/simulation.py,883,pad_{name}_lo,PASS,uniform-scan,_resolve_design_box,"pad_lo = int(getattr(grid, f""pad_{name}_lo""))",
rfx/simulation.py,884,pad_{name}_hi,PASS,uniform-scan,_resolve_design_box,"pad_hi = int(getattr(grid, f""pad_{name}_hi""))",
rfx/simulation.py,948,cpml_axes,DECLARE,uniform-scan,_build_step_setup,"cpml_axes: str,",
rfx/simulation.py,949,pec_axes,DECLARE,uniform-scan,_build_step_setup,"pec_axes: ""str | None"",",
rfx/simulation.py,950,periodic,DECLARE,uniform-scan,_build_step_setup,"periodic: ""tuple | None"",",
rfx/simulation.py,991,periodic,DERIVE,uniform-scan,_build_step_setup,"periodic = resolve_periodic(grid, periodic)",
rfx/simulation.py,995,periodic,PASS,uniform-scan,_build_step_setup,"for axis_name, is_periodic in zip(axis_names, periodic):",
rfx/simulation.py,997,cpml_axes,DERIVE,uniform-scan,_build_step_setup,"cpml_axes = cpml_axes.replace(axis_name, """")",
rfx/simulation.py,999,periodic,PASS,uniform-scan,_build_step_setup,"axis_name for axis_name, is_periodic in zip(axis_names, periodic)",
rfx/simulation.py,1002,pec_axes,DECIDE,uniform-scan,_build_step_setup,if pec_axes is None:,
rfx/simulation.py,1003,pec_axes,DERIVE,uniform-scan,_build_step_setup,pec_axes = default_pec_axes,
rfx/simulation.py,1005,pec_axes,DERIVE,uniform-scan,_build_step_setup,"pec_axes = """".join(axis for axis in pec_axes if axis in default_pec_axes)",
rfx/simulation.py,1008,_pec_faces,DERIVE,uniform-scan,_build_step_setup,"_pec_faces = getattr(grid, ""pec_faces"", None) or set()",
rfx/simulation.py,1008,pec_faces,PASS,uniform-scan,_build_step_setup,"_pec_faces = getattr(grid, ""pec_faces"", None) or set()",
rfx/simulation.py,1009,_pec_faces,PASS,uniform-scan,_build_step_setup,use_pec_faces = bool(_pec_faces),
rfx/simulation.py,1010,_pec_faces,PASS,uniform-scan,_build_step_setup,_pec_faces_frozen = frozenset(_pec_faces) if use_pec_faces else frozenset(),
rfx/simulation.py,1013,pmc_faces,PASS,uniform-scan,_build_step_setup,"_pmc_faces = getattr(grid, ""pmc_faces"", None) or set()",
rfx/simulation.py,1037,periodic,PASS,uniform-scan,_build_step_setup,"pec_mask, sheets=pec_sheets, wires=pec_wires, periodic=periodic)",
rfx/simulation.py,1056,periodic,PASS,uniform-scan,_build_step_setup,"None, sheets=pec_sheets, wires=pec_wires, periodic=periodic)",
rfx/simulation.py,1079,periodic,PASS,uniform-scan,_build_step_setup,"sheets=pec_sheets, wires=pec_wires, periodic=periodic)",
rfx/simulation.py,1199,init_cpml,DERIVE,uniform-scan,_build_step_setup,"cpml_params, cpml_state = init_cpml(grid, field_dtype=_field_dtype)",
rfx/simulation.py,1204,cpml_axes,PASS,uniform-scan,_build_step_setup,"upml_coeffs = init_upml(grid, materials, axes=cpml_axes,",
rfx/simulation.py,1204,init_upml,DERIVE,uniform-scan,_build_step_setup,"upml_coeffs = init_upml(grid, materials, axes=cpml_axes,",
rfx/simulation.py,1377,cpml_axes,PASS,uniform-scan,_build_step_setup,"cpml_axes=cpml_axes,",
rfx/simulation.py,1384,bloch,PASS,uniform-scan,_build_step_setup,"bloch=_bloch,",
rfx/simulation.py,1406,periodic,PASS,uniform-scan,_build_step_setup,"periodic=periodic,",
rfx/simulation.py,1419,periodic,PASS,uniform-scan,_build_step_setup,"periodic=periodic,",
rfx/simulation.py,1420,pec_axes,PASS,uniform-scan,_build_step_setup,"pec_axes=pec_axes,",
rfx/simulation.py,1451,cpml_axes,PASS,uniform-scan,_build_step_setup,"cpml_axes=cpml_axes,",
rfx/simulation.py,1455,bloch,PASS,uniform-scan,_build_step_setup,"bloch=_bloch,",
rfx/simulation.py,1509,periodic,PASS,uniform-scan,_build_step_setup,"periodic=periodic,",
rfx/simulation.py,1510,pec_axes,PASS,uniform-scan,_build_step_setup,"pec_axes=pec_axes,",
rfx/simulation.py,1556,periodic,DERIVE,uniform-scan,<module>,periodic: tuple,
rfx/simulation.py,1557,pec_axes,DERIVE,uniform-scan,<module>,pec_axes: str,
rfx/simulation.py,1594,cpml_axes,DERIVE,uniform-scan,<module>,"cpml_axes: str = """"",
rfx/simulation.py,1598,bloch,DERIVE,uniform-scan,<module>,bloch: Any = None  # per-axis Bloch phase for oblique-periodic TFSF (#404); None = real path,
rfx/simulation.py,1672,periodic,DERIVE,uniform-scan,make_core_step,periodic = ctx.periodic,
rfx/simulation.py,1674,pec_axes,DERIVE,uniform-scan,make_core_step,pec_axes = ctx.pec_axes,
rfx/simulation.py,1718,apply_upml_h,APPLY,uniform-scan,core_step,"st = ctx.apply_upml_h(st, ctx.upml_coeffs, periodic=periodic)",
rfx/simulation.py,1718,periodic,PASS,uniform-scan,core_step,"st = ctx.apply_upml_h(st, ctx.upml_coeffs, periodic=periodic)",
rfx/simulation.py,1720,periodic,PASS,uniform-scan,core_step,"st = update_h(st, materials, dt, dx, periodic=periodic,",
rfx/simulation.py,1721,bloch,PASS,uniform-scan,core_step,"stencil_order=ctx.stencil_order, bloch=ctx.bloch)",
rfx/simulation.py,1729,apply_cpml_h,APPLY,uniform-scan,core_step,"st, cpml_new = ctx.apply_cpml_h(",
rfx/simulation.py,1730,cpml_axes,PASS,uniform-scan,core_step,"st, ctx.cpml_params, carry[""cpml""], grid, ctx.cpml_axes,",
rfx/simulation.py,1767,apply_pmc_faces,APPLY,uniform-scan,core_step,"st = apply_pmc_faces(st, ctx.pmc_faces_frozen)",
rfx/simulation.py,1802,apply_upml_e,APPLY,uniform-scan,core_step,"st = ctx.apply_upml_e(st, ctx.upml_coeffs, periodic=periodic)",
rfx/simulation.py,1802,periodic,PASS,uniform-scan,core_step,"st = ctx.apply_upml_e(st, ctx.upml_coeffs, periodic=periodic)",
rfx/simulation.py,1813,periodic,PASS,uniform-scan,core_step,"periodic=periodic,",
rfx/simulation.py,1817,bloch,PASS,uniform-scan,core_step,"bloch=ctx.bloch,",
rfx/simulation.py,1830,periodic,PASS,uniform-scan,core_step,"periodic=periodic,",
rfx/simulation.py,1832,bloch,PASS,uniform-scan,core_step,"bloch=ctx.bloch,",
rfx/simulation.py,1846,apply_cpml_e,APPLY,uniform-scan,core_step,"st, cpml_new = ctx.apply_cpml_e(",
rfx/simulation.py,1847,cpml_axes,PASS,uniform-scan,core_step,"st, ctx.cpml_params, cpml_new, grid, ctx.cpml_axes,",
rfx/simulation.py,1863,pec_axes,APPLY,uniform-scan,core_step,if pec_axes:,
rfx/simulation.py,1864,apply_pec,APPLY,uniform-scan,core_step,"st = apply_pec(st, axes=pec_axes)",
rfx/simulation.py,1864,pec_axes,PASS,uniform-scan,core_step,"st = apply_pec(st, axes=pec_axes)",
rfx/simulation.py,1866,apply_pec_faces,APPLY,uniform-scan,core_step,"st = apply_pec_faces(st, ctx.pec_faces_frozen)",
rfx/simulation.py,1898,periodic,PASS,uniform-scan,core_step,"st, ctx.pec_occupancy, ctx.periodic,",
rfx/simulation.py,1923,periodic,PASS,uniform-scan,core_step,"st.hz.astype(_scd), dx, periodic,",
rfx/simulation.py,1924,bloch,PASS,uniform-scan,core_step,"ctx.stencil_order, ctx.bloch)",
rfx/simulation.py,1990,periodic,PASS,uniform-scan,core_step,"st, (li, lj, lk), lp_meta.component, dx, periodic)",
rfx/simulation.py,2092,periodic,PASS,uniform-scan,core_step,"st, (mi, mj, mk), wp_meta.component, dx, periodic)",
rfx/simulation.py,2287,cpml_axes,DECLARE,uniform-scan,run,"cpml_axes: str = ""xyz"",",
rfx/simulation.py,2288,pec_axes,DECLARE,uniform-scan,run,"pec_axes: str | None = None,",
rfx/simulation.py,2289,periodic,DECLARE,uniform-scan,run,"periodic: tuple[bool, bool, bool] | None = None,",
rfx/simulation.py,2450,cpml_axes,PASS,uniform-scan,run,"cpml_axes=cpml_axes,",
rfx/simulation.py,2451,pec_axes,PASS,uniform-scan,run,"pec_axes=pec_axes,",
rfx/simulation.py,2452,periodic,PASS,uniform-scan,run,"periodic=periodic,",
rfx/simulation.py,2486,periodic,DERIVE,uniform-scan,run,periodic = _setup.periodic,
rfx/simulation.py,2543,periodic,DECIDE,fast-path,run,"and periodic == (False, False, False)",
rfx/simulation.py,2554,pec_axes,PASS,fast-path,run,"precompute_coeffs(materials, dt, dx, pec_axes=_setup.pec_axes)",
rfx/simulation.py,2554,precompute_coeffs,APPLY,fast-path,run,"precompute_coeffs(materials, dt, dx, pec_axes=_setup.pec_axes)",
rfx/simulation.py,2813,pad_x_hi,DECIDE,uniform-scan,_warn_static_remnant_cap_hit,"ix0, ix1 = grid.pad_x_lo, grid.nx - grid.pad_x_hi",
rfx/simulation.py,2813,pad_x_lo,DECIDE,uniform-scan,_warn_static_remnant_cap_hit,"ix0, ix1 = grid.pad_x_lo, grid.nx - grid.pad_x_hi",
rfx/simulation.py,2814,pad_y_hi,DECIDE,uniform-scan,_warn_static_remnant_cap_hit,"iy0, iy1 = grid.pad_y_lo, grid.ny - grid.pad_y_hi",
rfx/simulation.py,2814,pad_y_lo,DECIDE,uniform-scan,_warn_static_remnant_cap_hit,"iy0, iy1 = grid.pad_y_lo, grid.ny - grid.pad_y_hi",
rfx/simulation.py,2815,pad_z_hi,DECIDE,uniform-scan,_warn_static_remnant_cap_hit,"iz0, iz1 = (0, grid.nz) if is_2d else (grid.pad_z_lo, grid.nz - grid.pad_z_hi)",
rfx/simulation.py,2815,pad_z_lo,DECIDE,uniform-scan,_warn_static_remnant_cap_hit,"iz0, iz1 = (0, grid.nz) if is_2d else (grid.pad_z_lo, grid.nz - grid.pad_z_hi)",
rfx/simulation.py,2863,cpml_axes,DECLARE,uniform-scan,run_until_decay,"cpml_axes: str = ""xyz"",",
rfx/simulation.py,2864,pec_axes,DECLARE,uniform-scan,run_until_decay,"pec_axes: str | None = None,",
rfx/simulation.py,2865,periodic,DECLARE,uniform-scan,run_until_decay,"periodic: tuple[bool, bool, bool] | None = None,",
rfx/simulation.py,3034,cpml_axes,PASS,uniform-scan,run_until_decay,"cpml_axes=cpml_axes,",
rfx/simulation.py,3035,pec_axes,PASS,uniform-scan,run_until_decay,"pec_axes=pec_axes,",
rfx/simulation.py,3036,periodic,PASS,uniform-scan,run_until_decay,"periodic=periodic,",
rfx/simulation.py,3143,pad_x_hi,DECIDE,uniform-scan,run_until_decay,"_ix0, _ix1 = grid.pad_x_lo, grid.nx - grid.pad_x_hi",
rfx/simulation.py,3143,pad_x_lo,DECIDE,uniform-scan,run_until_decay,"_ix0, _ix1 = grid.pad_x_lo, grid.nx - grid.pad_x_hi",
rfx/simulation.py,3144,pad_y_hi,DECIDE,uniform-scan,run_until_decay,"_iy0, _iy1 = grid.pad_y_lo, grid.ny - grid.pad_y_hi",
rfx/simulation.py,3144,pad_y_lo,DECIDE,uniform-scan,run_until_decay,"_iy0, _iy1 = grid.pad_y_lo, grid.ny - grid.pad_y_hi",
rfx/simulation.py,3148,pad_z_hi,DECIDE,uniform-scan,run_until_decay,"_iz0, _iz1 = grid.pad_z_lo, grid.nz - grid.pad_z_hi",
rfx/simulation.py,3148,pad_z_lo,DECIDE,uniform-scan,run_until_decay,"_iz0, _iz1 = grid.pad_z_lo, grid.nz - grid.pad_z_hi",
rfx/sources/coaxial_port.py,779,pad_x_lo,DECIDE,ports,add_coaxial_matched_termination,x = (i - grid.pad_x_lo) * grid.dx,
rfx/sources/coaxial_port.py,781,pad_y_lo,DECIDE,ports,add_coaxial_matched_termination,y = (j - grid.pad_y_lo) * grid.dx,
rfx/sources/coaxial_port.py,870,pad_x_lo,DECIDE,ports,add_coaxial_pec_end_cap,x = (i - grid.pad_x_lo) * grid.dx,
rfx/sources/coaxial_port.py,872,pad_y_lo,DECIDE,ports,add_coaxial_pec_end_cap,y = (j - grid.pad_y_lo) * grid.dx,
rfx/sources/coaxial_port.py,899,pad_x_lo,DECIDE,ports,add_coaxial_pec_end_cap,x = (i - grid.pad_x_lo) * grid.dx,
rfx/sources/coaxial_port.py,901,pad_y_lo,DECIDE,ports,add_coaxial_pec_end_cap,y = (j - grid.pad_y_lo) * grid.dx,
rfx/sources/coaxial_port.py,983,pad_x_lo,DECIDE,ports,add_coaxial_open_termination,x = (i - grid.pad_x_lo) * grid.dx,
rfx/sources/coaxial_port.py,985,pad_y_lo,DECIDE,ports,add_coaxial_open_termination,y = (j - grid.pad_y_lo) * grid.dx,
rfx/sources/coaxial_port.py,1304,pad_x_lo,DECIDE,ports,build_coaxial_tem_plane_source_specs,x = (i - grid.pad_x_lo) * grid.dx,
rfx/sources/coaxial_port.py,1306,pad_y_lo,DECIDE,ports,build_coaxial_tem_plane_source_specs,y = (j - grid.pad_y_lo) * grid.dx,
rfx/sources/coaxial_port.py,1440,pad_x_lo,DECIDE,ports,extract_coaxial_plane_vi_from_dft,"u_coords = (np.arange(grid.nx, dtype=np.float64) - grid.pad_x_lo) * grid.dx",
rfx/sources/coaxial_port.py,1441,pad_y_lo,DECIDE,ports,extract_coaxial_plane_vi_from_dft,"v_coords = (np.arange(grid.ny, dtype=np.float64) - grid.pad_y_lo) * grid.dx",
rfx/sources/coaxial_port.py,1516,pad_x_lo,DECIDE,ports,coaxial_line_plane_voltage,"u = (np.arange(grid.nx, dtype=np.float64) - grid.pad_x_lo) * grid.dx",
rfx/sources/coaxial_port.py,1517,pad_y_lo,DECIDE,ports,coaxial_line_plane_voltage,"v = (np.arange(grid.ny, dtype=np.float64) - grid.pad_y_lo) * grid.dx",
rfx/sources/coaxial_port.py,1553,pad_x_lo,DECIDE,ports,coaxial_line_plane_voltage_jnp,"u = (np.arange(grid.nx, dtype=np.float64) - grid.pad_x_lo) * grid.dx",
rfx/sources/coaxial_port.py,1554,pad_y_lo,DECIDE,ports,coaxial_line_plane_voltage_jnp,"v = (np.arange(grid.ny, dtype=np.float64) - grid.pad_y_lo) * grid.dx",
rfx/sources/coaxial_port.py,2030,pad_z_lo,DECIDE,ports,stamp_coaxial_line,z_lo = (int(z_lo_index) - grid.pad_z_lo) * dz,
rfx/sources/coaxial_port.py,2031,pad_z_lo,DECIDE,ports,stamp_coaxial_line,z_hi = (int(z_hi_index) - grid.pad_z_lo) * dz,
rfx/sources/coaxial_port.py,2058,pad_x_hi,DERIVE,ports,stamp_coaxial_line,"pad_x_lo, pad_x_hi = int(grid.pad_x_lo), int(grid.pad_x_hi)",
rfx/sources/coaxial_port.py,2058,pad_x_lo,DERIVE,ports,stamp_coaxial_line,"pad_x_lo, pad_x_hi = int(grid.pad_x_lo), int(grid.pad_x_hi)",
rfx/sources/coaxial_port.py,2059,pad_y_hi,DERIVE,ports,stamp_coaxial_line,"pad_y_lo, pad_y_hi = int(grid.pad_y_lo), int(grid.pad_y_hi)",
rfx/sources/coaxial_port.py,2059,pad_y_lo,DERIVE,ports,stamp_coaxial_line,"pad_y_lo, pad_y_hi = int(grid.pad_y_lo), int(grid.pad_y_hi)",
rfx/sources/coaxial_port.py,2060,pad_x_hi,DECIDE,ports,stamp_coaxial_line,span_x = (nx - 1 - pad_x_lo - pad_x_hi) * dz,
rfx/sources/coaxial_port.py,2060,pad_x_lo,DECIDE,ports,stamp_coaxial_line,span_x = (nx - 1 - pad_x_lo - pad_x_hi) * dz,
rfx/sources/coaxial_port.py,2061,pad_y_hi,DECIDE,ports,stamp_coaxial_line,span_y = (ny - 1 - pad_y_lo - pad_y_hi) * dz,
rfx/sources/coaxial_port.py,2061,pad_y_lo,DECIDE,ports,stamp_coaxial_line,span_y = (ny - 1 - pad_y_lo - pad_y_hi) * dz,
rfx/sources/coaxial_port.py,2063,pad_x_lo,DECIDE,ports,stamp_coaxial_line,if pad_x_lo:,
rfx/sources/coaxial_port.py,2064,pad_x_lo,DECIDE,ports,stamp_coaxial_line,"room.append((""x-lo"", pad_x_lo, cx))",
rfx/sources/coaxial_port.py,2065,pad_x_hi,DECIDE,ports,stamp_coaxial_line,if pad_x_hi:,
rfx/sources/coaxial_port.py,2066,pad_x_hi,DECIDE,ports,stamp_coaxial_line,"room.append((""x-hi"", pad_x_hi, span_x - cx))",
rfx/sources/coaxial_port.py,2067,pad_y_lo,DECIDE,ports,stamp_coaxial_line,if pad_y_lo:,
rfx/sources/coaxial_port.py,2068,pad_y_lo,DECIDE,ports,stamp_coaxial_line,"room.append((""y-lo"", pad_y_lo, cy))",
rfx/sources/coaxial_port.py,2069,pad_y_hi,DECIDE,ports,stamp_coaxial_line,if pad_y_hi:,
rfx/sources/coaxial_port.py,2070,pad_y_hi,DECIDE,ports,stamp_coaxial_line,"room.append((""y-hi"", pad_y_hi, span_y - cy))",
rfx/sources/coaxial_port.py,2138,pad_x_lo,DECIDE,ports,stamp_coaxial_short_plane,x = (i - grid.pad_x_lo) * grid.dx,
rfx/sources/coaxial_port.py,2140,pad_y_lo,DECIDE,ports,stamp_coaxial_short_plane,y = (j - grid.pad_y_lo) * grid.dx,
rfx/sources/coaxial_port.py,2193,pad_x_lo,DECIDE,ports,stamp_coaxial_annular_resistor,x = (i - grid.pad_x_lo) * grid.dx,
rfx/sources/coaxial_port.py,2195,pad_y_lo,DECIDE,ports,stamp_coaxial_annular_resistor,y = (j - grid.pad_y_lo) * grid.dx,
rfx/sources/msl_eigenmode.py,149,pad_y_cells,DECLARE,other,compute_msl_eigenmode_profile,"pad_y_cells: int | None = None,",
rfx/sources/msl_eigenmode.py,150,pad_z_cells,DECLARE,other,compute_msl_eigenmode_profile,"pad_z_cells: int | None = None,",
rfx/sources/msl_port.py,295,pec_faces,DECLARE,ports,validate_msl_port_geometry,"pec_faces=(), periodic=(False, False, False),",
rfx/sources/msl_port.py,295,periodic,DECLARE,ports,validate_msl_port_geometry,"pec_faces=(), periodic=(False, False, False),",
rfx/sources/msl_port.py,319,periodic,PASS,ports,validate_msl_port_geometry,"sheet_specs, pec_edge_masks=pec_edge_masks, periodic=periodic)",
rfx/sources/msl_port.py,324,pec_faces,DERIVE,ports,validate_msl_port_geometry,faces = set(pec_faces or ()),
rfx/sources/msl_port.py,355,periodic,DECIDE,ports,along_trace,elif periodic[ip]:,
rfx/sources/msl_port.py,365,periodic,PASS,ports,validate_msl_port_geometry,"observed, 2, ij=ij, periodic=periodic)) | domain_planes)",
rfx/sources/msl_port.py,391,periodic,PASS,ports,validate_msl_port_geometry,"intervening = [k for k in realized_wall_planes(observed, 2, ij=ij, periodic=periodic)",
rfx/sources/msl_port.py,709,pad_y_cells,DECLARE,ports,compute_msl_mode_profile,"pad_y_cells: int | None = None,",
rfx/sources/msl_port.py,710,pad_z_cells,DECLARE,ports,compute_msl_mode_profile,"pad_z_cells: int | None = None,",
rfx/sources/msl_port.py,775,pad_y_cells,DECIDE,ports,compute_msl_mode_profile,if pad_y_cells is None:,
rfx/sources/msl_port.py,782,pad_y_cells,DERIVE,ports,compute_msl_mode_profile,pad_y_cells = target,
rfx/sources/msl_port.py,783,pad_z_cells,DECIDE,ports,compute_msl_mode_profile,if pad_z_cells is None:,
rfx/sources/msl_port.py,787,pad_z_cells,DERIVE,ports,compute_msl_mode_profile,pad_z_cells = target,
rfx/sources/msl_port.py,791,pad_y_cells,DECIDE,ports,compute_msl_mode_profile,"j_grid_lo = max(0, j_trace_lo - pad_y_cells)",
rfx/sources/msl_port.py,792,pad_y_cells,DECIDE,ports,compute_msl_mode_profile,"j_grid_hi = min(grid.shape[span[""width_idx""]] - 1, j_trace_hi + pad_y_cells)",
rfx/sources/msl_port.py,811,pad_y_cells,DERIVE,ports,compute_msl_mode_profile,"laplace_pad_y_fine = max(pad_y_cells * refine,",
rfx/sources/msl_port.py,813,pad_z_cells,DERIVE,ports,compute_msl_mode_profile,"laplace_pad_z_fine = max(pad_z_cells * refine,",
rfx/sources/msl_port.py,1390,pad_{axis}_lo,PASS,ports,_msl_coord_for_index,"pad = int(getattr(grid, f""pad_{axis}_lo"", 0))",
rfx/sources/msl_port.py,1402,pad_{axis}_hi,PASS,ports,_msl_coord_for_index,"pad_hi = int(getattr(grid, f""pad_{axis}_hi"", 0))",
rfx/sources/tfsf.py,265,bloch,DECIDE,tfsf-aux,init_tfsf,"if method not in (""bloch"", ""methodB""):",
rfx/sources/tfsf_2d.py,413,_apply_cpml_h,APPLY,tfsf-aux,_update_h_tmz,"hy, psi_hy_xlo, psi_hy_xhi = _apply_cpml_h(cfg, st, dez_dx, hy, coeff_h)",
rfx/sources/tfsf_2d.py,438,_apply_cpml_e,APPLY,tfsf-aux,_update_e_tmz,"ez, psi_ez_xlo, psi_ez_xhi = _apply_cpml_e(cfg, st, dhy_dx, ez, coeff_e)",
rfx/sources/tfsf_2d.py,488,_apply_cpml_h,APPLY,tfsf-aux,_update_h_tez,"hz, psi_hy_xlo, psi_hy_xhi = _apply_cpml_h(cfg, st, dey_dx, hz, -coeff_h)",
rfx/sources/tfsf_2d.py,516,_apply_cpml_e,APPLY,tfsf-aux,_update_e_tez,"ey, psi_ez_xlo, psi_ez_xhi = _apply_cpml_e(cfg, st, dhz_dx, ey, -coeff_e)",
rfx/sources/waveguide_port.py,762,cpml_axes,DERIVE,waveguide-lane,init_waveguide_port,"cpml_axes = getattr(boundary_grid, ""cpml_axes"", """")",
rfx/sources/waveguide_port.py,763,pec_faces,DERIVE,waveguide-lane,init_waveguide_port,"pec_faces = getattr(boundary_grid, ""pec_faces"", set()) or set()",
rfx/sources/waveguide_port.py,770,conformal_faces,DERIVE,waveguide-lane,init_waveguide_port,"conformal_faces = getattr(boundary_grid, ""conformal_faces"", set()) or set()",
rfx/sources/waveguide_port.py,771,cpml_axes,DECIDE,waveguide-lane,init_waveguide_port,u_hi_face_pec = (u_axis_name not in cpml_axes) or (,
rfx/sources/waveguide_port.py,772,pec_faces,DECIDE,waveguide-lane,init_waveguide_port,"f""{u_axis_name}_hi"" in pec_faces)",
rfx/sources/waveguide_port.py,773,cpml_axes,DECIDE,waveguide-lane,init_waveguide_port,v_hi_face_pec = (v_axis_name not in cpml_axes) or (,
rfx/sources/waveguide_port.py,774,pec_faces,DECIDE,waveguide-lane,init_waveguide_port,"f""{v_axis_name}_hi"" in pec_faces)",
rfx/sources/waveguide_port.py,775,conformal_faces,DECIDE,waveguide-lane,init_waveguide_port,"u_hi_face_conformal = f""{u_axis_name}_hi"" in conformal_faces",
rfx/sources/waveguide_port.py,776,conformal_faces,DECIDE,waveguide-lane,init_waveguide_port,"v_hi_face_conformal = f""{v_axis_name}_hi"" in conformal_faces",
rfx/sources/waveguide_port.py,2118,cpml_axes,DECLARE,waveguide-lane,extract_waveguide_s_matrix,"cpml_axes: str = ""x"",",
rfx/sources/waveguide_port.py,2119,pec_axes,DECLARE,waveguide-lane,extract_waveguide_s_matrix,"pec_axes: str = ""yz"",",
rfx/sources/waveguide_port.py,2120,periodic,DECLARE,waveguide-lane,extract_waveguide_s_matrix,"periodic: tuple[bool, bool, bool] | None = None,",
rfx/sources/waveguide_port.py,2204,cpml_axes,PASS,waveguide-lane,extract_waveguide_s_matrix,"cpml_axes=cpml_axes,",
rfx/sources/waveguide_port.py,2205,pec_axes,PASS,waveguide-lane,extract_waveguide_s_matrix,"pec_axes=pec_axes,",
rfx/sources/waveguide_port.py,2206,periodic,PASS,waveguide-lane,extract_waveguide_s_matrix,"periodic=periodic,",
rfx/sources/waveguide_port.py,2259,cpml_axes,DECLARE,waveguide-lane,extract_waveguide_s_matrix_flux,"cpml_axes: str = ""x"",",
rfx/sources/waveguide_port.py,2260,pec_axes,DECLARE,waveguide-lane,extract_waveguide_s_matrix_flux,"pec_axes: str = ""yz"",",
rfx/sources/waveguide_port.py,2261,periodic,DECLARE,waveguide-lane,extract_waveguide_s_matrix_flux,"periodic: tuple[bool, bool, bool] | None = None,",
rfx/sources/waveguide_port.py,2399,cpml_axes,PASS,waveguide-lane,extract_waveguide_s_matrix_flux,"cpml_axes=cpml_axes,",
rfx/sources/waveguide_port.py,2400,pec_axes,PASS,waveguide-lane,extract_waveguide_s_matrix_flux,"pec_axes=pec_axes,",
rfx/sources/waveguide_port.py,2401,periodic,PASS,waveguide-lane,extract_waveguide_s_matrix_flux,"periodic=periodic,",
rfx/sources/waveguide_port.py,2544,cpml_axes,DECLARE,waveguide-lane,extract_waveguide_s_params_normalized,"cpml_axes: str = ""x"",",
rfx/sources/waveguide_port.py,2545,pec_axes,DECLARE,waveguide-lane,extract_waveguide_s_params_normalized,"pec_axes: str = ""yz"",",
rfx/sources/waveguide_port.py,2546,periodic,DECLARE,waveguide-lane,extract_waveguide_s_params_normalized,"periodic: tuple[bool, bool, bool] | None = None,",
rfx/sources/waveguide_port.py,2662,cpml_axes,PASS,waveguide-lane,extract_waveguide_s_params_normalized,"cpml_axes=cpml_axes,",
rfx/sources/waveguide_port.py,2663,pec_axes,PASS,waveguide-lane,extract_waveguide_s_params_normalized,"pec_axes=pec_axes,",
rfx/sources/waveguide_port.py,2664,periodic,PASS,waveguide-lane,extract_waveguide_s_params_normalized,"periodic=periodic,",
rfx/sources/waveguide_port.py,3036,cpml_axes,DECLARE,waveguide-lane,extract_multimode_s_matrix,"cpml_axes: str = ""x"",",
rfx/sources/waveguide_port.py,3037,pec_axes,DECLARE,waveguide-lane,extract_multimode_s_matrix,"pec_axes: str = ""yz"",",
rfx/sources/waveguide_port.py,3038,periodic,DECLARE,waveguide-lane,extract_multimode_s_matrix,"periodic: tuple[bool, bool, bool] | None = None,",
rfx/sources/waveguide_port.py,3130,cpml_axes,PASS,waveguide-lane,extract_multimode_s_matrix,"cpml_axes=cpml_axes,",
rfx/sources/waveguide_port.py,3131,pec_axes,PASS,waveguide-lane,extract_multimode_s_matrix,"pec_axes=pec_axes,",
rfx/sources/waveguide_port.py,3132,periodic,PASS,waveguide-lane,extract_multimode_s_matrix,"periodic=periodic,",
rfx/sources/waveguide_port.py,3195,cpml_axes,DECLARE,waveguide-lane,extract_multimode_s_matrix_flux,"cpml_axes: str = ""x"",",
rfx/sources/waveguide_port.py,3196,pec_axes,DECLARE,waveguide-lane,extract_multimode_s_matrix_flux,"pec_axes: str = ""yz"",",
rfx/sources/waveguide_port.py,3197,periodic,DECLARE,waveguide-lane,extract_multimode_s_matrix_flux,"periodic: tuple[bool, bool, bool] | None = None,",
rfx/sources/waveguide_port.py,3290,cpml_axes,PASS,waveguide-lane,extract_multimode_s_matrix_flux,"cpml_axes=cpml_axes,",
rfx/sources/waveguide_port.py,3291,pec_axes,PASS,waveguide-lane,extract_multimode_s_matrix_flux,"pec_axes=pec_axes,",
rfx/sources/waveguide_port.py,3292,periodic,PASS,waveguide-lane,extract_multimode_s_matrix_flux,"periodic=periodic,",
rfx/sparams/_common.py,483,pad_x_hi,PASS,other,_nu_shift_span_cells,"pad_lo, pad_hi = int(grid.pad_x_lo), int(grid.pad_x_hi)",
rfx/sparams/_common.py,483,pad_x_lo,PASS,other,_nu_shift_span_cells,"pad_lo, pad_hi = int(grid.pad_x_lo), int(grid.pad_x_hi)",
rfx/sparams/_common.py,486,pad_y_hi,PASS,other,_nu_shift_span_cells,"pad_lo, pad_hi = int(grid.pad_y_lo), int(grid.pad_y_hi)",
rfx/sparams/_common.py,486,pad_y_lo,PASS,other,_nu_shift_span_cells,"pad_lo, pad_hi = int(grid.pad_y_lo), int(grid.pad_y_hi)",
rfx/sparams/_common.py,489,pad_z_hi,PASS,other,_nu_shift_span_cells,"pad_lo, pad_hi = int(grid.pad_z_lo), int(grid.pad_z_hi)",
rfx/sparams/_common.py,489,pad_z_lo,PASS,other,_nu_shift_span_cells,"pad_lo, pad_hi = int(grid.pad_z_lo), int(grid.pad_z_hi)",
rfx/sparams/_common.py,569,pad_x_lo,DERIVE,other,_msl_axis_spacing,"pad_lo = (grid.pad_x_lo, grid.pad_y_lo, grid.pad_z_lo)[axis]",
rfx/sparams/_common.py,569,pad_y_lo,DERIVE,other,_msl_axis_spacing,"pad_lo = (grid.pad_x_lo, grid.pad_y_lo, grid.pad_z_lo)[axis]",
rfx/sparams/_common.py,569,pad_z_lo,DERIVE,other,_msl_axis_spacing,"pad_lo = (grid.pad_x_lo, grid.pad_y_lo, grid.pad_z_lo)[axis]",
rfx/sparams/_common.py,570,pad_x_hi,DERIVE,other,_msl_axis_spacing,"pad_hi = (grid.pad_x_hi, grid.pad_y_hi, grid.pad_z_hi)[axis]",
rfx/sparams/_common.py,570,pad_y_hi,DERIVE,other,_msl_axis_spacing,"pad_hi = (grid.pad_x_hi, grid.pad_y_hi, grid.pad_z_hi)[axis]",
rfx/sparams/_common.py,570,pad_z_hi,DERIVE,other,_msl_axis_spacing,"pad_hi = (grid.pad_x_hi, grid.pad_y_hi, grid.pad_z_hi)[axis]",
rfx/sparams/coax.py,297,_boundary,PASS,other,compute_coaxial_s_matrix,"boundary=self._boundary,",
rfx/sparams/coax.py,370,pad_z_lo,PASS,other,compute_coaxial_s_matrix,(float(plane_indices[p_idx]) - float(grid.pad_z_lo)) * _cell_size,
rfx/sparams/coax.py,393,periodic,DECLARE,other,_coax_pec_edge_masks,"def _coax_pec_edge_masks(pec_cells, periodic=(False, False, False), merge_with=None):",
rfx/sparams/coax.py,411,periodic,PASS,other,_coax_pec_edge_masks,periodic=periodic),
rfx/sparams/coax.py,425,cpml_axes,DECLARE,other,compute_coaxial_line_reflection,"cpml_axes: str = ""z"",",
rfx/sparams/coax.py,494,_boundary,DECIDE,other,compute_coaxial_line_reflection,"if self._boundary != ""cpml"" or self._cpml_layers <= 0:",
rfx/sparams/coax.py,494,_cpml_layers,DECIDE,other,compute_coaxial_line_reflection,"if self._boundary != ""cpml"" or self._cpml_layers <= 0:",
rfx/sparams/coax.py,499,_boundary_spec,DERIVE,other,compute_coaxial_line_reflection,z_boundary = self._boundary_spec.z,
rfx/sparams/coax.py,503,_cpml_layers,PASS,other,compute_coaxial_line_reflection,or z_boundary.resolved_lo_thickness(self._cpml_layers) <= 0,
rfx/sparams/coax.py,504,_cpml_layers,PASS,other,compute_coaxial_line_reflection,or z_boundary.resolved_hi_thickness(self._cpml_layers) <= 0,
rfx/sparams/coax.py,510,cpml_axes,DECIDE,other,compute_coaxial_line_reflection,"if cpml_axes != ""z"":",
rfx/sparams/coax.py,514,_periodic_axes,DECIDE,other,compute_coaxial_line_reflection,if self._periodic_axes:,
rfx/sparams/coax.py,519,_boundary_spec,DECIDE,other,compute_coaxial_line_reflection,"if any(token != ""cpml"" for _, _, token in self._boundary_spec.faces()):",
rfx/sparams/coax.py,649,pad_z_lo,PASS,other,compute_coaxial_line_reflection,z_dut = int(grid.pad_z_lo) + int(dut_offset_cells),
rfx/sparams/coax.py,650,pad_z_hi,PASS,other,compute_coaxial_line_reflection,z_hi_coax = nz - int(grid.pad_z_hi) - 2,
rfx/sparams/coax.py,715,pad_z_lo,DECIDE,other,compute_coaxial_line_reflection,"position=(center_xy[0], center_xy[1], (z_src - grid.pad_z_lo) * dz),",
rfx/sparams/coax.py,734,cpml_axes,PASS,other,compute_coaxial_line_reflection,"grid, materials, int(n_steps), boundary=""cpml"", cpml_axes=cpml_axes,",
rfx/sparams/coax.py,744,pad_z_lo,DECIDE,other,compute_coaxial_line_reflection,"z_planes_m = np.array([(z - grid.pad_z_lo) * dz for z in probes_z], dtype=np.float64)",
rfx/sparams/coax.py,745,pad_z_lo,DECIDE,other,compute_coaxial_line_reflection,ref_m = (z_dut - grid.pad_z_lo) * dz,
rfx/sparams/coax.py,851,cpml_axes,DECLARE,other,compute_coaxial_two_port,"cpml_axes: str = ""z"",",
rfx/sparams/coax.py,981,_boundary,DECIDE,other,compute_coaxial_two_port,"if self._boundary != ""cpml"" or self._cpml_layers <= 0:",
rfx/sparams/coax.py,981,_cpml_layers,DECIDE,other,compute_coaxial_two_port,"if self._boundary != ""cpml"" or self._cpml_layers <= 0:",
rfx/sparams/coax.py,986,_boundary_spec,DERIVE,other,compute_coaxial_two_port,z_boundary = self._boundary_spec.z,
rfx/sparams/coax.py,990,_cpml_layers,PASS,other,compute_coaxial_two_port,or z_boundary.resolved_lo_thickness(self._cpml_layers) <= 0,
rfx/sparams/coax.py,991,_cpml_layers,PASS,other,compute_coaxial_two_port,or z_boundary.resolved_hi_thickness(self._cpml_layers) <= 0,
rfx/sparams/coax.py,997,cpml_axes,DECIDE,other,compute_coaxial_two_port,"if cpml_axes != ""z"":",
rfx/sparams/coax.py,1001,_periodic_axes,DECIDE,other,compute_coaxial_two_port,if self._periodic_axes:,
rfx/sparams/coax.py,1006,_boundary_spec,DECIDE,other,compute_coaxial_two_port,"if any(token != ""cpml"" for _, _, token in self._boundary_spec.faces()):",
rfx/sparams/coax.py,1139,pad_z_hi,PASS,other,compute_coaxial_two_port,z_hi_coax_top = nz - int(grid.pad_z_hi) - 2,
rfx/sparams/coax.py,1142,pad_z_lo,PASS,other,compute_coaxial_two_port,z_lo_coax_bot = int(grid.pad_z_lo) + 2,
rfx/sparams/coax.py,1208,pad_z_lo,DECIDE,other,compute_coaxial_two_port,"position=(center_xy[0], center_xy[1], (z_src_top - grid.pad_z_lo) * dz),",
rfx/sparams/coax.py,1213,pad_z_lo,DECIDE,other,compute_coaxial_two_port,"position=(center_xy[0], center_xy[1], (z_src_bot - grid.pad_z_lo) * dz),",
rfx/sparams/coax.py,1238,pad_x_lo,PASS,other,compute_coaxial_two_port,i_probe = int(round(x_mid / dz)) + int(grid.pad_x_lo),
rfx/sparams/coax.py,1239,pad_y_lo,PASS,other,compute_coaxial_two_port,j_probe = int(grid.pad_y_lo) + int(round(center_xy[1] / dz)),
rfx/sparams/coax.py,1245,pad_z_lo,DECIDE,other,compute_coaxial_two_port,"z_planes_bot_m = np.array([(z - grid.pad_z_lo) * dz for z in probes_bot], dtype=np.float64)",
rfx/sparams/coax.py,1246,pad_z_lo,DECIDE,other,compute_coaxial_two_port,"z_planes_top_m = np.array([(z - grid.pad_z_lo) * dz for z in probes_top], dtype=np.float64)",
rfx/sparams/coax.py,1247,pad_z_lo,DECIDE,other,compute_coaxial_two_port,ref_top_m = (z_feed_top - grid.pad_z_lo) * dz,
rfx/sparams/coax.py,1248,pad_z_lo,DECIDE,other,compute_coaxial_two_port,ref_bot_m = (z_feed_bot - grid.pad_z_lo) * dz,
rfx/sparams/coax.py,1287,cpml_axes,PASS,other,compute_coaxial_two_port,"grid, materials, int(n_steps), boundary=""cpml"", cpml_axes=cpml_axes,",
rfx/sparams/coax.py,1718,_boundary,DECIDE,other,compute_coax_msl_transition,"if self._boundary != ""cpml"" or self._cpml_layers <= 0:",
rfx/sparams/coax.py,1718,_cpml_layers,DECIDE,other,compute_coax_msl_transition,"if self._boundary != ""cpml"" or self._cpml_layers <= 0:",
rfx/sparams/coax.py,1723,_boundary_spec,DECIDE,other,compute_coax_msl_transition,"if any(token != ""cpml"" for _, _, token in self._boundary_spec.faces()):",
rfx/sparams/coax.py,1732,_periodic_axes,DECIDE,other,compute_coax_msl_transition,if self._periodic_axes:,
rfx/sparams/coax.py,1877,_periodic_flags,DERIVE,other,compute_coax_msl_transition,periodic=self._periodic_flags()),
rfx/sparams/coax.py,1877,periodic,PASS,other,compute_coax_msl_transition,periodic=self._periodic_flags()),
rfx/sparams/coax.py,1916,pad_z_lo,PASS,other,compute_coax_msl_transition,z_stub_lo = int(grid.pad_z_lo) + 2,
rfx/sparams/coax.py,1963,pad_z_lo,DECIDE,other,compute_coax_msl_transition,"position=(center_xy[0], center_xy[1], (z_src - grid.pad_z_lo) * dz),",
rfx/sparams/coax.py,1972,pad_z_lo,DECIDE,other,compute_coax_msl_transition,ref_coax_m = (z_junction_idx - grid.pad_z_lo) * dz,
rfx/sparams/coax.py,1974,pad_z_lo,DECIDE,other,compute_coax_msl_transition,"[(z - grid.pad_z_lo) * dz for z in probes_coax], dtype=np.float64",
rfx/sparams/coax.py,1992,_periodic_flags,DECIDE,other,compute_coax_msl_transition,"periodic=self._periodic_flags(),",
rfx/sparams/coax.py,1992,periodic,PASS,other,compute_coax_msl_transition,"periodic=self._periodic_flags(),",
rfx/sparams/coax.py,1993,_boundary_spec,DECIDE,other,compute_coax_msl_transition,"pec_faces=self._boundary_spec.pec_faces(), name=msl_pe.name)",
rfx/sparams/coax.py,1993,pec_faces,PASS,other,compute_coax_msl_transition,"pec_faces=self._boundary_spec.pec_faces(), name=msl_pe.name)",
rfx/sparams/coax.py,2154,_periodic_flags,DECIDE,other,compute_coax_msl_transition,periodic=self._periodic_flags()),
rfx/sparams/coax.py,2154,periodic,PASS,other,compute_coax_msl_transition,periodic=self._periodic_flags()),
rfx/sparams/coax.py,2179,pad_x_lo,PASS,other,compute_coax_msl_transition,i_probe_coax = int(round(x_mid_coax / dz)) + int(grid.pad_x_lo),
rfx/sparams/coax.py,2180,pad_y_lo,PASS,other,compute_coax_msl_transition,j_probe_coax = int(grid.pad_y_lo) + int(round(center_xy[1] / dz)),
rfx/sparams/coax.py,2184,pad_y_lo,PASS,other,compute_coax_msl_transition,j_probe_msl = int(grid.pad_y_lo) + int(round(y_centre / dz)),
rfx/sparams/coax.py,2185,pad_z_lo,PASS,other,compute_coax_msl_transition,k_probe_msl = int(round((msl_z_lo + 0.5 * msl_pe.height) / dz)) + int(grid.pad_z_lo),
rfx/sparams/coax.py,2229,cpml_axes,PASS,other,compute_coax_msl_transition,"grid, materials, int(n_steps), boundary=""cpml"", cpml_axes=""xyz"",",
rfx/sparams/mixed.py,429,_periodic_flags,DERIVE,other,compute_mixed_s_matrix,periodic=self._periodic_flags()),
rfx/sparams/mixed.py,429,periodic,PASS,other,compute_mixed_s_matrix,periodic=self._periodic_flags()),
rfx/sparams/mixed.py,465,_periodic_flags,DECIDE,other,compute_mixed_s_matrix,"meta[""k_top""], periodic=self._periodic_flags())",
rfx/sparams/mixed.py,465,periodic,PASS,other,compute_mixed_s_matrix,"meta[""k_top""], periodic=self._periodic_flags())",
rfx/sparams/mixed.py,513,_pec_faces,DERIVE,other,compute_mixed_s_matrix,_pec_faces = (,
rfx/sparams/mixed.py,514,_boundary_spec,DECIDE,other,compute_mixed_s_matrix,self._boundary_spec.pec_faces(),
rfx/sparams/mixed.py,514,pec_faces,DECIDE,other,compute_mixed_s_matrix,self._boundary_spec.pec_faces(),
rfx/sparams/mixed.py,515,_boundary_spec,DECIDE,other,compute_mixed_s_matrix,if self._boundary_spec is not None else set(),
rfx/sparams/mixed.py,517,_pec_faces,DECIDE,other,compute_mixed_s_matrix,"if ""z_lo"" not in _pec_faces:",
rfx/sparams/mixed.py,523,_pec_faces,PASS,other,compute_mixed_s_matrix,"f""{sorted(_pec_faces) or 'not PEC'}, so the box would """,
rfx/sparams/msl.py,469,_periodic_flags,DERIVE,other,compute_msl_s_matrix,periodic=self._periodic_flags()),
rfx/sparams/msl.py,469,periodic,PASS,other,compute_msl_s_matrix,periodic=self._periodic_flags()),
rfx/sparams/msl.py,506,_periodic_flags,DECIDE,other,compute_msl_s_matrix,periodic=self._periodic_flags()),
rfx/sparams/msl.py,506,periodic,PASS,other,compute_msl_s_matrix,periodic=self._periodic_flags()),
rfx/sparams/waveguide.py,254,_periodic_axes,DECIDE,waveguide-lane,compute_waveguide_s_matrix,if self._periodic_axes:,
rfx/sparams/waveguide.py,418,_cpml_layers,PASS,waveguide-lane,compute_waveguide_s_matrix,"_nu_grid, _nu_cfgs, freqs, self._cpml_layers,",
rfx/sparams/waveguide.py,419,_boundary_spec,PASS,waveguide-lane,compute_waveguide_s_matrix,"self._boundary_spec,",
rfx/sparams/waveguide.py,498,_periodic_flags,DERIVE,waveguide-lane,compute_waveguide_s_matrix,periodic=self._periodic_flags()),
rfx/sparams/waveguide.py,498,periodic,PASS,waveguide-lane,compute_waveguide_s_matrix,periodic=self._periodic_flags()),
rfx/sparams/waveguide.py,612,_boundary_spec,PASS,waveguide-lane,compute_waveguide_s_matrix,"grid, raw_cfgs, freqs, self._cpml_layers, self._boundary_spec,",
rfx/sparams/waveguide.py,612,_cpml_layers,PASS,waveguide-lane,compute_waveguide_s_matrix,"grid, raw_cfgs, freqs, self._cpml_layers, self._boundary_spec,",
rfx/sparams/waveguide.py,748,_boundary_spec,DECIDE,waveguide-lane,compute_waveguide_s_matrix,if (self._boundary_spec.conformal_faces() and pec_shapes,
rfx/sparams/waveguide.py,748,conformal_faces,DECIDE,waveguide-lane,compute_waveguide_s_matrix,if (self._boundary_spec.conformal_faces() and pec_shapes,
rfx/sparams/waveguide.py,813,cpml_axes,DECIDE,waveguide-lane,compute_waveguide_s_matrix,"mm_pec_axes = """".join(axis for axis in ""xyz"" if axis not in grid.cpml_axes)",
rfx/sparams/waveguide.py,824,cpml_axes,PASS,waveguide-lane,compute_waveguide_s_matrix,"cpml_axes=grid.cpml_axes,",
rfx/sparams/waveguide.py,825,pec_axes,PASS,waveguide-lane,compute_waveguide_s_matrix,"pec_axes=mm_pec_axes,",
rfx/sparams/waveguide.py,857,cpml_axes,PASS,waveguide-lane,compute_waveguide_s_matrix,"cpml_axes=grid.cpml_axes,",
rfx/sparams/waveguide.py,858,pec_axes,PASS,waveguide-lane,compute_waveguide_s_matrix,"pec_axes=mm_pec_axes,",
rfx/sparams/waveguide.py,906,_cpml_layers,PASS,waveguide-lane,compute_waveguide_s_matrix,"grid, cfgs, freqs, self._cpml_layers,",
rfx/sparams/waveguide.py,954,cpml_axes,DECIDE,waveguide-lane,compute_waveguide_s_matrix,"_pec_axes = """".join(axis for axis in ""xyz"" if axis not in grid.cpml_axes)",
rfx/sparams/waveguide.py,980,cpml_axes,PASS,waveguide-lane,compute_waveguide_s_matrix,"cpml_axes=grid.cpml_axes,",
rfx/sparams/waveguide.py,981,pec_axes,PASS,waveguide-lane,compute_waveguide_s_matrix,"pec_axes=_pec_axes,",
rfx/sparams/waveguide.py,1010,cpml_axes,PASS,waveguide-lane,compute_waveguide_s_matrix,"cpml_axes=grid.cpml_axes,",
rfx/sparams/waveguide.py,1011,pec_axes,PASS,waveguide-lane,compute_waveguide_s_matrix,"pec_axes=_pec_axes,",
rfx/sparams/waveguide.py,1035,cpml_axes,PASS,waveguide-lane,compute_waveguide_s_matrix,"cpml_axes=grid.cpml_axes,",
rfx/sparams/waveguide.py,1036,pec_axes,PASS,waveguide-lane,compute_waveguide_s_matrix,"pec_axes=_pec_axes,",
rfx/sparams/waveguide.py,1176,_boundary_spec,DECIDE,waveguide-lane,_compute_waveguide_s_matrix_nu,pec_set = (self._boundary_spec.pec_faces(),
rfx/sparams/waveguide.py,1176,pec_faces,DECIDE,waveguide-lane,_compute_waveguide_s_matrix_nu,pec_set = (self._boundary_spec.pec_faces(),
rfx/sparams/waveguide.py,1177,_boundary_spec,DECIDE,waveguide-lane,_compute_waveguide_s_matrix_nu,if self._boundary_spec is not None else None) or set(),
rfx/sparams/waveguide.py,1178,_boundary_spec,DECIDE,waveguide-lane,_compute_waveguide_s_matrix_nu,pmc_set = (self._boundary_spec.pmc_faces(),
rfx/sparams/waveguide.py,1178,pmc_faces,DECIDE,waveguide-lane,_compute_waveguide_s_matrix_nu,pmc_set = (self._boundary_spec.pmc_faces(),
rfx/sparams/waveguide.py,1179,_boundary_spec,DECIDE,waveguide-lane,_compute_waveguide_s_matrix_nu,if self._boundary_spec is not None else None) or set(),
rfx/sparams/waveguide.py,1184,cpml_axes,DERIVE,waveguide-lane,_compute_waveguide_s_matrix_nu,"cpml_axes = """".join(",
rfx/sparams/waveguide.py,1186,_periodic_axes,DECIDE,waveguide-lane,_compute_waveguide_s_matrix_nu,"if ax not in (self._periodic_axes or """")",
rfx/sparams/waveguide.py,1192,_cpml_layers,PASS,waveguide-lane,_compute_waveguide_s_matrix_nu,"self._freq_max, self._domain, self._dx, self._cpml_layers,",
rfx/sparams/waveguide.py,1196,pec_faces,PASS,waveguide-lane,_compute_waveguide_s_matrix_nu,"pec_faces=pec_set or None,",
rfx/sparams/waveguide.py,1197,pmc_faces,PASS,waveguide-lane,_compute_waveguide_s_matrix_nu,"pmc_faces=pmc_set or None,",
rfx/sparams/waveguide.py,1198,cpml_axes,PASS,waveguide-lane,_compute_waveguide_s_matrix_nu,"cpml_axes=cpml_axes,",
rfx/subgridding/disjoint_3d.py,309,apply_pec,APPLY,subgridded,_yee_step,fdtd = apply_pec(fdtd),
rfx/subgridding/disjoint_3d.py,355,apply_pec,APPLY,subgridded,_yee_e_step,fdtd = apply_pec(fdtd),
rfx/subgridding/disjoint_3d.py,748,apply_pec,APPLY,subgridded,_apply_fine_pec_axes,"fine = apply_pec(fine, axes=axes)",
rfx/subgridding/disjoint_runner_contract.py,60,pad_x_lo,PASS,subgridded,_fine_origin,"(region.fi_lo - int(getattr(grid, ""pad_x_lo"", grid.cpml_layers)))",
rfx/subgridding/disjoint_runner_contract.py,62,pad_y_lo,PASS,subgridded,_fine_origin,"(region.fj_lo - int(getattr(grid, ""pad_y_lo"", grid.cpml_layers)))",
rfx/subgridding/disjoint_runner_contract.py,64,pad_z_lo,PASS,subgridded,_fine_origin,"(region.fk_lo - int(getattr(grid, ""pad_z_lo"", grid.cpml_layers)))",
rfx/subgridding/jit_runner.py,1619,cpml_axes,DECIDE,subgridded,<module>,"""cpml_axes"",",
rfx/subgridding/jit_runner.py,1670,cpml_axes,DECIDE,subgridded,<module>,"""cpml_axes"",",
rfx/subgridding/jit_runner.py,1711,cpml_axes,DERIVE,subgridded,_make_step_fn,"cpml_axes = ctx.get(""cpml_axes"")",
rfx/subgridding/jit_runner.py,1852,apply_cpml_h,APPLY,subgridded,step_fn,"st_c, cpml_new = apply_cpml_h(st_c, cpml_params, carry[""cpml""],",
rfx/subgridding/jit_runner.py,1853,cpml_axes,PASS,subgridded,step_fn,"grid_c, cpml_axes, materials=mats_c)",
rfx/subgridding/jit_runner.py,1979,apply_cpml_e,APPLY,subgridded,step_fn,"st_c, cpml_new = apply_cpml_e(st_c, cpml_params, cpml_new,",
rfx/subgridding/jit_runner.py,1980,cpml_axes,PASS,subgridded,step_fn,"grid_c, cpml_axes, materials=mats_c)",
rfx/subgridding/jit_runner.py,1981,apply_pec,APPLY,subgridded,step_fn,st_c = apply_pec(st_c),
rfx/subgridding/jit_runner.py,1989,apply_pec_mask,APPLY,subgridded,step_fn,"st_c = apply_pec_mask(st_c, pec_mask_c)",mask call; edge coverage depends on mask
rfx/subgridding/jit_runner.py,2012,apply_pec_mask,APPLY,subgridded,step_fn,"st_f = apply_pec_mask(st_f, pec_mask_f)",mask call; edge coverage depends on mask
rfx/subgridding/jit_runner.py,2014,apply_pec_faces,APPLY,subgridded,step_fn,"st_f = apply_pec_faces(st_f, fine_physical_pec_faces)",
rfx/subgridding/jit_runner.py,2144,apply_pec,APPLY,subgridded,step_fn,st_c_after = apply_pec(,
rfx/subgridding/jit_runner.py,2153,apply_pec_faces,APPLY,subgridded,step_fn,st_f_after = apply_pec_faces(,
rfx/subgridding/jit_runner.py,2489,pad_x_lo,DERIVE,subgridded,run_subgridded_jit,"pad_x_lo = int(getattr(grid_c, ""pad_x_lo"", grid_c.cpml_layers))",
rfx/subgridding/jit_runner.py,2490,pad_x_hi,DERIVE,subgridded,run_subgridded_jit,"pad_x_hi = int(getattr(grid_c, ""pad_x_hi"", grid_c.cpml_layers))",
rfx/subgridding/jit_runner.py,2491,pad_y_lo,DERIVE,subgridded,run_subgridded_jit,"pad_y_lo = int(getattr(grid_c, ""pad_y_lo"", grid_c.cpml_layers))",
rfx/subgridding/jit_runner.py,2492,pad_y_hi,DERIVE,subgridded,run_subgridded_jit,"pad_y_hi = int(getattr(grid_c, ""pad_y_hi"", grid_c.cpml_layers))",
rfx/subgridding/jit_runner.py,2493,pad_z_lo,DERIVE,subgridded,run_subgridded_jit,"pad_z_lo = int(getattr(grid_c, ""pad_z_lo"", grid_c.cpml_layers))",
rfx/subgridding/jit_runner.py,2494,pad_z_hi,DERIVE,subgridded,run_subgridded_jit,"pad_z_hi = int(getattr(grid_c, ""pad_z_hi"", grid_c.cpml_layers))",
rfx/subgridding/jit_runner.py,2496,pad_x_lo,DECIDE,subgridded,run_subgridded_jit,config.fi_lo == pad_x_lo,
rfx/subgridding/jit_runner.py,2497,pad_y_lo,DECIDE,subgridded,run_subgridded_jit,and config.fj_lo == pad_y_lo,
rfx/subgridding/jit_runner.py,2498,pad_x_hi,DECIDE,subgridded,run_subgridded_jit,and config.fi_hi == grid_c.nx - pad_x_hi,
rfx/subgridding/jit_runner.py,2499,pad_y_hi,DECIDE,subgridded,run_subgridded_jit,and config.fj_hi == grid_c.ny - pad_y_hi,
rfx/subgridding/jit_runner.py,2506,pad_x_lo,DECIDE,subgridded,run_subgridded_jit,if config.fi_lo <= pad_x_lo:,
rfx/subgridding/jit_runner.py,2508,pad_x_hi,DECIDE,subgridded,run_subgridded_jit,if config.fi_hi >= grid_nx - pad_x_hi:,
rfx/subgridding/jit_runner.py,2510,pad_y_lo,DECIDE,subgridded,run_subgridded_jit,if config.fj_lo <= pad_y_lo:,
rfx/subgridding/jit_runner.py,2512,pad_y_hi,DECIDE,subgridded,run_subgridded_jit,if config.fj_hi >= grid_ny - pad_y_hi:,
rfx/subgridding/jit_runner.py,2514,pad_z_lo,DECIDE,subgridded,run_subgridded_jit,if config.fk_lo <= pad_z_lo:,
rfx/subgridding/jit_runner.py,2516,pad_z_hi,DECIDE,subgridded,run_subgridded_jit,if config.fk_hi >= grid_nz - pad_z_hi:,
rfx/subgridding/jit_runner.py,2519,pec_faces,DERIVE,subgridded,run_subgridded_jit,"pec_faces = getattr(grid_c, ""pec_faces"", set())",
rfx/subgridding/jit_runner.py,2520,pad_x_lo,DECIDE,subgridded,run_subgridded_jit,"if ""x_lo"" in pec_faces and config.fi_lo <= pad_x_lo:",
rfx/subgridding/jit_runner.py,2520,pec_faces,DECIDE,subgridded,run_subgridded_jit,"if ""x_lo"" in pec_faces and config.fi_lo <= pad_x_lo:",
rfx/subgridding/jit_runner.py,2522,pad_x_hi,DECIDE,subgridded,run_subgridded_jit,"if ""x_hi"" in pec_faces and config.fi_hi >= grid_nx - pad_x_hi:",
rfx/subgridding/jit_runner.py,2522,pec_faces,DECIDE,subgridded,run_subgridded_jit,"if ""x_hi"" in pec_faces and config.fi_hi >= grid_nx - pad_x_hi:",
rfx/subgridding/jit_runner.py,2524,pad_y_lo,DECIDE,subgridded,run_subgridded_jit,"if ""y_lo"" in pec_faces and config.fj_lo <= pad_y_lo:",
rfx/subgridding/jit_runner.py,2524,pec_faces,DECIDE,subgridded,run_subgridded_jit,"if ""y_lo"" in pec_faces and config.fj_lo <= pad_y_lo:",
rfx/subgridding/jit_runner.py,2526,pad_y_hi,DECIDE,subgridded,run_subgridded_jit,"if ""y_hi"" in pec_faces and config.fj_hi >= grid_ny - pad_y_hi:",
rfx/subgridding/jit_runner.py,2526,pec_faces,DECIDE,subgridded,run_subgridded_jit,"if ""y_hi"" in pec_faces and config.fj_hi >= grid_ny - pad_y_hi:",
rfx/subgridding/jit_runner.py,2528,pad_z_lo,DECIDE,subgridded,run_subgridded_jit,"if ""z_lo"" in pec_faces and config.fk_lo <= pad_z_lo:",
rfx/subgridding/jit_runner.py,2528,pec_faces,DECIDE,subgridded,run_subgridded_jit,"if ""z_lo"" in pec_faces and config.fk_lo <= pad_z_lo:",
rfx/subgridding/jit_runner.py,2530,pad_z_hi,DECIDE,subgridded,run_subgridded_jit,"if ""z_hi"" in pec_faces and config.fk_hi >= grid_nz - pad_z_hi:",
rfx/subgridding/jit_runner.py,2530,pec_faces,DECIDE,subgridded,run_subgridded_jit,"if ""z_hi"" in pec_faces and config.fk_hi >= grid_nz - pad_z_hi:",
rfx/subgridding/jit_runner.py,2649,init_cpml,DERIVE,subgridded,run_subgridded_jit,"cpml_params, cpml_state = init_cpml(grid_c)",
rfx/subgridding/jit_runner.py,2723,cpml_axes,DERIVE,subgridded,run_subgridded_jit,"cpml_axes = ""xyz""",
rfx/subgridding/runner.py,37,cpml_axes,DECLARE,subgridded,run_subgridded,"cpml_axes: str = ""xyz"",",
rfx/subgridding/runner.py,76,init_cpml,DERIVE,subgridded,run_subgridded,"cpml_params, cpml_state = init_cpml(grid_c)",
rfx/subgridding/runner.py,116,apply_cpml_h,APPLY,subgridded,run_subgridded,"st_c, cpml_state = apply_cpml_h(st_c, cpml_params, cpml_state, grid_c, cpml_axes,",
rfx/subgridding/runner.py,116,cpml_axes,PASS,subgridded,run_subgridded,"st_c, cpml_state = apply_cpml_h(st_c, cpml_params, cpml_state, grid_c, cpml_axes,",
rfx/subgridding/runner.py,127,apply_cpml_e,APPLY,subgridded,run_subgridded,"st_c, cpml_state = apply_cpml_e(st_c, cpml_params, cpml_state, grid_c, cpml_axes,",
rfx/subgridding/runner.py,127,cpml_axes,PASS,subgridded,run_subgridded,"st_c, cpml_state = apply_cpml_e(st_c, cpml_params, cpml_state, grid_c, cpml_axes,",
rfx/subgridding/runner.py,129,apply_pec,APPLY,subgridded,run_subgridded,st_c = apply_pec(st_c),
rfx/subgridding/runner.py,137,apply_pec_mask,APPLY,subgridded,run_subgridded,"st_c = apply_pec_mask(st_c, pec_mask_c)",mask call; edge coverage depends on mask
rfx/subgridding/runner.py,148,apply_pec_mask,APPLY,subgridded,run_subgridded,"st_f = apply_pec_mask(st_f, pec_mask_f)",mask call; edge coverage depends on mask
rfx/subgridding/sbp_sat_2d.py,216,_apply_pec_2d,APPLY,subgridded,step_subgrid_2d,ez_f = _apply_pec_2d(ez_f),
rfx/subgridding/sbp_sat_2d.py,223,_apply_pec_2d,APPLY,subgridded,step_subgrid_2d,ez_c = _apply_pec_2d(ez_c),
rfx/subgridding/sbp_sat_3d.py,180,apply_pec,APPLY,subgridded,_update_e_only,state = apply_pec(state),
rfx/subgridding/sbp_sat_3d.py,188,apply_pec_mask,APPLY,subgridded,_update_e_only,"state = apply_pec_mask(state, pec_mask)",mask call; edge coverage depends on mask
rfx/subgridding/validation.py,160,pad_z_lo,DERIVE,subgridded,build_subgrid_region,"pad_z_lo = int(getattr(grid, ""pad_z_lo"", grid.cpml_layers))",
rfx/subgridding/validation.py,161,pad_z_hi,DERIVE,subgridded,build_subgrid_region,"pad_z_hi = int(getattr(grid, ""pad_z_hi"", grid.cpml_layers))",
rfx/subgridding/validation.py,162,pad_z_lo,PASS,subgridded,build_subgrid_region,"fk_lo = max(int(round(z_lo / dx_c)) + pad_z_lo, pad_z_lo)",
rfx/subgridding/validation.py,163,pad_z_hi,DECIDE,subgridded,build_subgrid_region,"fk_hi = min(int(round(z_hi / dx_c)) + pad_z_lo + 1, grid.nz - pad_z_hi)",
rfx/subgridding/validation.py,163,pad_z_lo,DECIDE,subgridded,build_subgrid_region,"fk_hi = min(int(round(z_hi / dx_c)) + pad_z_lo + 1, grid.nz - pad_z_hi)",
rfx/subgridding/validation.py,166,pad_x_lo,DECIDE,subgridded,build_subgrid_region,fi_lo = grid.pad_x_lo,
rfx/subgridding/validation.py,167,pad_x_hi,DECIDE,subgridded,build_subgrid_region,fi_hi = grid.nx - grid.pad_x_hi,
rfx/subgridding/validation.py,168,pad_y_lo,DECIDE,subgridded,build_subgrid_region,fj_lo = grid.pad_y_lo,
rfx/subgridding/validation.py,169,pad_y_hi,DECIDE,subgridded,build_subgrid_region,fj_hi = grid.ny - grid.pad_y_hi,
rfx/subgridding/validation.py,172,pad_x_lo,PASS,subgridded,build_subgrid_region,"fi_lo = max(int(round(margin / dx_c)) + grid.pad_x_lo, grid.pad_x_lo)",
rfx/subgridding/validation.py,174,pad_x_lo,DECIDE,subgridded,build_subgrid_region,"int(round((sim._domain[0] - margin) / dx_c)) + grid.pad_x_lo + 1,",
rfx/subgridding/validation.py,175,pad_x_hi,DECIDE,subgridded,build_subgrid_region,"grid.nx - grid.pad_x_hi,",
rfx/subgridding/validation.py,177,pad_y_lo,PASS,subgridded,build_subgrid_region,"fj_lo = max(int(round(margin / dx_c)) + grid.pad_y_lo, grid.pad_y_lo)",
rfx/subgridding/validation.py,179,pad_y_lo,DECIDE,subgridded,build_subgrid_region,"int(round((sim._domain[1] - margin) / dx_c)) + grid.pad_y_lo + 1,",
rfx/subgridding/validation.py,180,pad_y_hi,DECIDE,subgridded,build_subgrid_region,"grid.ny - grid.pad_y_hi,",
rfx/subgridding/validation.py,215,pad_z_lo,DERIVE,subgridded,build_stage2_disjoint_region,"pad_z_lo = int(getattr(grid, ""pad_z_lo"", grid.cpml_layers))",
rfx/subgridding/validation.py,216,pad_z_hi,DERIVE,subgridded,build_stage2_disjoint_region,"pad_z_hi = int(getattr(grid, ""pad_z_hi"", grid.cpml_layers))",
rfx/subgridding/validation.py,217,pad_z_lo,PASS,subgridded,build_stage2_disjoint_region,"fk_lo = max(int(round(z_lo / dx_c)) + pad_z_lo, pad_z_lo)",
rfx/subgridding/validation.py,218,pad_z_hi,DECIDE,subgridded,build_stage2_disjoint_region,"fk_hi = min(int(round(z_hi / dx_c)) + pad_z_lo + 1, grid.nz - pad_z_hi)",
rfx/subgridding/validation.py,218,pad_z_lo,DECIDE,subgridded,build_stage2_disjoint_region,"fk_hi = min(int(round(z_hi / dx_c)) + pad_z_lo + 1, grid.nz - pad_z_hi)",
rfx/subgridding/validation.py,221,pad_x_lo,DECIDE,subgridded,build_stage2_disjoint_region,fi_lo = grid.pad_x_lo,
rfx/subgridding/validation.py,222,pad_x_hi,DECIDE,subgridded,build_stage2_disjoint_region,fi_hi = grid.nx - grid.pad_x_hi,
rfx/subgridding/validation.py,223,pad_y_lo,DECIDE,subgridded,build_stage2_disjoint_region,fj_lo = grid.pad_y_lo,
rfx/subgridding/validation.py,224,pad_y_hi,DECIDE,subgridded,build_stage2_disjoint_region,fj_hi = grid.ny - grid.pad_y_hi,
rfx/subgridding/validation.py,227,pad_x_lo,PASS,subgridded,build_stage2_disjoint_region,"fi_lo = max(int(round(margin / dx_c)) + grid.pad_x_lo, grid.pad_x_lo)",
rfx/subgridding/validation.py,229,pad_x_lo,DECIDE,subgridded,build_stage2_disjoint_region,"int(round((sim._domain[0] - margin) / dx_c)) + grid.pad_x_lo + 1,",
rfx/subgridding/validation.py,230,pad_x_hi,DECIDE,subgridded,build_stage2_disjoint_region,"grid.nx - grid.pad_x_hi,",
rfx/subgridding/validation.py,232,pad_y_lo,PASS,subgridded,build_stage2_disjoint_region,"fj_lo = max(int(round(margin / dx_c)) + grid.pad_y_lo, grid.pad_y_lo)",
rfx/subgridding/validation.py,234,pad_y_lo,DECIDE,subgridded,build_stage2_disjoint_region,"int(round((sim._domain[1] - margin) / dx_c)) + grid.pad_y_lo + 1,",
rfx/subgridding/validation.py,235,pad_y_hi,DECIDE,subgridded,build_stage2_disjoint_region,"grid.ny - grid.pad_y_hi,",
rfx/subgridding/validation.py,380,pad_z_lo,DERIVE,subgridded,_material_transition_clearance_violations,"pad_z_lo = int(getattr(grid, ""pad_z_lo"", grid.cpml_layers))",
rfx/subgridding/validation.py,396,pad_z_lo,DECIDE,subgridded,_material_transition_clearance_violations,transition_z_m = ((k0 + 0.5) - pad_z_lo) * float(grid.dx),
rfx/subgridding/validation.py,443,_boundary_spec,PASS,subgridded,_boundary_face_kind,"spec = getattr(sim, ""_boundary_spec"", None)",
rfx/subgridding/validation.py,448,_pec_faces,PASS,subgridded,_boundary_face_kind,"if face in getattr(sim, ""_pec_faces"", set()):",
rfx/subgridding/validation.py,450,_boundary,PASS,subgridded,_boundary_face_kind,"return str(getattr(sim, ""_boundary"", ""pec""))",
rfx/subgridding/validation.py,471,pad_x_lo,PASS,subgridded,_guarded_boundary_production_allowed,"""x_lo"": int(getattr(grid, ""pad_x_lo"", grid.cpml_layers)),",
rfx/subgridding/validation.py,472,pad_x_hi,PASS,subgridded,_guarded_boundary_production_allowed,"""x_hi"": int(getattr(grid, ""pad_x_hi"", grid.cpml_layers)),",
rfx/subgridding/validation.py,473,pad_y_lo,PASS,subgridded,_guarded_boundary_production_allowed,"""y_lo"": int(getattr(grid, ""pad_y_lo"", grid.cpml_layers)),",
rfx/subgridding/validation.py,474,pad_y_hi,PASS,subgridded,_guarded_boundary_production_allowed,"""y_hi"": int(getattr(grid, ""pad_y_hi"", grid.cpml_layers)),",
rfx/subgridding/validation.py,475,pad_z_lo,PASS,subgridded,_guarded_boundary_production_allowed,"""z_lo"": int(getattr(grid, ""pad_z_lo"", grid.cpml_layers)),",
rfx/subgridding/validation.py,476,pad_z_hi,PASS,subgridded,_guarded_boundary_production_allowed,"""z_hi"": int(getattr(grid, ""pad_z_hi"", grid.cpml_layers)),",
rfx/subgridding/validation.py,541,_boundary,DECIDE,subgridded,_local_xy_center_source_candidate_allowed,"if sim._boundary != ""pec"" or int(getattr(sim, ""_cpml_layers"", 0)) != 0:",
rfx/subgridding/validation.py,541,_cpml_layers,PASS,subgridded,_local_xy_center_source_candidate_allowed,"if sim._boundary != ""pec"" or int(getattr(sim, ""_cpml_layers"", 0)) != 0:",
rfx/subgridding/validation.py,712,pad_z_lo,DERIVE,subgridded,validate_subgrid_setup,"pad_z_lo = int(getattr(grid, ""pad_z_lo"", grid.cpml_layers))",
rfx/subgridding/validation.py,713,pad_z_hi,DERIVE,subgridded,validate_subgrid_setup,"pad_z_hi = int(getattr(grid, ""pad_z_hi"", grid.cpml_layers))",
rfx/subgridding/validation.py,722,_boundary,DECIDE,subgridded,validate_subgrid_setup,"if sim._boundary in (""cpml"", ""upml"") and (pad_z_lo > 0 or pad_z_hi > 0):",
rfx/subgridding/validation.py,722,pad_z_hi,DECIDE,subgridded,validate_subgrid_setup,"if sim._boundary in (""cpml"", ""upml"") and (pad_z_lo > 0 or pad_z_hi > 0):",
rfx/subgridding/validation.py,722,pad_z_lo,DECIDE,subgridded,validate_subgrid_setup,"if sim._boundary in (""cpml"", ""upml"") and (pad_z_lo > 0 or pad_z_hi > 0):",
rfx/subgridding/validation.py,723,pad_z_lo,DECIDE,subgridded,validate_subgrid_setup,overlaps_zlo_absorber = pad_z_lo > 0 and region.fk_lo <= pad_z_lo,
rfx/subgridding/validation.py,724,pad_z_hi,DECIDE,subgridded,validate_subgrid_setup,overlaps_zhi_absorber = pad_z_hi > 0 and region.fk_hi >= grid.nz - pad_z_hi,
rfx/subgridding/validation.py,849,_boundary,PASS,subgridded,validate_subgrid_setup,"and str(getattr(sim, ""_boundary"", ""pec"")) == ""pec""",
rfx/subgridding/validation.py,897,_boundary,DECIDE,subgridded,validate_subgrid_setup,"and sim._boundary == ""pec""",
rfx/subgridding/validation.py,1093,_boundary,DECIDE,subgridded,validate_subgrid_setup,"and sim._boundary == ""pec""",
rfx/topology.py,439,pad_x_lo,DERIVE,other,topology_optimize,"pads_lo = (grid.pad_x_lo, grid.pad_y_lo, grid.pad_z_lo)",
rfx/topology.py,439,pad_y_lo,DERIVE,other,topology_optimize,"pads_lo = (grid.pad_x_lo, grid.pad_y_lo, grid.pad_z_lo)",
rfx/topology.py,439,pad_z_lo,DERIVE,other,topology_optimize,"pads_lo = (grid.pad_x_lo, grid.pad_y_lo, grid.pad_z_lo)",
rfx/topology.py,440,pad_x_hi,DERIVE,other,topology_optimize,"pads_hi = (grid.pad_x_hi, grid.pad_y_hi, grid.pad_z_hi)",
rfx/topology.py,440,pad_y_hi,DERIVE,other,topology_optimize,"pads_hi = (grid.pad_x_hi, grid.pad_y_hi, grid.pad_z_hi)",
rfx/topology.py,440,pad_z_hi,DERIVE,other,topology_optimize,"pads_hi = (grid.pad_x_hi, grid.pad_y_hi, grid.pad_z_hi)",
rfx/visualize.py,339,pad_{letter}_lo,PASS,other,_axis_pad_layers,"return (int(getattr(grid, f""pad_{letter}_lo"", 0) or 0),",
rfx/visualize.py,340,pad_{letter}_hi,PASS,other,_axis_pad_layers,"int(getattr(grid, f""pad_{letter}_hi"", 0) or 0))",
rfx/visualize.py,401,periodic,DERIVE,other,_realized_edge_wall_mask,"periodic = (False, False, bool(getattr(grid, ""is_2d"", False)))",
rfx/visualize.py,403,periodic,PASS,other,_realized_edge_wall_mask,"pec_mask_raw, sheets=pec_sheets, wires=pec_wires, periodic=periodic)",
rfx/vmap_sweep.py,204,pad_x_hi,DECIDE,vmap-sweep,_extend_batched_cpml_pad,"plx, phx = grid.pad_x_lo, grid.pad_x_hi",
rfx/vmap_sweep.py,204,pad_x_lo,DECIDE,vmap-sweep,_extend_batched_cpml_pad,"plx, phx = grid.pad_x_lo, grid.pad_x_hi",
rfx/vmap_sweep.py,205,pad_y_hi,DECIDE,vmap-sweep,_extend_batched_cpml_pad,"ply, phy = grid.pad_y_lo, grid.pad_y_hi",
rfx/vmap_sweep.py,205,pad_y_lo,DECIDE,vmap-sweep,_extend_batched_cpml_pad,"ply, phy = grid.pad_y_lo, grid.pad_y_hi",
rfx/vmap_sweep.py,206,pad_z_hi,DECIDE,vmap-sweep,_extend_batched_cpml_pad,"plz, phz = grid.pad_z_lo, grid.pad_z_hi",
rfx/vmap_sweep.py,206,pad_z_lo,DECIDE,vmap-sweep,_extend_batched_cpml_pad,"plz, phz = grid.pad_z_lo, grid.pad_z_hi",
rfx/vmap_sweep.py,477,periodic,DECLARE,vmap-sweep,_build_vmap_scan_fn,"periodic: tuple[bool, bool, bool] = (False, False, False),",
rfx/vmap_sweep.py,478,cpml_axes,DECLARE,vmap-sweep,_build_vmap_scan_fn,"cpml_axes: str = ""xyz"",",
rfx/vmap_sweep.py,479,pec_axes,DECLARE,vmap-sweep,_build_vmap_scan_fn,"pec_axes: str = ""xyz"",",
rfx/vmap_sweep.py,535,periodic,PASS,vmap-sweep,_build_vmap_scan_fn,"pec_mask, sheets=pec_sheets, wires=pec_wires, periodic=periodic)",
rfx/vmap_sweep.py,568,init_cpml,DERIVE,vmap-sweep,_build_vmap_scan_fn,"cpml_params, cpml_state_init = init_cpml(grid)",
rfx/vmap_sweep.py,605,periodic,PASS,vmap-sweep,step_fn,"st = update_h(st, materials, dt, dx, periodic=periodic)",
rfx/vmap_sweep.py,615,apply_cpml_h,APPLY,vmap-sweep,step_fn,"st, cpml_st = apply_cpml_h(",
rfx/vmap_sweep.py,616,cpml_axes,PASS,vmap-sweep,step_fn,"st, cpml_params, cpml_st, grid, cpml_axes,",
rfx/vmap_sweep.py,620,periodic,PASS,vmap-sweep,step_fn,"st = update_e(st, materials, dt, dx, periodic=periodic)",
rfx/vmap_sweep.py,622,apply_cpml_e,APPLY,vmap-sweep,step_fn,"st, cpml_st = apply_cpml_e(",
rfx/vmap_sweep.py,623,cpml_axes,PASS,vmap-sweep,step_fn,"st, cpml_params, cpml_st, grid, cpml_axes,",
rfx/vmap_sweep.py,627,pec_axes,APPLY,vmap-sweep,step_fn,if pec_axes:,
rfx/vmap_sweep.py,628,apply_pec,APPLY,vmap-sweep,step_fn,"st = apply_pec(st, axes=pec_axes)",
rfx/vmap_sweep.py,628,pec_axes,PASS,vmap-sweep,step_fn,"st = apply_pec(st, axes=pec_axes)",
rfx/vmap_sweep.py,712,_boundary,DERIVE,vmap-sweep,_build_full_scan_fn,boundary = sim._boundary,
rfx/vmap_sweep.py,862,periodic,DERIVE,vmap-sweep,_build_full_scan_fn,"periodic = (False, False, False)",
rfx/vmap_sweep.py,863,_periodic_axes,DECIDE,vmap-sweep,_build_full_scan_fn,if sim._periodic_axes:,
rfx/vmap_sweep.py,864,_periodic_axes,DECIDE,vmap-sweep,_build_full_scan_fn,"periodic = tuple(axis in sim._periodic_axes for axis in ""xyz"")",
rfx/vmap_sweep.py,864,periodic,DERIVE,vmap-sweep,_build_full_scan_fn,"periodic = tuple(axis in sim._periodic_axes for axis in ""xyz"")",
rfx/vmap_sweep.py,866,periodic,DERIVE,vmap-sweep,_build_full_scan_fn,"periodic = (periodic[0], periodic[1], True)",
rfx/vmap_sweep.py,868,cpml_axes,DERIVE,vmap-sweep,_build_full_scan_fn,"cpml_axes = ""xyz""",
rfx/vmap_sweep.py,870,periodic,PASS,vmap-sweep,_build_full_scan_fn,"for axis_name, is_periodic in zip(axis_names, periodic):",
rfx/vmap_sweep.py,872,cpml_axes,DERIVE,vmap-sweep,_build_full_scan_fn,"cpml_axes = cpml_axes.replace(axis_name, """")",
rfx/vmap_sweep.py,873,pec_axes,DERIVE,vmap-sweep,_build_full_scan_fn,"pec_axes = """".join(",
rfx/vmap_sweep.py,874,periodic,PASS,vmap-sweep,_build_full_scan_fn,"axis_name for axis_name, is_periodic in zip(axis_names, periodic)",
rfx/vmap_sweep.py,887,periodic,PASS,vmap-sweep,_build_full_scan_fn,"periodic=periodic,",
rfx/vmap_sweep.py,888,cpml_axes,PASS,vmap-sweep,_build_full_scan_fn,"cpml_axes=cpml_axes,",
rfx/vmap_sweep.py,889,pec_axes,PASS,vmap-sweep,_build_full_scan_fn,"pec_axes=pec_axes,",
rfx/vmap_sweep.py,906,periodic,PASS,vmap-sweep,_build_full_scan_fn,"periodic=periodic,",
rfx/vmap_sweep.py,907,pec_axes,PASS,vmap-sweep,_build_full_scan_fn,"pec_axes=pec_axes,",
