                       Norm,                    Minimum,                    Maximum,                       Mean
        +1.267153459715e-01,        +1.379153488311e-09,        +5.951275764007e-03,        +3.839119667461e-05
