{"case_id": "patch_antenna", "freqs_hz": [1500000000.0, 1520000000.0, 1540000000.0, 1560000000.0, 1580000000.0, 1600000000.0, 1620000000.0, 1640000000.0, 1660000000.0, 1680000000.0, 1700000000.0, 1720000000.0, 1740000000.0, 1760000000.0, 1780000000.0, 1800000000.0, 1820000000.0, 1840000000.0, 1860000000.0, 1880000000.0, 1900000000.0, 1920000000.0, 1940000000.0, 1960000000.0, 1980000000.0, 2000000000.0, 2020000000.0, 2040000000.0, 2060000000.0, 2080000000.0, 2100000000.0, 2120000000.0, 2140000000.0, 2160000000.0, 2180000000.0, 2200000000.0, 2220000000.0, 2240000000.0, 2260000000.0, 2280000000.0, 2300000000.0, 2320000000.0, 2340000000.0, 2360000000.0, 2380000000.0, 2400000000.0, 2420000000.0, 2440000000.0, 2460000000.0, 2480000000.0, 2500000000.0, 2520000000.0, 2540000000.0, 2560000000.0, 2580000000.0, 2600000000.0, 2620000000.0, 2640000000.0, 2660000000.0, 2680000000.0, 2700000000.0, 2720000000.0, 2740000000.0, 2760000000.0, 2780000000.0, 2800000000.0, 2820000000.0, 2840000000.0, 2860000000.0, 2880000000.0, 2900000000.0, 2920000000.0, 2940000000.0, 2960000000.0, 2980000000.0, 3000000000.0, 3020000000.0, 3040000000.0, 3060000000.0, 3080000000.0, 3100000000.0, 3120000000.0, 3140000000.0, 3160000000.0, 3180000000.0, 3200000000.0, 3220000000.0, 3240000000.0, 3260000000.0, 3280000000.0, 3300000000.0, 3320000000.0, 3340000000.0, 3360000000.0, 3380000000.0, 3400000000.0, 3420000000.0, 3440000000.0, 3460000000.0, 3480000000.0, 3500000000.0], "n_ports": 1, "s": [[[[-0.4244309961795807, 0.038887765258550644], [-0.42427560687065125, 0.03987925127148628], [-0.4241096079349518, 0.04088514670729637], [-0.4239393472671509, 0.04190708324313164], [-0.42375773191452026, 0.042944107204675674], [-0.4235703945159912, 0.044000044465065], [-0.4233682155609131, 0.04507633298635483], [-0.4231545329093933, 0.04617343470454216], [-0.4229307770729065, 0.04729260504245758], [-0.42269694805145264, 0.04843887314200401], [-0.4224436283111572, 0.04961498826742172], [-0.42217716574668884, 0.05081956833600998], [-0.4218983054161072, 0.05205671861767769], [-0.421596884727478, 0.05333369970321655], [-0.42127305269241333, 0.05465155094861984], [-0.42092856764793396, 0.05600929260253906], [-0.42056551575660706, 0.05741448327898979], [-0.4201815128326416, 0.05888764187693596], [-0.4197632968425751, 0.06043639034032822], [-0.4192937910556793, 0.06206119805574417], [-0.4187736511230469, 0.06376312673091888], [-0.4181976318359375, 0.06555382162332535], [-0.4175569415092468, 0.06744799017906189], [-0.4168415069580078, 0.06945572048425674], [-0.416034072637558, 0.07159511744976044], [-0.4151199758052826, 0.07388970255851746], [-0.4140671193599701, 0.07635994255542755], [-0.4128458797931671, 0.07902875542640686], [-0.411419153213501, 0.08193019777536392], [-0.4097273349761963, 0.08510402590036392], [-0.4076972007751465, 0.08859360963106155], [-0.40521886944770813, 0.09244506061077118], [-0.4021625816822052, 0.09671769291162491], [-0.3983142375946045, 0.10147486627101898], [-0.39337584376335144, 0.10676297545433044], [-0.38691332936286926, 0.11258704960346222], [-0.3782866895198822, 0.11886274069547653], [-0.36653488874435425, 0.12525397539138794], [-0.35029420256614685, 0.13080880045890808], [-0.32796528935432434, 0.13326674699783325], [-0.2987183630466461, 0.12792915105819702], [-0.2658936679363251, 0.10717302560806274], [-0.24217790365219116, 0.0657070204615593], [-0.2445189356803894, 0.013722207397222519], [-0.27257227897644043, -0.026008395478129387], [-0.30852439999580383, -0.04361354559659958], [-0.33925995230674744, -0.04534343257546425], [-0.3617863953113556, -0.03963792324066162], [-0.37749817967414856, -0.031489256769418716], [-0.38841521739959717, -0.0231005996465683], [-0.3960970938205719, -0.01528080366551876], [-0.40160441398620605, -0.008248688653111458], [-0.40562373399734497, -0.002003472065553069], [-0.4086093008518219, 0.003531838534399867], [-0.4108699560165405, 0.008456389419734478], [-0.41259676218032837, 0.012873910367488861], [-0.4139309525489807, 0.016859542578458786], [-0.4149671494960785, 0.020480185747146606], [-0.41578125953674316, 0.023795686662197113], [-0.4164217710494995, 0.026856256648898125], [-0.4169175326824188, 0.029707608744502068], [-0.417301207780838, 0.0323689803481102], [-0.41759854555130005, 0.03487257659435272], [-0.41782310605049133, 0.03724898025393486], [-0.41798198223114014, 0.0395176075398922], [-0.4180797040462494, 0.04168244078755379], [-0.41814282536506653, 0.043765440583229065], [-0.4181695580482483, 0.04578891396522522], [-0.41814690828323364, 0.04776110127568245], [-0.4180832803249359, 0.0496772825717926], [-0.4180014133453369, 0.05155394226312637], [-0.4178900718688965, 0.053417302668094635], [-0.4177214801311493, 0.055267948657274246], [-0.4175082743167877, 0.05708622932434082], [-0.4172590374946594, 0.058890216052532196], [-0.41692742705345154, 0.060708727687597275], [-0.4164547622203827, 0.06246575340628624], [-0.4158993363380432, 0.0640091672539711], [-0.4154965281486511, 0.0653182864189148], [-0.41541245579719543, 0.06662601232528687], [-0.41553035378456116, 0.06820424646139145], [-0.415583074092865, 0.07009439170360565], [-0.4154397249221802, 0.07213658839464188], [-0.41515180468559265, 0.07419697940349579], [-0.4148056209087372, 0.07628852128982544], [-0.4143970012664795, 0.078457772731781], [-0.4139021337032318, 0.080701544880867], [-0.41333118081092834, 0.0830167606472969], [-0.41270017623901367, 0.08542893826961517], [-0.4119800627231598, 0.08798176795244217], [-0.4111403524875641, 0.09068691730499268], [-0.4101719558238983, 0.09355994313955307], [-0.4090455174446106, 0.09664154797792435], [-0.4077215790748596, 0.09998414665460587], [-0.406122624874115, 0.103631891310215], [-0.40417540073394775, 0.10764089971780777], [-0.4017621576786041, 0.11208425462245941], [-0.39871183037757874, 0.11705882847309113], [-0.3947484791278839, 0.12267941236495972], [-0.38944321870803833, 0.12904740869998932], [-0.38213005661964417, 0.13620471954345703]]]]}