{
  "case_id": "patch_antenna",
  "freqs_hz": [
    1500000000.0,
    1566666624.0,
    1633333376.0,
    1700000000.0,
    1766666752.0,
    1833333376.0,
    1899999872.0,
    1966666624.0,
    2033333376.0,
    2100000000.0,
    2166666752.0,
    2233333248.0,
    2300000000.0,
    2366666752.0,
    2433333248.0,
    2500000256.0,
    2566666752.0,
    2633333248.0,
    2700000000.0,
    2766666752.0,
    2833333504.0,
    2900000000.0,
    2966666752.0,
    3033333248.0,
    3100000000.0,
    3166666752.0,
    3233333504.0,
    3300000000.0,
    3366666752.0,
    3433333248.0,
    3500000000.0
  ],
  "n_ports": 1,
  "s": [
    [
      [
        [
          0.8221806287765503,
          -0.549089789390564
        ],
        [
          0.8067604899406433,
          -0.5695183277130127
        ],
        [
          0.7908301949501038,
          -0.5894103646278381
        ],
        [
          0.7744295001029968,
          -0.6087498664855957
        ],
        [
          0.7575984001159668,
          -0.6275441646575928
        ],
        [
          0.7403640747070312,
          -0.6458024382591248
        ],
        [
          0.7227548956871033,
          -0.6635409593582153
        ],
        [
          0.7047774791717529,
          -0.6807827949523926
        ],
        [
          0.6864286661148071,
          -0.6975454092025757
        ],
        [
          0.6676899790763855,
          -0.7138405442237854
        ],
        [
          0.6485328078269958,
          -0.729667603969574
        ],
        [
          0.628921389579773,
          -0.7450013160705566
        ],
        [
          0.6088266968727112,
          -0.7597984671592712
        ],
        [
          0.5882244110107422,
          -0.7739941477775574
        ],
        [
          0.5671204328536987,
          -0.7875008583068848
        ],
        [
          0.5455379486083984,
          -0.8002263307571411
        ],
        [
          0.5235453248023987,
          -0.8120719194412231
        ],
        [
          0.501244068145752,
          -0.822952389717102
        ],
        [
          0.4787623882293701,
          -0.8328116536140442
        ],
        [
          0.45626237988471985,
          -0.8416320085525513
        ],
        [
          0.4339064359664917,
          -0.8494423627853394
        ],
        [
          0.41185852885246277,
          -0.8563250303268433
        ],
        [
          0.390254408121109,
          -0.8624154329299927
        ],
        [
          0.36917927861213684,
          -0.86789470911026
        ],
        [
          0.34866881370544434,
          -0.8729673027992249
        ],
        [
          0.32868126034736633,
          -0.8778518438339233
        ],
        [
          0.30909544229507446,
          -0.8827435970306396
        ],
        [
          0.2897288501262665,
          -0.8877983093261719
        ],
        [
          0.27034300565719604,
          -0.8930979371070862
        ],
        [
          0.2506561577320099,
          -0.898638904094696
        ],
        [
          0.23040761053562164,
          -0.9043060541152954
        ]
      ]
    ]
  ]
}
