{
  "case_id": "patch_antenna",
  "freqs_hz": [
    1500000000.0,
    1520000000.0,
    1540000000.0,
    1560000000.0,
    1580000000.0,
    1600000000.0,
    1620000000.0,
    1640000000.0,
    1660000000.0,
    1680000000.0,
    1700000000.0,
    1720000000.0,
    1740000000.0,
    1760000000.0,
    1780000000.0,
    1800000000.0,
    1820000000.0,
    1840000000.0,
    1860000000.0,
    1880000000.0,
    1900000000.0,
    1920000000.0,
    1940000000.0,
    1960000000.0,
    1980000000.0,
    2000000000.0,
    2020000000.0,
    2040000000.0,
    2060000000.0,
    2080000000.0,
    2100000000.0,
    2120000000.0,
    2140000000.0,
    2160000000.0,
    2180000000.0,
    2200000000.0,
    2220000000.0,
    2240000000.0,
    2260000000.0,
    2280000000.0,
    2300000000.0,
    2320000000.0,
    2340000000.0,
    2360000000.0,
    2380000000.0,
    2400000000.0,
    2420000000.0,
    2440000000.0,
    2460000000.0,
    2480000000.0,
    2500000000.0,
    2520000000.0,
    2540000000.0,
    2560000000.0,
    2580000000.0,
    2600000000.0,
    2620000000.0,
    2640000000.0,
    2660000000.0,
    2680000000.0,
    2700000000.0,
    2720000000.0,
    2740000000.0,
    2760000000.0,
    2780000000.0,
    2800000000.0,
    2820000000.0,
    2840000000.0,
    2860000000.0,
    2880000000.0,
    2900000000.0,
    2920000000.0,
    2940000000.0,
    2960000000.0,
    2980000000.0,
    3000000000.0,
    3020000000.0,
    3040000000.0,
    3060000000.0,
    3080000000.0,
    3100000000.0,
    3120000000.0,
    3140000000.0,
    3160000000.0,
    3180000000.0,
    3200000000.0,
    3220000000.0,
    3240000000.0,
    3260000000.0,
    3280000000.0,
    3300000000.0,
    3320000000.0,
    3340000000.0,
    3360000000.0,
    3380000000.0,
    3400000000.0,
    3420000000.0,
    3440000000.0,
    3460000000.0,
    3480000000.0,
    3500000000.0
  ],
  "n_ports": 1,
  "s": [
    [
      [
        [
          0.82216477394104,
          -0.5488063097000122
        ],
        [
          0.8176515102386475,
          -0.5549858212471008
        ],
        [
          0.8130881786346436,
          -0.5611420273780823
        ],
        [
          0.8084506988525391,
          -0.5672651529312134
        ],
        [
          0.8037501573562622,
          -0.5733193159103394
        ],
        [
          0.7990099191665649,
          -0.5793055891990662
        ],
        [
          0.7942531108856201,
          -0.5852472186088562
        ],
        [
          0.7894690036773682,
          -0.5911667943000793
        ],
        [
          0.7846185564994812,
          -0.5970605611801147
        ],
        [
          0.7796974778175354,
          -0.6029138565063477
        ],
        [
          0.7747257947921753,
          -0.6086869239807129
        ],
        [
          0.769722580909729,
          -0.6143953204154968
        ],
        [
          0.7647135853767395,
          -0.6200725436210632
        ],
        [
          0.759660542011261,
          -0.6257278919219971
        ],
        [
          0.7545432448387146,
          -0.6313551068305969
        ],
        [
          0.7493481636047363,
          -0.6369184851646423
        ],
        [
          0.744126558303833,
          -0.6423953175544739
        ],
        [
          0.7389019131660461,
          -0.6478112936019897
        ],
        [
          0.7336413860321045,
          -0.6532151699066162
        ],
        [
          0.7283424735069275,
          -0.6585959196090698
        ],
        [
          0.7229675650596619,
          -0.6639315485954285
        ],
        [
          0.7175278067588806,
          -0.6691893339157104
        ],
        [
          0.7120638489723206,
          -0.6743717789649963
        ],
        [
          0.7066134214401245,
          -0.679498016834259
        ],
        [
          0.7011411190032959,
          -0.6846078634262085
        ],
        [
          0.6955975890159607,
          -0.6897030472755432
        ],
        [
          0.6899790167808533,
          -0.6947328448295593
        ],
        [
          0.6843174695968628,
          -0.699670672416687
        ],
        [
          0.6786602139472961,
          -0.7045325040817261
        ],
        [
          0.6730031371116638,
          -0.7093658447265625
        ],
        [
          0.6673083901405334,
          -0.7141914963722229
        ],
        [
          0.6615355610847473,
          -0.7189815044403076
        ],
        [
          0.6556977033615112,
          -0.7236939072608948
        ],
        [
          0.6498377919197083,
          -0.7283046841621399
        ],
        [
          0.6439977884292603,
          -0.7328449487686157
        ],
        [
          0.6381508708000183,
          -0.7373799681663513
        ],
        [
          0.6322447657585144,
          -0.7419137358665466
        ],
        [
          0.6262581944465637,
          -0.7463936805725098
        ],
        [
          0.6202112436294556,
          -0.7507598996162415
        ],
        [
          0.6141728162765503,
          -0.7550318837165833
        ],
        [
          0.6081705093383789,
          -0.7592697739601135
        ],
        [
          0.6021507382392883,
          -0.7635095119476318
        ],
        [
          0.5960450172424316,
          -0.7677361965179443
        ],
        [
          0.5898398160934448,
          -0.7718814015388489
        ],
        [
          0.5836132168769836,
          -0.7758997082710266
        ],
        [
          0.5774280428886414,
          -0.7798317074775696
        ],
        [
          0.5712743401527405,
          -0.7837578058242798
        ],
        [
          0.5650689005851746,
          -0.7877074480056763
        ],
        [
          0.5587537288665771,
          -0.791621208190918
        ],
        [
          0.5523635149002075,
          -0.7954100966453552
        ],
        [
          0.5459807515144348,
          -0.7990661859512329
        ],
        [
          0.5396575927734375,
          -0.8026748895645142
        ],
        [
          0.5333563685417175,
          -0.8063076138496399
        ],
        [
          0.526949405670166,
          -0.8099763989448547
        ],
        [
          0.52040034532547,
          -0.8135607242584229
        ],
        [
          0.5138015151023865,
          -0.8169733881950378
        ],
        [
          0.5072705149650574,
          -0.8202434778213501
        ],
        [
          0.5008234977722168,
          -0.8235178589820862
        ],
        [
          0.49434614181518555,
          -0.826877772808075
        ],
        [
          0.4877181351184845,
          -0.8302467465400696
        ],
        [
          0.4809074401855469,
          -0.8334665298461914
        ],
        [
          0.4741041660308838,
          -0.8364670276641846
        ],
        [
          0.46740975975990295,
          -0.8393648862838745
        ],
        [
          0.4608004689216614,
          -0.8423410058021545
        ],
        [
          0.45405781269073486,
          -0.8454431891441345
        ],
        [
          0.4470491111278534,
          -0.8484899997711182
        ],
        [
          0.43985769152641296,
          -0.8512656092643738
        ],
        [
          0.4327353835105896,
          -0.8537623286247253
        ],
        [
          0.42579856514930725,
          -0.8562344908714294
        ],
        [
          0.41883406043052673,
          -0.8589122295379639
        ],
        [
          0.4114810824394226,
          -0.8616990447044373
        ],
        [
          0.40363702178001404,
          -0.8642092943191528
        ],
        [
          0.3955940306186676,
          -0.8661399483680725
        ],
        [
          0.3877412974834442,
          -0.8676355481147766
        ],
        [
          0.38000306487083435,
          -0.8691535592079163
        ],
        [
