{"case_id": "patch_antenna", "freqs_hz": [1500000000.0, 1520000000.0, 1540000000.0, 1560000000.0, 1580000000.0, 1600000000.0, 1620000000.0, 1640000000.0, 1660000000.0, 1680000000.0, 1700000000.0, 1720000000.0, 1740000000.0, 1760000000.0, 1780000000.0, 1800000000.0, 1820000000.0, 1840000000.0, 1860000000.0, 1880000000.0, 1900000000.0, 1920000000.0, 1940000000.0, 1960000000.0, 1980000000.0, 2000000000.0, 2020000000.0, 2040000000.0, 2060000000.0, 2080000000.0, 2100000000.0, 2120000000.0, 2140000000.0, 2160000000.0, 2180000000.0, 2200000000.0, 2220000000.0, 2240000000.0, 2260000000.0, 2280000000.0, 2300000000.0, 2320000000.0, 2340000000.0, 2360000000.0, 2380000000.0, 2400000000.0, 2420000000.0, 2440000000.0, 2460000000.0, 2480000000.0, 2500000000.0, 2520000000.0, 2540000000.0, 2560000000.0, 2580000000.0, 2600000000.0, 2620000000.0, 2640000000.0, 2660000000.0, 2680000000.0, 2700000000.0, 2720000000.0, 2740000000.0, 2760000000.0, 2780000000.0, 2800000000.0, 2820000000.0, 2840000000.0, 2860000000.0, 2880000000.0, 2900000000.0, 2920000000.0, 2940000000.0, 2960000000.0, 2980000000.0, 3000000000.0, 3020000000.0, 3040000000.0, 3060000000.0, 3080000000.0, 3100000000.0, 3120000000.0, 3140000000.0, 3160000000.0, 3180000000.0, 3200000000.0, 3220000000.0, 3240000000.0, 3260000000.0, 3280000000.0, 3300000000.0, 3320000000.0, 3340000000.0, 3360000000.0, 3380000000.0, 3400000000.0, 3420000000.0, 3440000000.0, 3460000000.0, 3480000000.0, 3500000000.0], "n_ports": 1, "s": [[[[-0.4244309067726135, 0.038887809962034225], [-0.424275666475296, 0.03987826779484749], [-0.4241095781326294, 0.04088525101542473], [-0.4239397644996643, 0.04190693795681], [-0.4237576425075531, 0.042944278568029404], [-0.4235703945159912, 0.04399990290403366], [-0.4233681857585907, 0.045076366513967514], [-0.42315474152565, 0.046173252165317535], [-0.42293059825897217, 0.04729267582297325], [-0.4226970672607422, 0.04843905195593834], [-0.4224437475204468, 0.04961472377181053], [-0.4221774637699127, 0.050819605588912964], [-0.42189890146255493, 0.05205671116709709], [-0.4215971827507019, 0.053333885967731476], [-0.42127346992492676, 0.05465124920010567], [-0.42092788219451904, 0.05600922927260399], [-0.42056557536125183, 0.057414460927248], [-0.42018088698387146, 0.058888234198093414], [-0.41976410150527954, 0.0604361928999424], [-0.4192943572998047, 0.06206117197871208], [-0.4187733232975006, 0.06376279145479202], [-0.4181973338127136, 0.06555315852165222], [-0.4175565838813782, 0.06744791567325592], [-0.41684213280677795, 0.06945574283599854], [-0.41603437066078186, 0.07159518450498581], [-0.41512009501457214, 0.0738893523812294], [-0.41406676173210144, 0.07636072486639023], [-0.41284653544425964, 0.0790286734700203], [-0.4114187955856323, 0.08192973583936691], [-0.4097278416156769, 0.08510403335094452], [-0.4076961576938629, 0.08859390020370483], [-0.40521886944770813, 0.09244593977928162], [-0.40216168761253357, 0.0967179536819458], [-0.39831429719924927, 0.10147548466920853], [-0.39337605237960815, 0.10676378756761551], [-0.38691410422325134, 0.1125878319144249], [-0.3782876431941986, 0.11886382102966309], [-0.36653634905815125, 0.12525492906570435], [-0.3502938151359558, 0.1308109164237976], [-0.32796555757522583, 0.13326945900917053], [-0.2987184226512909, 0.12793216109275818], [-0.26588988304138184, 0.10717660933732986], [-0.24217240512371063, 0.0657082051038742], [-0.2445143163204193, 0.013720877468585968], [-0.2725675404071808, -0.026012392714619637], [-0.30852413177490234, -0.04361714422702789], [-0.339260458946228, -0.04534665122628212], [-0.3617869019508362, -0.03964041918516159], [-0.37749820947647095, -0.03149048984050751], [-0.3884154260158539, -0.023101845756173134], [-0.3960981070995331, -0.015281671658158302], [-0.4016053378582001, -0.008249404840171337], [-0.40562495589256287, -0.002003967994824052], [-0.40861013531684875, 0.0035311980172991753], [-0.4108705520629883, 0.00845626462250948], [-0.4125974774360657, 0.012873419560492039], [-0.41393157839775085, 0.0168599970638752], [-0.4149673879146576, 0.020480409264564514], [-0.41578203439712524, 0.023795122280716896], [-0.416422039270401, 0.026856282725930214], [-0.4169183075428009, 0.029707666486501694], [-0.41730043292045593, 0.03236866369843483], [-0.4175988435745239, 0.03487313538789749], [-0.41782304644584656, 0.037248801440000534], [-0.41798165440559387, 0.03951780125498772], [-0.4180792272090912, 0.04168239235877991], [-0.41814324259757996, 0.04376576468348503], [-0.41816967725753784, 0.04578843340277672], [-0.4181467592716217, 0.04776094853878021], [-0.4180845618247986, 0.04967746511101723], [-0.4180002808570862, 0.05155397951602936], [-0.4178902208805084, 0.05341716855764389], [-0.4177224040031433, 0.055268000811338425], [-0.4175083041191101, 0.05708622187376022], [-0.4172604978084564, 0.05889001861214638], [-0.41692858934402466, 0.06070844829082489], [-0.416454553604126, 0.06246577575802803], [-0.41589900851249695, 0.06400949507951736], [-0.41549718379974365, 0.06531818211078644], [-0.41541242599487305, 0.06662599742412567], [-0.41553187370300293, 0.06820361316204071], [-0.4155847728252411, 0.07009392231702805], [-0.41543975472450256, 0.07213594019412994], [-0.41515204310417175, 0.07419674098491669], [-0.414806604385376, 0.07628924399614334], [-0.41439709067344666, 0.07845774292945862], [-0.41390177607536316, 0.0807013139128685], [-0.4133320748806, 0.08301695436239243], [-0.41270026564598083, 0.08542906492948532], [-0.4119812250137329, 0.08798179775476456], [-0.41114065051078796, 0.09068666398525238], [-0.4101710915565491, 0.09356001764535904], [-0.4090467095375061, 0.09664158523082733], [-0.4077227711677551, 0.0999840721487999], [-0.4061219394207001, 0.10363177210092545], [-0.4041765630245209, 0.10764096677303314], [-0.40176090598106384, 0.11208464205265045], [-0.39871180057525635, 0.11705952137708664], [-0.3947489857673645, 0.12268037348985672], [-0.38944387435913086, 0.129048153758049], [-0.382130891084671, 0.1362055242061615]]]]}