                       Norm,                    Minimum,                    Maximum,                       Mean
        +1.275610945455e-01,        +1.461745863468e-09,        +6.727563603834e-03,        +3.619787228239e-05
