{"case": "openems_xband_inset_patch", "inset_mm": 2.4, "runtime_s": 1728.0805106163025, "s11_dip_db": -10.329513923491927, "s11_dip_hz": 9262500000.0, "s11_max_abs": 1.00395227198417, "freqs_hz": [1500000000.0, 1584375000.0, 1668750000.0, 1753125000.0, 1837500000.0, 1921875000.0, 2006250000.0, 2090625000.0, 2175000000.0, 2259375000.0, 2343750000.0, 2428125000.0, 2512500000.0, 2596875000.0, 2681250000.0, 2765625000.0, 2850000000.0, 2934375000.0, 3018750000.0, 3103125000.0, 3187500000.0, 3271875000.0, 3356250000.0, 3440625000.0, 3525000000.0, 3609375000.0, 3693750000.0, 3778125000.0, 3862500000.0, 3946875000.0, 4031250000.0, 4115625000.0, 4200000000.0, 4284375000.0, 4368750000.0, 4453125000.0, 4537500000.0, 4621875000.0, 4706250000.0, 4790625000.0, 4875000000.0, 4959375000.0, 5043750000.0, 5128125000.0, 5212500000.0, 5296875000.0, 5381250000.0, 5465625000.0, 5550000000.0, 5634375000.0, 5718750000.0, 5803125000.0, 5887500000.0, 5971875000.0, 6056250000.0, 6140625000.0, 6225000000.0, 6309375000.0, 6393750000.0, 6478125000.0, 6562500000.0, 6646875000.0, 6731250000.0, 6815625000.0, 6900000000.0, 6984375000.0, 7068750000.0, 7153125000.0, 7237500000.0, 7321875000.0, 7406250000.0, 7490625000.0, 7575000000.0, 7659375000.0, 7743750000.0, 7828125000.0, 7912500000.0, 7996875000.0, 8081250000.0, 8165625000.0, 8250000000.0, 8334375000.0, 8418750000.0, 8503125000.0, 8587500000.0, 8671875000.0, 8756250000.0, 8840625000.0, 8925000000.0, 9009375000.0, 9093750000.0, 9178125000.0, 9262500000.0, 9346875000.0, 9431250000.0, 9515625000.0, 9600000000.0, 9684375000.0, 9768750000.0, 9853125000.0, 9937500000.0, 10021875000.0, 10106250000.0, 10190625000.0, 10275000000.0, 10359375000.0, 10443750000.0, 10528125000.0, 10612500000.0, 10696875000.0, 10781250000.0, 10865625000.0, 10950000000.0, 11034375000.0, 11118750000.0, 11203125000.0, 11287500000.0, 11371875000.0, 11456250000.0, 11540625000.0, 11625000000.0, 11709375000.0, 11793750000.0, 11878125000.0, 11962500000.0, 12046875000.0, 12131250000.0, 12215625000.0, 12300000000.0, 12384375000.0, 12468750000.0, 12553125000.0, 12637500000.0, 12721875000.0, 12806250000.0, 12890625000.0, 12975000000.0, 13059375000.0, 13143750000.0, 13228125000.0, 13312500000.0, 13396875000.0, 13481250000.0, 13565625000.0, 13650000000.0, 13734375000.0, 13818750000.0, 13903125000.0, 13987500000.0, 14071875000.0, 14156250000.0, 14240625000.0, 14325000000.0, 14409375000.0, 14493750000.0, 14578125000.0, 14662500000.0, 14746875000.0, 14831250000.0, 14915625000.0, 15000000000.0], "s11": [[-0.9947833732888199, 0.09205811889510367], [-0.9815699032519182, 0.19553108056697027], [-0.9569939888823169, 0.29909398888032285], [-0.9192763726815524, 0.3930419632544283], [-0.8782820982958226, 0.4786899512240445], [-0.8299321562248831, 0.5622504159146101], [-0.7720651549894793, 0.6367668408356848], [-0.7122722016316992, 0.7026267154902549], [-0.6479918500906069, 0.7650708122976588], [-0.576989454491644, 0.8191593442390421], [-0.5050833269126851, 0.8646230496293225], [-0.43086684851953894, 0.905769615535439], [-0.35226258145824224, 0.9391853204829809], [-0.2737010082853438, 0.9642307896505589], [-0.1946112058813311, 0.984383982663338], [-0.11320265012570763, 0.9973999812117045], [-0.03280911483455722, 1.0025074917923888], [0.04658282732092735, 1.0024795598996326], [0.12643227452602354, 0.9959593587995212], [0.20428016315771041, 0.9822073032713484], [0.2798079127188165, 0.9634077770233375], [0.3541455200799149, 0.9388639242502342], [0.42553254753896, 0.9079708258394159], [0.4934955804972212, 0.8724265132151049], [0.5588637087278793, 0.8320030184452915], [0.62042658814582, 0.7862849080977521], [0.6776862770169767, 0.7365760692765498], [0.7312140154957059, 0.682961650237659], [0.7802243856682823, 0.6252349852428888], [0.8242845316871383, 0.5643873471516934], [0.8637568319945963, 0.5006941197261646], [0.8981772590144879, 0.4341536536388128], [0.9272368480755828, 0.36551502959291954], [0.9511394205823733, 0.295147773882441], [0.9696569177925954, 0.2232357953290801], [0.9826387615892958, 0.15034624077981718], [0.9901796121162088, 0.07686950158564257], [0.9922186152753896, 0.003144493557108564], [0.988778736010875, -0.07039458580165356], [0.9798903144580062, -0.14339113817066992], [0.9656044415025065, -0.2153878702569957], [0.9461178658691934, -0.2860444659390337], [0.9214356405000338, -0.3550771821647627], [0.8916770386010616, -0.4219497634898312], [0.8572013721055088, -0.4863858307190929], [0.8180203607621852, -0.5482005340383239], [0.7742871242959026, -0.6068177829564182], [0.7265039051458639, -0.6620028999488419], [0.6747133569157128, -0.7136848527490798], [0.6190758109803972, -0.7612834679215735], [0.5602119959105571, -0.8045888549913215], [0.4982138634344982, -0.8436495148688422], [0.4332295117799534, -0.8779130906953092], [0.3659708470956701, -0.9071822450232265], [0.2965919914460646, -0.9316226759425146], [0.22521640023450384, -0.950736318139663], [0.15262019544697272, -0.9643298462843972], [0.07902905164166667, -0.9726778254899953], [0.004536708592238739, -0.9753581655440932], [-0.0700414026820692, -0.9721774079683254], [-0.14440220304314097, -0.9635062289252762], [-0.21847920973234392, -0.949013548161357], [-0.29143516749299775, -0.9285053097773683], [-0.36288314788238596, -0.9024367355523227], [-0.4327762698291426, -0.8705809695551271], [-0.5002679117849645, -0.8327452296114108], [-0.564876967208964, -0.7894554733145736], [-0.6265547391663318, -0.7406007280707706], [-0.6844439547223976, -0.6860011870744062], [-0.73795277626493, -0.6262480430497307], [-0.7869960445195144, -0.5613615562955634], [-0.8306849323515118, -0.49119885768549876], [-0.8682822261723704, -0.41642709137729406], [-0.8996048617980755, -0.3372312130590012], [-0.923676026899739, -0.2535625424669613], [-0.9395421771169578, -0.16622177736986282], [-0.9468131973585682, -0.07565303750571477], [-0.9443070633201459, 0.017944900298726123], [-0.9307211271201559, 0.11343856727048127], [-0.905283711033426, 0.2098300539086346], [-0.8664306244069887, 0.3062220234274992], [-0.8123556294398158, 0.40051267229844706], [-0.7417918850991703, 0.4902167843135542], [-0.6528827906247958, 0.5723463961740146], [-0.5438748850649685, 0.6418849991361658], [-0.4144268776032632, 0.6922204687862341], [-0.2655377851556895, 0.7149190249860765], [-0.10172335521132483, 0.6986416060515089], [0.06559908199380413, 0.6310906654600421], [0.2161677979876235, 0.5029741439534662], [0.32020027770381115, 0.3147121869926158], [0.3447005812596414, 0.0861712928528598], [0.2700319171855536, -0.14062759331071828], [0.1060556315382397, -0.3153191789339946], [-0.1087858828936261, -0.4033827322559969], [-0.3274170155679569, -0.4000257125556808], [-0.5144752764296745, -0.32410579419842667], [-0.6537227305839576, -0.2029586264925239], [-0.7437959324744963, -0.060243191052355705], [-0.7901950493831322, 0.08765331448808862], [-0.8008691634321126, 0.23035568502624373], [-0.783854707749202, 0.36254963642082294], [-0.7453993013840922, 0.4818931296771766], [-0.6906144205098373, 0.587107677031947], [-0.6238640580246029, 0.6782254654099761], [-0.5480327181405868, 0.755848082434183], [-0.46547765513828115, 0.8202077782098155], [-0.37846660137492644, 0.8720017579159844], [-0.2883661753398154, 0.9121050276309006], [-0.19637414032278702, 0.9408386748380931], [-0.10389838602884799, 0.9588315386132176], [-0.011720591244357042, 0.9668818154174256], [0.0794419798047026, 0.9652692952781189], [0.16856353474068658, 0.95452660711276], [0.2551012183584501, 0.9353910696968571], [0.3385693310760844, 0.9081492388895677], [0.41815986348587025, 0.8732894180798324], [0.49344854166425817, 0.8315251801216978], [0.564088134312628, 0.7831932754365654], [0.6294370710305769, 0.728777174538091], [0.6891517568424095, 0.6689812785917503], [0.7429813702817388, 0.6042129265302456], [0.7904351549516222, 0.5349775998369423], [0.8312437262769855, 0.4619726206576492], [0.86523007008407, 0.3856819033788908], [0.8920504698916382, 0.30665312579751425], [0.9115163748282973, 0.22557402843084268], 