{"case": "openems_xband_inset_patch", "inset_mm": 2.4, "runtime_s": 0.0, "s11_dip_db": -9.461496413107591, "s11_dip_hz": 9262500000.0, "s11_max_abs": 1.0078185468261958, "s11_passive": true, "freqs_hz": [1500000000.0, 1584375000.0, 1668750000.0, 1753125000.0, 1837500000.0, 1921875000.0, 2006250000.0, 2090625000.0, 2175000000.0, 2259375000.0, 2343750000.0, 2428125000.0, 2512500000.0, 2596875000.0, 2681250000.0, 2765625000.0, 2850000000.0, 2934375000.0, 3018750000.0, 3103125000.0, 3187500000.0, 3271875000.0, 3356250000.0, 3440625000.0, 3525000000.0, 3609375000.0, 3693750000.0, 3778125000.0, 3862500000.0, 3946875000.0, 4031250000.0, 4115625000.0, 4200000000.0, 4284375000.0, 4368750000.0, 4453125000.0, 4537500000.0, 4621875000.0, 4706250000.0, 4790625000.0, 4875000000.0, 4959375000.0, 5043750000.0, 5128125000.0, 5212500000.0, 5296875000.0, 5381250000.0, 5465625000.0, 5550000000.0, 5634375000.0, 5718750000.0, 5803125000.0, 5887500000.0, 5971875000.0, 6056250000.0, 6140625000.0, 6225000000.0, 6309375000.0, 6393750000.0, 6478125000.0, 6562500000.0, 6646875000.0, 6731250000.0, 6815625000.0, 6900000000.0, 6984375000.0, 7068750000.0, 7153125000.0, 7237500000.0, 7321875000.0, 7406250000.0, 7490625000.0, 7575000000.0, 7659375000.0, 7743750000.0, 7828125000.0, 7912500000.0, 7996875000.0, 8081250000.0, 8165625000.0, 8250000000.0, 8334375000.0, 8418750000.0, 8503125000.0, 8587500000.0, 8671875000.0, 8756250000.0, 8840625000.0, 8925000000.0, 9009375000.0, 9093750000.0, 9178125000.0, 9262500000.0, 9346875000.0, 9431250000.0, 9515625000.0, 9600000000.0, 9684375000.0, 9768750000.0, 9853125000.0, 9937500000.0, 10021875000.0, 10106250000.0, 10190625000.0, 10275000000.0, 10359375000.0, 10443750000.0, 10528125000.0, 10612500000.0, 10696875000.0, 10781250000.0, 10865625000.0, 10950000000.0, 11034375000.0, 11118750000.0, 11203125000.0, 11287500000.0, 11371875000.0, 11456250000.0, 11540625000.0, 11625000000.0, 11709375000.0, 11793750000.0, 11878125000.0, 11962500000.0, 12046875000.0, 12131250000.0, 12215625000.0, 12300000000.0, 12384375000.0, 12468750000.0, 12553125000.0, 12637500000.0, 12721875000.0, 12806250000.0, 12890625000.0, 12975000000.0, 13059375000.0, 13143750000.0, 13228125000.0, 13312500000.0, 13396875000.0, 13481250000.0, 13565625000.0, 13650000000.0, 13734375000.0, 13818750000.0, 13903125000.0, 13987500000.0, 14071875000.0, 14156250000.0, 14240625000.0, 14325000000.0, 14409375000.0, 14493750000.0, 14578125000.0, 14662500000.0, 14746875000.0, 14831250000.0, 14915625000.0, 15000000000.0], "s11": [[-0.9943649927146329, 0.0986766488543857], [-0.9809825095143754, 0.20401036520883495], [-0.9555858282812578, 0.3095795195470067], [-0.9166350527803938, 0.4054052199065099], [-0.8739677552192084, 0.4929788542888867], [-0.8232654501391136, 0.578211199602684], [-0.7627125291424267, 0.6538637608775985], [-0.7000189380266775, 0.7205541973146448], [-0.6324547807357388, 0.7833512032938686], [-0.5581241666909809, 0.8371195216278151], [-0.4829874296201568, 0.8818749277810216], [-0.4054706967467376, 0.9218642615370856], [-0.3237510169219147, 0.9535429644440252], [-0.24236961754896325, 0.9765482016807614], [-0.1605782946648897, 0.9943542508422328], [-0.07674566485287859, 1.0046108903836195], [0.0057176459749839, 1.0067632810919698], [0.08698563627988827, 1.0035926601490832], [0.16841789683032046, 0.9936466350539896], [0.24749323788524244, 0.9763384506817746], [0.3240165814813933, 0.9538614302193757], [0.3990479192694556, 0.9254368341221271], [0.4707661610197631, 0.8905652770111504], [0.5387752534882829, 0.8509607948570354], [0.6038494236841215, 0.8063444981815701], [0.6647254776011491, 0.7563815055680576], [0.7209452706498769, 0.702402337950573], [0.7730380255850117, 0.6444825934316359], [0.820187950383376, 0.5824867557984984], [0.8619810674374181, 0.5174392039069647], [0.8987532016145998, 0.44964627241158417], [0.9300466760412889, 0.37917368776255267], [0.9555668723078278, 0.30679819017645604], [0.975506884552983, 0.2329495616422937], [0.9896880651087554, 0.15787348853168845], [0.9979795461231327, 0.08214502592920452], [1.0004761191734322, 0.0062292268741012905], [0.9972072066726636, -0.06948247757608089], [0.9882242075471788, -0.14457996607530524], [0.9735584351128227, -0.21863171923004723], [0.9533827027031455, -0.29113822052312754], [0.9279302375487571, -0.3618212940646885], [0.897196684837721, -0.4303325164726055], [0.8614416774249195, -0.4961013003654205], [0.8210668284203988, -0.5589511814018031], [0.7760542895925848, -0.6186490484823495], [0.726703067956066, -0.6745868657971357], [0.6735619601150752, -0.7266618012699281], [0.616618163221541, -0.7747731972985358], [0.5561735682733377, -0.8183047788346577], [0.4929003991703203, -0.8572034305556586], [0.42680584148331857, -0.8915086232864082], [0.35816574458812117, -0.9206205798185034], [0.2877511196500192, -0.9445132831448994], [0.21560455047763613, -0.9633653348383737], [0.14195717490292764, -0.9766170808014701], [0.06765302319453255, -0.9842532897686481], [-0.007218957290748128, -0.9865839744503181], [-0.08248282996308037, -0.9831071255168791], [-0.1572423792917983, -0.9738056241694446], [-0.2313512489799803, -0.9591118107810751], [-0.30469306597260776, -0.9385974845159921], [-0.3763374476734383, -0.9122351715521514], [-0.44607021772994565, -0.8805694987932637], [-0.5138342060897699, -0.843260247164305], [-0.5786794887294638, -0.8002620110232], [-0.6403089127084818, -0.7522175436734198], [-0.6987100543396727, -0.6988886487734085], [-0.7529181377189832, -0.640215043841258], [-0.8025366456561567, -0.5769287001786131], [-0.8475742278738636, -0.5089046517423157], [-0.8870368959913056, -0.4360736898139823], [-0.9203913228389009, -0.35925651296562805], [-0.9476157793429238, -0.27846355258702626], [-0.9676355611996694, -0.19364347812461902], [-0.9797005951405555, -0.10573805371906565], [-0.9836546835045353, -0.01495876323883397], [-0.9782191966394272, 0.07863777806664982], [-0.9622516899758404, 0.17385842562973186], [-0.9352303221948207, 0.2700695782886923], [-0.8953913459071179, 0.36676123765484314], [-0.8408535436508381, 0.4619541228028696], [-0.770324187311682, 0.5537477471230234], [-0.681137454473712, 0.6398254038631822], [-0.5704260942954469, 0.715246275662985], [-0.43647095887502224, 0.7734335839335698], [-0.27757779249065617, 0.8050496270301665], [-0.09546874703375266, 0.7948350966131081], [0.09876689481549507, 0.723349063688101], [0.2794620601406248, 0.5711814096634923], [0.3989086016344524, 0.3311670549201437], [0.3965074508746226, 0.035796826552180895], [0.24307311534726173, -0.2326295025220954], [-0.019565313498500766, -0.38640381165153065], [-0.3021749752026551, -0.3949401680733135], [-0.5322352852498, -0.2920662436174643], [-0.6842675949996108, -0.13230359623310195], [-0.7646283396456729, 0.043385167639031004], [-0.7894178508966697, 0.21255574325271154], [-0.774418961013875, 0.36504719321820256], [-0.7321527565449432, 0.4978425894699839], [-0.671171291918324, 0.611218415034201], [-0.5973113247224017, 0.7061963168427626], [-0.5149778751296474, 0.784261948855646], [-0.42705357612923234, 0.8471866825936126], [-0.335447538996619, 0.8961801103505512], [-0.2419749586093057, 0.9322907904664899], [-0.1478879566746058, 0.956784245457296], [-0.05395244026624972, 0.9704288156782858], [0.038796768501883565, 0.9738263829690447], [0.12958723705075437, 0.9679078513526412], [0.2180282765277547, 0.9532253037084543], [0.30337678671608614, 0.9301728642508996], [0.38503403812084785, 0.8995338274058429], [0.46276697330780336, 0.8617956822664644], [0.5359881630734481, 0.8172826285846627], [0.604196349289835, 0.7667245651941841], [0.6672528182369135, 0.7106107251110395], [0.7246855756589434, 0.6492605921387721], [0.776077680106743, 0.5833925172546977], [0.8213671753375862, 0.5135198220292984], [0.8601834872948856, 0.43998598906099207], [0.8921976050841846, 0.3635159117094175], [0.9174204314411512, 0.2846496029678499], [0.9355743767027446, 0.20376764579310724], [0.9464261439585242, 0.12161270130407406], [0.950062175299559, 