{"case": "openems_xband_inset_patch", "inset_mm": 2.4, "runtime_s": 2.384185791015625e-07, "s11_dip_db": -10.476378521817022, "s11_dip_hz": 9768750000.0, "s11_max_abs": 7.607076589610622, "s11_passive": null, "freqs_hz": [1500000000.0, 1584375000.0, 1668750000.0, 1753125000.0, 1837500000.0, 1921875000.0, 2006250000.0, 2090625000.0, 2175000000.0, 2259375000.0, 2343750000.0, 2428125000.0, 2512500000.0, 2596875000.0, 2681250000.0, 2765625000.0, 2850000000.0, 2934375000.0, 3018750000.0, 3103125000.0, 3187500000.0, 3271875000.0, 3356250000.0, 3440625000.0, 3525000000.0, 3609375000.0, 3693750000.0, 3778125000.0, 3862500000.0, 3946875000.0, 4031250000.0, 4115625000.0, 4200000000.0, 4284375000.0, 4368750000.0, 4453125000.0, 4537500000.0, 4621875000.0, 4706250000.0, 4790625000.0, 4875000000.0, 4959375000.0, 5043750000.0, 5128125000.0, 5212500000.0, 5296875000.0, 5381250000.0, 5465625000.0, 5550000000.0, 5634375000.0, 5718750000.0, 5803125000.0, 5887500000.0, 5971875000.0, 6056250000.0, 6140625000.0, 6225000000.0, 6309375000.0, 6393750000.0, 6478125000.0, 6562500000.0, 6646875000.0, 6731250000.0, 6815625000.0, 6900000000.0, 6984375000.0, 7068750000.0, 7153125000.0, 7237500000.0, 7321875000.0, 7406250000.0, 7490625000.0, 7575000000.0, 7659375000.0, 7743750000.0, 7828125000.0, 7912500000.0, 7996875000.0, 8081250000.0, 8165625000.0, 8250000000.0, 8334375000.0, 8418750000.0, 8503125000.0, 8587500000.0, 8671875000.0, 8756250000.0, 8840625000.0, 8925000000.0, 9009375000.0, 9093750000.0, 9178125000.0, 9262500000.0, 9346875000.0, 9431250000.0, 9515625000.0, 9600000000.0, 9684375000.0, 9768750000.0, 9853125000.0, 9937500000.0, 10021875000.0, 10106250000.0, 10190625000.0, 10275000000.0, 10359375000.0, 10443750000.0, 10528125000.0, 10612500000.0, 10696875000.0, 10781250000.0, 10865625000.0, 10950000000.0, 11034375000.0, 11118750000.0, 11203125000.0, 11287500000.0, 11371875000.0, 11456250000.0, 11540625000.0, 11625000000.0, 11709375000.0, 11793750000.0, 11878125000.0, 11962500000.0, 12046875000.0, 12131250000.0, 12215625000.0, 12300000000.0, 12384375000.0, 12468750000.0, 12553125000.0, 12637500000.0, 12721875000.0, 12806250000.0, 12890625000.0, 12975000000.0, 13059375000.0, 13143750000.0, 13228125000.0, 13312500000.0, 13396875000.0, 13481250000.0, 13565625000.0, 13650000000.0, 13734375000.0, 13818750000.0, 13903125000.0, 13987500000.0, 14071875000.0, 14156250000.0, 14240625000.0, 14325000000.0, 14409375000.0, 14493750000.0, 14578125000.0, 14662500000.0, 14746875000.0, 14831250000.0, 14915625000.0, 15000000000.0], "s11": [[1.2207716023552204, 0.24317994891422523], [0.555152834347096, -0.31468091636240075], [1.020695290377378, -1.16256587622964], [1.5683529673748917, 0.05423877175496938], [0.754063030301851, -0.2628639923640424], [0.9928577582908173, -1.108247390978779], [1.7563904620120299, -0.12460108834021191], [0.8696403487063002, -0.22420622873856388], [0.8986818527432416, -1.0621285541346086], [1.8847541064535742, -0.3218827444112955], [0.9610841451502949, -0.1992244743915907], [0.7916637249117527, -0.9974154286614875], [1.9691199497286798, -0.5520153611862509], [1.0463967228096667, -0.1911373461986783], [0.6988651671008396, -0.9100025984602828], [2.0020891165263692, -0.8227751877394036], [1.130527869150228, -0.20391906394757642], [0.6372948999466604, -0.8081907937372547], [1.9631906413539588, -1.1329911516663147], [1.2118440736358396, -0.24031978958907663], [0.6137156180027797, -0.7064774751306145], [1.8203881584903085, -1.4693685813917703], [1.2859680788358272, -0.3018177327321263], [0.6260811324384645, -0.6208323550072725], [1.5351651339441632, -1.7906658475927781], [1.3470298105312415, -0.3877865872471412], [0.6649467057838184, -0.5641841467912311], [1.0867221934587474, -2.006910197330931], [1.3887116267388842, -0.4956934075436284], [0.7163159293133947, -0.5438631060143002], [0.5387305517991322, -1.989090005209707], [1.4050375638825165, -0.6209191767971047], [0.7648770397088569, -0.560898403723252], [0.08782965012627748, -1.6832676074852755], [1.3911129971081724, -0.7571043346216454], [0.796828636773968, -0.6107160244129033], [-0.07855808136271634, -1.2468611443469435], [1.3431964106576046, -0.8964668339160492], [0.801228074007573, -0.684663851698017], [0.005027312152959555, -0.9160340402670422], [1.2590826195912868, -1.0295362717083998], [0.7708374232010529, -0.7713833522414559], [0.16876282639707493, -0.7744008547212634], [1.1379932894866296, -1.1458553937687248], [0.7023163181953093, -0.8585082592905849], [0.2921023988327216, -0.7731931345218072], [0.9799093291706554, -1.2320853083508705], [0.595831101757089, -0.9333037751262162], [0.33520791122377835, -0.8387027391005559], [0.7837091352175558, -1.2695641718029838], [0.4549095338551825, -0.9836599312863697], [0.3008639816276268, -0.9168899332062012], [0.5374574633659439, -1.2215543627281449], [0.28595168527350084, -0.9985545809540137], [0.2061089217128032, -0.975110715458336], [0.14605978973303588, -0.9668453791237981], [0.09805145489628168, -0.9683966704246497], [0.0708674903422069, -0.9950949681135981], [-2.716599408980521, -0.9091983764999699], [-0.09647667998858867, -0.8852761858985125], [-0.08557305934758355, -0.9672073416924527], [0.5009772383579175, -2.289035496100945], [-0.2615826816339419, -0.7473254452247944], [-0.24214869182731572, -0.9123982970472698], [-0.6657335286279831, -1.6078790420904445], [-0.48212845777485086, -0.5365789082222701], [-0.38883942580163594, -0.7668728410115938], [-0.5967752352783963, -1.5336546984446766], [-0.611890408437513, -0.2615253924987025], [-0.5042542306040793, -0.5958140189422155], [-0.699957978140572, -1.2968752139485789], [-0.6859545956167556, 0.0830980916233666], [-0.5750412009905758, -0.39003820428102276], [-0.8027398631269311, -1.042964342634228], [-0.6672324266645507, 0.4975579315988259], [-0.5871983637284339, -0.1618122735994583], [-0.8709263271851264, -0.7773457220284398], [-0.49953248226163455, 0.9711848716941525], [-0.5265725029722728, 0.07113692134400099], [-0.8903173835318141, -0.506193481011287], [-0.08377247536115798, 1.4467702642057505], [-0.3773830736961391, 0.2822482528212207], [-0.8503372567105996, -0.23910432540591448], [0.7047102095663567, 1.6890939750332863], [-0.11979772292036368, 0.42525398295686107], [-0.7343742813173222, 0.00964285577986583], [1.618348269698079, 1.1208053827351232], [0.26817374068014377, 0.39836345267745393], [-0.48220065263187784, 0.20600047662523466], [1.5115276752630988, -0.10372581704806437], [0.7401818768654627, -0.08420618631340114], [0.6168037566992317, -0.25469652319772146], [0.5900559847412956, -0.5824468518550053], [0.37543550075522947, -1.6226816788729863], [-1.1580029705973438, 0.7320853342408415], [-0.043283742766696436, -0.414503721739525], [-2.4827706330341983, -1.0330528511513544], [-0.5706763490314146, 0.8745882057230465], [-0.27629337394612097, -0.11520912090892743], [-2.1860211722412446, 1.2780470933139982], [-0.24695370623676505, 0.9543679339419305], [-0.2707171252483327, 0.14979781751366814], [-1.188561170094315, 2.040616397878657], [0.029166260923667274, 0.9863363851607534], [-0.14104592662439278, 0.3485203723587519], [-0.3863605706848876, 2.2488041630612194], [0.28203325922577493, 0.9658959746369097], [0.052144656835676116, 0.477757978505909], [0.3418071507166484, 2.0533991536465472], [0.5222627780459222, 0.869396912542276], [0.41072552379015953, 0.5388788299879002], [-0.4127067886925512, -0.9109455370949773], [0.6724616792364513, 0.8992050549511655], [0.429258687763264, 0.5593398158807646], [-1.6659470189965653, 3.919195550445337], [0.8304856663575652, 0.7158878175321174], [0.6308244563714097, 0.5135906546646802], [-1.9899273188162934, 2.6574353324010347], [0.9310246019649446, 0.5485625518997221], [0.7977758759981572, 0.4275471586827439], [-0.5001038287839297, 0.451027594535096], [0.9731404901692253, 0.3765698995482731], [0.9277101812161233, 0.30948906517052327], [0.9293861831890146, 0.2592407133037345], [0.9537476754378884, 0.21340558617685318], [1.0160278450811129, 0.16975970335619953], 