{"case": "canonical_frame_inset_s11", "dx_um": 98.5, "s11_dip_db": -6.806539535522461, "s11_dip_hz": 9300000768.0, "s11_max_abs": 1.3578591346740723, "freqs_hz": [7000000000.0, 7025000448.0, 7049999872.0, 7075000320.0, 7100000256.0, 7125000192.0, 7150000128.0, 7175000064.0, 7200000000.0, 7224999936.0, 7249999872.0, 7274999808.0, 7299999744.0, 7324999680.0, 7350000128.0, 7375000576.0, 7400000000.0, 7425000448.0, 7450000384.0, 7474999296.0, 7499999744.0, 7525000192.0, 7550000128.0, 7575000064.0, 7600000000.0, 7624999936.0, 7649999872.0, 7674999808.0, 7700000256.0, 7724999680.0, 7750000128.0, 7775000576.0, 7800000000.0, 7825000448.0, 7849999872.0, 7875000320.0, 7899999744.0, 7925000192.0, 7950000128.0, 7975000064.0, 8000000000.0, 8024999936.0, 8050000384.0, 8074999808.0, 8099999744.0, 8124999680.0, 8149999616.0, 8174999552.0, 8200000000.0, 8225000448.0, 8249999872.0, 8275000320.0, 8300000256.0, 8325000192.0, 8350000128.0, 8375000064.0, 8400000000.0, 8424999936.0, 8450000384.0, 8474999808.0, 8500000256.0, 8524999680.0, 8550000128.0, 8574999552.0, 8600000512.0, 8625000448.0, 8650000384.0, 8675000320.0, 8700000256.0, 8725000192.0, 8750000128.0, 8775000064.0, 8800000000.0, 8824999936.0, 8849999872.0, 8874999808.0, 8899999744.0, 8924999680.0, 8949999616.0, 8974999552.0, 9000000512.0, 9025000448.0, 9050000384.0, 9075000320.0, 9100000256.0, 9125001216.0, 9150000128.0, 9175000064.0, 9200000000.0, 9224999936.0, 9249999872.0, 9274999808.0, 9300000768.0, 9324999680.0, 9349999616.0, 9374999552.0, 9399999488.0, 9425000448.0, 9450000384.0, 9475000320.0, 9500000256.0, 9525000192.0, 9550000128.0, 9575000064.0, 9600000000.0, 9624999936.0, 9649999872.0, 9674999808.0, 9699999744.0, 9724999680.0, 9749999616.0, 9774999552.0, 9799999488.0, 9825000448.0, 9850000384.0, 9874999296.0, 9900000256.0, 9925000192.0, 9950000128.0, 9975000064.0, 10000000000.0, 10025000960.0, 10049999872.0, 10074999808.0, 10099999744.0, 10125000704.0, 10150000640.0, 10174999552.0, 10200000512.0, 10225000448.0, 10250000384.0, 10275000320.0, 10300000256.0, 10325000192.0, 10350000128.0, 10375000064.0, 10400000000.0, 10424999936.0, 10449999872.0, 10474999808.0, 10499999744.0, 10525000704.0, 10549999616.0, 10574999552.0, 10600000512.0, 10625000448.0, 10650000384.0, 10675000320.0, 10700000256.0, 10725000192.0, 10749999104.0, 10775000064.0, 10800000000.0, 10824999936.0, 10850000896.0, 10874999808.0, 10900000768.0, 10925000704.0, 10949999616.0, 10975000576.0, 11000000512.0, 11025000448.0, 11050000384.0, 11075000320.0, 11100000256.0, 11125000192.0, 11150000128.0, 11175000064.0, 11200000000.0, 11224999936.0, 11250000896.0, 11274999808.0, 11300000768.0, 11324999680.0, 11349999616.0, 11374999552.0, 11400000512.0, 11425000448.0, 11450000384.0, 11475000320.0, 11500000256.0, 11525000192.0, 11550000128.0, 11575000064.0, 11600000000.0, 11625000960.0, 11650000896.0, 11674999808.0, 11699999744.0, 11725000704.0, 11749999616.0, 11774999552.0, 11800000512.0, 11825000448.0, 11850000384.0, 11875000320.0, 11900000256.0, 11925000192.0, 11950000128.0, 11975000064.0, 12000000000.0], "s11": [[0.9645544290542603, 0.18597538769245148], [0.9669926762580872, 0.1711009293794632], [0.9691465497016907, 0.15619057416915894], [0.9711273312568665, 0.1412261426448822], [0.97286057472229, 0.12612982094287872], [0.9743149280548096, 0.11098679900169373], [0.9755775332450867, 0.09578721225261688], [0.9765857458114624, 0.08047086745500565], [0.9773122072219849, 0.06511048972606659], [0.977828860282898, 0.04969555512070656], [0.9780843257904053, 0.03417167812585831], [0.9780511260032654, 0.018608029931783676], [0.977791428565979, 0.0029931676108390093], [0.9772596955299377, -0.01271891687065363], [0.9764320254325867, -0.028468696400523186], [0.9753603935241699, -0.04426373913884163], [0.9740042686462402, -0.06014659255743027], [0.9723401665687561, -0.07606552541255951], [0.9704149961471558, -0.0920204147696495], [0.9681923985481262, -0.10805255174636841], [0.9656463861465454, -0.12411069869995117], [0.9628199338912964, -0.1402052342891693], [0.9596785306930542, -0.15637190639972687], [0.95619797706604, -0.17255336046218872], [0.9524163603782654, -0.18875502049922943], [0.9482983946800232, -0.20501185953617096], [0.9438201189041138, -0.2212929129600525], [0.9390150904655457, -0.23758664727210999], [0.9338505864143372, -0.25391197204589844], [0.9282969832420349, -0.2702423334121704], [0.9223881959915161, -0.28657686710357666], [0.916096031665802, -0.3029475510120392], [0.9093841314315796, -0.31929728388786316], [0.9022679328918457, -0.3356257677078247], [0.8947295546531677, -0.35196900367736816], [0.8867360353469849, -0.3682760000228882], [0.8783021569252014, -0.3845461308956146], [0.8693891763687134, -0.4008067846298218], [0.8599477410316467, -0.41699862480163574], [0.8500053882598877, -0.43310436606407166], [0.8395400047302246, -0.4491536021232605], [0.8284655809402466, -0.4651162922382355], [0.8167644143104553, -0.4809366464614868], [0.8044325709342957, -0.49660465121269226], [0.7914001941680908, -0.5120965838432312], [0.7775876522064209, -0.5273756980895996], [0.7629074454307556, -0.5423775315284729], [0.7472991943359375, -0.5570198893547058], [0.7306140065193176, -0.571199357509613], [0.7126272320747375, -0.5848182439804077], [0.6930537223815918, -0.597663402557373], [0.6714525818824768, -0.6094147562980652], [0.6470473408699036, -0.6196110844612122], [0.6182621717453003, -0.6274591684341431], [0.5818366408348083, -0.6314793229103088], [0.5290155410766602, -0.6289266347885132], [0.4274704158306122, -0.6173166632652283], [0.09957189857959747, -0.7172793745994568], [0.5748599171638489, -1.2301697731018066], [0.6401053071022034, -0.9568686485290527], [0.5943193435668945, -0.8906985521316528], [0.5530638098716736, -0.8702027201652527], [0.515735387802124, -0.8645383715629578], [0.4801313579082489, -0.8650878071784973], [0.4449906051158905, -0.8684769868850708], [0.4095892906188965, -0.8730692863464355], [0.37347444891929626, -0.8779534101486206], [0.33624398708343506, -0.8825569748878479], [0.2976560890674591, -0.8864069581031799], [0.25758829712867737, -0.8890661597251892], [0.2158498466014862, -0.8901906609535217], [0.17234304547309875, -0.8893725872039795], [0.12694869935512543, -0.8862254023551941], [0.07964873313903809, -0.880267322063446], [0.030432887375354767, -0.8710092902183533], [-0.020605407655239105, -0.8579031229019165], [-0.07334617525339127, -0.8403154015541077], [-0.12751111388206482, -0.8175400495529175], [-0.18269158899784088, -0.7888380289077759], [-0.23831377923488617, -0.7534215450286865], [-0.29358452558517456, -0.7104597091674805], [-0.34737685322761536, -0.659173309803009], [-0.39834582805633545, -0.5988873243331909], [-0.44473883509635925, -0.5291176438331604], [-0.48449012637138367, -0.4497101902961731], [-0.5152172446250916, -0.36100947856903076], [-0.5343990921974182, -0.26400139927864075], [-0.5394968390464783, -0.16044923663139343], [-0.5282954573631287, -0.05299321934580803], [-0.49921202659606934, 0.054930757731199265], [-0.45163336396217346, 0.15925876796245575], [-0.3861861824989319, 0.25569090247154236], [-0.3048121929168701, 0.3401540517807007], [-0.210630863904953, 0.4092385768890381], [-0.10758671164512634, 0.4607025384902954], [-8.525687007931992e-06, 0.4935840666294098], [0.10792944580316544, 0.5081883668899536], [0.2125413715839386, 0.5059000253677368], [0.31088510155677795, 0.4888247847557068], [0.4010511040687561, 0.45955169200897217], [0.4818670153617859, 0.42065131664276123], [0.5527450442314148, 0.374566912651062], [0.6137803792953491, 0.3235451281070709], [0.6654482483863831, 0.2694622874259949], [0.7084196209907532, 0.21378009021282196], [0.7434708476066589, 0.15763284265995026], [0.771407425403595, 0.10197439044713974], [0.7930638194084167, 0.04743839427828789], [0.8092346787452698, -0.005549052730202675], [0.8206532597541809, -0.05669053643941879], [0.8279222249984741, -0.10579363256692886], [0.8316066861152649, -0.15278072655200958], [0.8322028517723083, -0.19761885702610016], 