{"case": "canonical_frame_shielded-harminv", "dx_um": 197.0, "modes": [[6627036611.310724, 662415.71549395, 0.005877164503105977], [9131099725.282866, 3949547.309048316, 0.003053606291276065], [11114183210.815432, 666353.6306245073, 0.0011016839412210278], [6791293840.641847, 10641.965801448623, 0.0009439853937470571], [10764451700.193005, 12817.40289996353, 0.0002346564929968625], [11585927850.42734, 31711.953681539646, 0.00020015641761434707]]}