{"case": "thru_sanity", "freqs_hz": [1500000000.0, 1512500096.0, 1525000064.0, 1537500160.0, 1550000000.0, 1562500096.0, 1574999936.0, 1587500032.0, 1600000000.0, 1612500096.0, 1625000064.0, 1637500032.0, 1650000000.0, 1662500096.0, 1674999936.0, 1687500032.0, 1700000000.0, 1712500096.0, 1725000064.0, 1737500032.0, 1750000000.0, 1762500096.0, 1775000064.0, 1787500032.0, 1800000000.0, 1812499968.0, 1824999936.0, 1837500032.0, 1850000128.0, 1862500096.0, 1875000064.0, 1887500032.0, 1900000000.0, 1912500096.0, 1924999936.0, 1937500032.0, 1950000128.0, 1962500096.0, 1975000064.0, 1987500032.0, 2000000000.0, 2012499968.0, 2024999936.0, 2037500032.0, 2050000128.0, 2062500096.0, 2075000064.0, 2087500032.0, 2100000000.0, 2112499968.0, 2125000192.0, 2137500032.0, 2150000128.0, 2162500096.0, 2175000064.0, 2187500032.0, 2200000000.0, 2212499968.0, 2225000192.0, 2237499904.0, 2250000128.0, 2262499840.0, 2275000064.0, 2287500032.0, 2300000000.0, 2312500224.0, 2325000192.0, 2337500160.0, 2350000128.0, 2362500096.0, 2375000064.0, 2387500032.0, 2400000000.0, 2412500224.0, 2425000192.0, 2437500160.0, 2450000128.0, 2462500096.0, 2475000064.0, 2487500288.0, 2500000000.0, 2512500224.0, 2524999936.0, 2537500160.0, 2550000128.0, 2562500096.0, 2575000064.0, 2587500032.0, 2600000256.0, 2612499968.0, 2624999936.0, 2637499904.0, 2650000128.0, 2662500096.0, 2675000064.0, 2687500032.0, 2700000256.0, 2712500224.0, 2724999936.0, 2737500160.0, 2750000128.0, 2762500096.0, 2775000064.0, 2787500288.0, 2800000256.0, 2812499968.0, 2824999936.0, 2837500160.0, 2850000128.0, 2862500096.0, 2875000064.0, 2887500288.0, 2900000256.0, 2912500224.0, 2924999936.0, 2937500160.0, 2950000128.0, 2962500096.0, 2975000064.0, 2987500288.0, 3000000000.0], "s11": [[0.9586614370346069, -0.26516202092170715], [0.9463554620742798, -0.30563005805015564], [0.9322142004966736, -0.3457338511943817], [0.9163158535957336, -0.38542672991752625], [0.8985782861709595, -0.42467832565307617], [0.8790044784545898, -0.46335992217063904], [0.8576291799545288, -0.5014917850494385], [0.834320604801178, -0.5389516949653625], [0.8091987371444702, -0.5756208896636963], [0.7821757793426514, -0.6115492582321167], [0.7532053589820862, -0.6465268135070801], [0.7224172353744507, -0.6804776191711426], [0.6896440982818604, -0.7134159803390503], [0.6549339890480042, -0.7450768947601318], [0.6184007525444031, -0.7754614353179932], [0.579843282699585, -0.8044566512107849], [0.5394297242164612, -0.8318150043487549], [0.4971609115600586, -0.8575804233551025], [0.452899307012558, -0.8815158009529114], [0.406938761472702, -0.9034300446510315], [0.3591737449169159, -0.9233251214027405], [0.30959343910217285, -0.940878689289093], [0.25848960876464844, -0.9560239315032959], [0.20570066571235657, -0.9686227440834045], [0.15144950151443481, -0.9783756136894226], [0.09592725336551666, -0.9852667450904846], [0.03906451165676117, -0.9890358448028564], [-0.01876044273376465, -0.98945152759552], [-0.07746174931526184, -0.9865426421165466], [-0.1369355320930481, -0.9799553155899048], [-0.19673608243465424, -0.9696018695831299], [-0.256814181804657, -0.9554582238197327], [-0.3168211281299591, -0.937175989151001], [-0.3763936161994934, -0.9148433208465576], [-0.43536779284477234, -0.8883399367332458], [-0.49323171377182007, -0.8574962615966797], [-0.5497385263442993, -0.8224905133247375], [-0.6045279502868652, -0.7831884026527405], [-0.657071053981781, -0.739662766456604], [-0.707170844078064, -0.6921409964561462], [-0.7543454766273499, -0.6405315399169922], [-0.7981060743331909, -0.5852439403533936], [-0.8383285999298096, -0.5264309644699097], [-0.8744233846664429, -0.46423763036727905], [-0.9061269760131836, -0.399268239736557], [-0.9332895278930664, -0.3316326439380646], [-0.9553588628768921, -0.26180893182754517], [-0.9723871350288391, -0.19038838148117065], [-0.9841271638870239, -0.1175292432308197], [-0.9902967214584351, -0.043994441628456116], [-0.9911625981330872, 0.02980797551572323], [-0.9864266514778137, 0.10354582965373993], [-0.9762357473373413, 0.17639487981796265], [-0.9608740210533142, 0.2481757551431656], [-0.9401583075523376, 0.31832706928253174], [-0.9146250486373901, 0.3862457871437073], [-0.8844165205955505, 0.4518662095069885], [-0.8496660590171814, 0.514499306678772], [-0.8110436201095581, 0.5739495158195496], [-0.7685657143592834, 0.6300809383392334], [-0.7227305173873901, 0.6823269724845886], [-0.6740810871124268, 0.7308225631713867], [-0.6226456165313721, 0.775283694267273], [-0.5691514611244202, 0.8155003190040588], [-0.5138518214225769, 0.8517084121704102], [-0.4569518268108368, 0.8835815787315369], [-0.39915192127227783, 0.9112852215766907], [-0.3404500186443329, 0.9349549412727356], [-0.2813189625740051, 0.9543914794921875], [-0.22216671705245972, 0.9699913859367371], [-0.16295850276947021, 0.9817060828208923], [-0.10426327586174011, 0.989599883556366], [-0.04612953960895538, 0.9940935373306274], [0.011285161599516869, 0.9950268268585205], [0.06757081300020218, 0.9927460551261902], [0.1228579729795456, 0.9874433875083923], [0.1768203228712082, 0.9790691137313843], [0.22931711375713348, 0.9680669903755188], [0.28045687079429626, 0.9544250965118408], [0.3298928439617157, 0.9382976293563843], [0.37771090865135193, 0.9200335741043091], [0.4238795042037964, 0.8995094895362854], [0.4681631028652191, 0.877079427242279], [0.5107852220535278, 0.8528361916542053], [0.5515284538269043, 0.8268041014671326], [0.5903813242912292, 0.7993049621582031], [0.6274903416633606, 0.7703150510787964], [0.6626478433609009, 0.739946722984314], [0.695984423160553, 0.7084368467330933], [0.7274870276451111, 0.6757265329360962], [0.7570720911026001, 0.6420066952705383], [0.7848808765411377, 0.6073775887489319], [0.8108237981796265, 0.5718289017677307], [0.8349311351776123, 0.535548746585846], [0.8572783470153809, 0.4985423982143402], [0.8777727484703064, 0.46088775992393494], [0.8965131044387817, 0.4226945638656616], [0.913490891456604, 0.3839510679244995], [0.9286753535270691, 0.3447699248790741], [0.9421452879905701, 0.30520161986351013], [0.9538612365722656, 0.26525530219078064], [0.9638444781303406, 0.22503477334976196], [0.9721222519874573, 0.18455182015895844], [0.9786654114723206, 0.14385756850242615], [0.9835094213485718, 0.10301388055086136], [0.9866414666175842, 0.06204011291265488], [0.9880616068840027, 0.020997265353798866], [0.987778902053833, -0.020085617899894714], [0.9857776761054993, -0.06115633249282837], [0.9820684790611267, -0.10217646509408951], [0.9766241908073425, -0.14310653507709503], [0.9694595336914062, -0.18388795852661133], [0.9605530500411987, -0.22449994087219238], [0.949876070022583, -0.2648645341396332], [0.9374616146087646, -0.3049428462982178], [0.9232466816902161, -0.34471338987350464], [0.9072366952896118, -0.38405439257621765], [0.8894333839416504, -0.4229712188243866], [0.869765043258667, -0.4613809883594513], [0.848278284072876, -0.4991784691810608], [0.8249250054359436, -0.5363664627075195]], "runtime_s": 331.1989550590515}