{"case": "canonical_frame_inset_s11", "dx_um": 197.0, "s11_dip_db": -7.035719871520996, "s11_dip_hz": 9249999872.0, "s11_max_abs": 0.9772910475730896, "freqs_hz": [7000000000.0, 7025000448.0, 7049999872.0, 7075000320.0, 7100000256.0, 7125000192.0, 7150000128.0, 7175000064.0, 7200000000.0, 7224999936.0, 7249999872.0, 7274999808.0, 7299999744.0, 7324999680.0, 7350000128.0, 7375000576.0, 7400000000.0, 7425000448.0, 7450000384.0, 7474999296.0, 7499999744.0, 7525000192.0, 7550000128.0, 7575000064.0, 7600000000.0, 7624999936.0, 7649999872.0, 7674999808.0, 7700000256.0, 7724999680.0, 7750000128.0, 7775000576.0, 7800000000.0, 7825000448.0, 7849999872.0, 7875000320.0, 7899999744.0, 7925000192.0, 7950000128.0, 7975000064.0, 8000000000.0, 8024999936.0, 8050000384.0, 8074999808.0, 8099999744.0, 8124999680.0, 8149999616.0, 8174999552.0, 8200000000.0, 8225000448.0, 8249999872.0, 8275000320.0, 8300000256.0, 8325000192.0, 8350000128.0, 8375000064.0, 8400000000.0, 8424999936.0, 8450000384.0, 8474999808.0, 8500000256.0, 8524999680.0, 8550000128.0, 8574999552.0, 8600000512.0, 8625000448.0, 8650000384.0, 8675000320.0, 8700000256.0, 8725000192.0, 8750000128.0, 8775000064.0, 8800000000.0, 8824999936.0, 8849999872.0, 8874999808.0, 8899999744.0, 8924999680.0, 8949999616.0, 8974999552.0, 9000000512.0, 9025000448.0, 9050000384.0, 9075000320.0, 9100000256.0, 9125001216.0, 9150000128.0, 9175000064.0, 9200000000.0, 9224999936.0, 9249999872.0, 9274999808.0, 9300000768.0, 9324999680.0, 9349999616.0, 9374999552.0, 9399999488.0, 9425000448.0, 9450000384.0, 9475000320.0, 9500000256.0, 9525000192.0, 9550000128.0, 9575000064.0, 9600000000.0, 9624999936.0, 9649999872.0, 9674999808.0, 9699999744.0, 9724999680.0, 9749999616.0, 9774999552.0, 9799999488.0, 9825000448.0, 9850000384.0, 9874999296.0, 9900000256.0, 9925000192.0, 9950000128.0, 9975000064.0, 10000000000.0, 10025000960.0, 10049999872.0, 10074999808.0, 10099999744.0, 10125000704.0, 10150000640.0, 10174999552.0, 10200000512.0, 10225000448.0, 10250000384.0, 10275000320.0, 10300000256.0, 10325000192.0, 10350000128.0, 10375000064.0, 10400000000.0, 10424999936.0, 10449999872.0, 10474999808.0, 10499999744.0, 10525000704.0, 10549999616.0, 10574999552.0, 10600000512.0, 10625000448.0, 10650000384.0, 10675000320.0, 10700000256.0, 10725000192.0, 10749999104.0, 10775000064.0, 10800000000.0, 10824999936.0, 10850000896.0, 10874999808.0, 10900000768.0, 10925000704.0, 10949999616.0, 10975000576.0, 11000000512.0, 11025000448.0, 11050000384.0, 11075000320.0, 11100000256.0, 11125000192.0, 11150000128.0, 11175000064.0, 11200000000.0, 11224999936.0, 11250000896.0, 11274999808.0, 11300000768.0, 11324999680.0, 11349999616.0, 11374999552.0, 11400000512.0, 11425000448.0, 11450000384.0, 11475000320.0, 11500000256.0, 11525000192.0, 11550000128.0, 11575000064.0, 11600000000.0, 11625000960.0, 11650000896.0, 11674999808.0, 11699999744.0, 11725000704.0, 11749999616.0, 11774999552.0, 11800000512.0, 11825000448.0, 11850000384.0, 11875000320.0, 11900000256.0, 11925000192.0, 11950000128.0, 11975000064.0, 12000000000.0], "s11": [[0.9708206653594971, 0.11227186769247055], [0.9722299575805664, 0.09569921344518661], [0.97334885597229, 0.07881815731525421], [0.9739760160446167, 0.0619722381234169], [0.9744807481765747, 0.045172907412052155], [0.9746862053871155, 0.028111496940255165], [0.974419116973877, 0.011077326722443104], [0.9739923477172852, -0.005917029920965433], [0.9732562303543091, -0.023136144503951073], [0.9720571041107178, -0.04032878205180168], [0.9706643223762512, -0.057482633739709854], [0.9689529538154602, -0.07482985407114029], [0.9667811989784241, -0.09214667975902557], [0.9643857479095459, -0.10942122340202332], [0.9616596698760986, -0.12686008214950562], [0.9584707021713257, -0.14426451921463013], [0.9550304412841797, -0.16161958873271942], [0.9512460827827454, -0.17911088466644287], [0.9469929337501526, -0.1965619921684265], [0.9424600005149841, -0.21394935250282288], [0.9375660419464111, -0.23144949972629547], [0.9321946501731873, -0.24889986217021942], [0.926515519618988, -0.2662760317325592], [0.9204548597335815, -0.2837299108505249], [0.9139037132263184, -0.30112412571907043], [0.9070127606391907, -0.3184303939342499], [0.8997222185134888, -0.33578357100486755], [0.8919187188148499, -0.35305848717689514], [0.8837411999702454, -0.3702230751514435], [0.875140368938446, -0.38740357756614685], [0.8659981489181519, -0.4044853150844574], [0.8564450144767761, -0.4214257597923279], [0.8464321494102478, -0.43834036588668823], [0.8358520269393921, -0.45513004064559937], [0.824813187122345, -0.4717356264591217], [0.8132743835449219, -0.48826277256011963], [0.8011206984519958, -0.5046167373657227], [0.7884522080421448, -0.5207309722900391], [0.7752297520637512, -0.5366952419281006], [0.7613382339477539, -0.552405834197998], [0.7468618750572205, -0.567776083946228], [0.7317601442337036, -0.5828754901885986], [0.7159157991409302, -0.5975884795188904], [0.6993953585624695, -0.6117676496505737], [0.6821629405021667, -0.6254409551620483], [0.6641098260879517, -0.6384173035621643], [0.6452929973602295, -0.6504404544830322], [0.6257447600364685, -0.6613688468933105], [0.605426013469696, -0.6707749366760254], [0.5846113562583923, -0.6779962182044983], [0.5638995170593262, -0.682307243347168], [0.5444505214691162, -0.6824905872344971], [0.5295586585998535, -0.6771540641784668], [0.5262512564659119, -0.6675894260406494], [0.5432857275009155, -0.6652994155883789], [0.5707816481590271, -0.6957394480705261], [0.5694105625152588, -0.7559776902198792], [0.5341692566871643, -0.8076519966125488], [0.4884309768676758, -0.8398891687393188], [0.44312676787376404, -0.8596813082695007], [0.40021806955337524, -0.8727120161056519], [0.35920417308807373, -0.882075309753418], [0.31908178329467773, -0.8891035318374634], [0.27919667959213257, -0.8941927552223206], [0.23912115395069122, -0.8975746631622314], [0.198405459523201, -0.8992485404014587], [0.15679779648780823, -0.8989976048469543], [0.11418093740940094, -0.8966530561447144], [0.07037296146154404, -0.8919841647148132], [0.025283949449658394, -0.8846141695976257], [-0.02104172110557556, -0.8741865754127502], [-0.06862560659646988, -0.8603232502937317], [-0.1173577606678009, -0.8424813747406006], [-0.1670137196779251, -0.8201588988304138], [-0.21732185781002045, -0.7927945852279663], [-0.2678805887699127, -0.7597151398658752], [-0.31804537773132324, -0.7202625274658203], [-0.3670332729816437, -0.6738099455833435], [-0.41384053230285645, -0.6196886301040649], [-0.4571155607700348, -0.5573859810829163], [-0.4952627122402191, -0.48660221695899963], [-0.5264061093330383, -0.4072880446910858], [-0.5483357906341553, -0.3198431432247162], [-0.5587356686592102, -0.2253313660621643], [-0.5553441643714905, -0.12543968856334686], [-0.5360490679740906, -0.0226837657392025], [-0.4994179904460907, 0.07956519722938538], [-0.44492387771606445, 0.17743857204914093], [-0.3731134533882141, 0.2667248547077179], [-0.2859567701816559, 0.343303918838501], [-0.18661542236804962, 0.40381500124931335], [-0.07906796038150787, 0.4459461271762848], [0.03214467316865921, 0.4686323404312134], [0.14257460832595825, 0.47232866287231445], [0.2484024316072464, 0.4585378170013428], [0.3465301990509033, 0.42962533235549927], [0.43487295508384705, 0.3884448707103729], [0.5122998952865601, 0.3379061818122864], [0.5784050822257996, 0.28075093030929565], [0.6334152817726135, 0.21942833065986633], [0.6779997944831848, 0.1559518724679947], [0.7130220532417297, 0.09190274029970169], [0.7394819855690002, 0.028521208092570305], [0.7584344744682312, -0.0333191379904747], [0.7708451151847839, -0.09302596002817154], [0.7776318192481995, -0.15018704533576965], [0.7796458601951599, -0.2045736312866211], [0.777595043182373, -0.25610727071762085], [0.7721149921417236, -0.30474111437797546], [0.7637652158737183, -0.3505319654941559], [0.7530114650726318, -0.3935796022415161], [0.7402356863021851, -0.4339745044708252], [0.7257998585700989, -0.471845418214798], [0.709976077079773,