{"case": "xband_inset_patch_issue80_frame", "inset_mm": 2.4, "notch_gap_mm": 0.9, "runtime_s": 926.9212584495544, "num_periods": 200.0, "s11_dip_db": -12.022279739379883, "s11_dip_hz": 10106251264.0, "s11_at_target_db": -1.3622187376022339, "zin_at_dip_ohm": [48.00274658203125, 25.279029846191406], "zin_at_target_ohm": [7.206256866455078, -45.613494873046875], "s11_max_abs": 0.9986515641212463, "freqs_hz": [1500000000.0, 1584375040.0, 1668750080.0, 1753124992.0, 1837500160.0, 1921875072.0, 2006249984.0, 2090625024.0, 2175000064.0, 2259375104.0, 2343750144.0, 2428125184.0, 2512500224.0, 2596875008.0, 2681250304.0, 2765625088.0, 2850000128.0, 2934375168.0, 3018749952.0, 3103125248.0, 3187500032.0, 3271875072.0, 3356250112.0, 3440625152.0, 3525000192.0, 3609375232.0, 3693750272.0, 3778125312.0, 3862500352.0, 3946875392.0, 4031250176.0, 4115625216.0, 4200000256.0, 4284375296.0, 4368750592.0, 4453125120.0, 4537500160.0, 4621875200.0, 4706250240.0, 4790625280.0, 4875000320.0, 4959375360.0, 5043750400.0, 5128125440.0, 5212500480.0, 5296875520.0, 5381250048.0, 5465625600.0, 5550000128.0, 5634375680.0, 5718750208.0, 5803125760.0, 5887500288.0, 5971875840.0, 6056250368.0, 6140625408.0, 6225000448.0, 6309375488.0, 6393750528.0, 6478125568.0, 6562500608.0, 6646875648.0, 6731250688.0, 6815625728.0, 6900000768.0, 6984375296.0, 7068750336.0, 7153125376.0, 7237500416.0, 7321875456.0, 7406250496.0, 7490625536.0, 7575000576.0, 7659375616.0, 7743750656.0, 7828125696.0, 7912500736.0, 7996875264.0, 8081250816.0, 8165625344.0, 8250000896.0, 8334375424.0, 8418750976.0, 8503125504.0, 8587500544.0, 8671875072.0, 8756250624.0, 8840626176.0, 8925000704.0, 9009375232.0, 9093750784.0, 9178125312.0, 9262500864.0, 9346875392.0, 9431250944.0, 9515626496.0, 9600000000.0, 9684375552.0, 9768751104.0, 9853125632.0, 9937500160.0, 10021875712.0, 10106251264.0, 10190625792.0, 10275000320.0, 10359375872.0, 10443751424.0, 10528124928.0, 10612500480.0, 10696876032.0, 10781251584.0, 10865625088.0, 10950000640.0, 11034376192.0, 11118751744.0, 11203125248.0, 11287500800.0, 11371876352.0, 11456250880.0, 11540625408.0, 11625000960.0, 11709376512.0, 11793751040.0, 11878125568.0, 11962501120.0, 12046876672.0, 12131251200.0, 12215625728.0, 12300001280.0, 12384375808.0, 12468750336.0, 12553125888.0, 12637501440.0, 12721875968.0, 12806250496.0, 12890626048.0, 12975001600.0, 13059376128.0, 13143750656.0, 13228126208.0, 13312500736.0, 13396876288.0, 13481250816.0, 13565626368.0, 13650000896.0, 13734376448.0, 13818750976.0, 13903126528.0, 13987501056.0, 14071876608.0, 14156251136.0, 14240625664.0, 14325001216.0, 14409376768.0, 14493751296.0, 14578125824.0, 14662501376.0, 14746876928.0, 14831251456.0, 14915625984.0, 15000000512.0], "s11": [[-0.9350553750991821, -0.3499302268028259], [-0.9572557210922241, -0.28379204869270325], [-0.9740597605705261, -0.21947024762630463], [-0.9860950112342834, -0.15701454877853394], [-0.993886411190033, -0.09641757607460022], [-0.9978744387626648, -0.037658996880054474], [-0.998426616191864, 0.019307075068354607], [-0.9958527088165283, 0.07452420890331268], [-0.9904070496559143, 0.12804603576660156], [-0.9823113679885864, 0.17991513013839722], [-0.9717499017715454, 0.23017866909503937], [-0.9588797092437744, 0.2788749933242798], [-0.943832278251648, 0.3260398209095001], [-0.9267209768295288, 0.37169885635375977], [-0.9076499938964844, 0.41585439443588257], [-0.8866915702819824, 0.45853495597839355], [-0.863932728767395, 0.4997117221355438], [-0.8394142389297485, 0.5394297242164612], [-0.8132263422012329, 0.5776357650756836], [-0.7854302525520325, 0.6142507791519165], [-0.7561521530151367, 0.6493085622787476], [-0.7254297137260437, 0.68281489610672], [-0.6932940483093262, 0.7146834135055542], [-0.659911036491394, 0.7449964880943298], [-0.6253193616867065, 0.7737284898757935], [-0.5895106792449951, 0.800908625125885], [-0.5525110363960266, 0.8265366554260254], [-0.514336109161377, 0.8505858182907104], [-0.47500309348106384, 0.8730157017707825], [-0.4345364570617676, 0.893750786781311], [-0.39292609691619873, 0.9127655029296875], [-0.3502196967601776, 0.929943859577179], [-0.3064584732055664, 0.9452490210533142], [-0.2616633474826813, 0.9586023092269897], [-0.21594004333019257, 0.969901442527771], [-0.1693393588066101, 0.9790635704994202], [-0.12191583961248398, 0.9860429167747498], [-0.07382044196128845, 0.9907134175300598], [-0.02508619800209999, 0.9930680394172668], [0.024185623973608017, 0.9929789304733276], [0.07384408265352249, 0.9903668761253357], [0.1237826868891716, 0.9852118492126465], [0.1739000529050827, 0.9774042367935181], [0.22407010197639465, 0.9668926000595093], [0.2741088271141052, 0.9536473155021667], [0.32386505603790283, 0.9376121163368225], [0.37320685386657715, 0.9187492728233337], [0.42194411158561707, 0.897013247013092], [0.4698999226093292, 0.8724167346954346], [0.5168980360031128, 0.8449387550354004], [0.5627251863479614, 0.8146019577980042], [0.6072091460227966, 0.7814093232154846], [0.6501458287239075, 0.7454016208648682], [0.691320538520813, 0.7066456079483032], [0.730560839176178, 0.6651748418807983], [0.7676193118095398, 0.621118426322937], [0.8023162484169006, 0.5745569467544556], [0.8344522714614868, 0.525609016418457], [0.8638216257095337, 0.47443339228630066], [0.8902470469474792, 0.421175479888916], [0.9135432839393616, 0.36601942777633667], [0.9335508346557617, 0.3091544210910797], [0.9501162767410278, 0.2507811486721039], [0.9631010890007019, 0.19112509489059448], [0.9723739624023438, 0.13042035698890686], [0.9778258800506592, 0.06890197098255157], [0.9793472290039062, 0.006799377966672182], [0.9767717719078064, -0.05570106580853462], [0.9694177508354187, -0.11838817596435547], [0.9575709700584412, -0.17738333344459534], [0.9455310702323914, -0.23842072486877441], [0.9276406764984131, -0.29932230710983276], [0.9054678678512573, -0.35882484912872314], [0.8793298602104187, -0.4167967736721039], [0.8493536710739136, -0.4730283319950104], [0.8156561851501465, -0.5272891521453857], [0.7783545255661011, -0.5793318152427673], [0.7375659346580505, -0.6289403438568115], [0.6934309601783752, -0.6758867502212524], [0.6460978388786316, -0.7199532389640808], [0.5956932902336121, -0.7609458565711975], [0.5423890352249146, -0.7986602187156677], [0.48636433482170105, -0.8329132199287415], [0.42778587341308594, -0.8635395169258118], [0.3669232428073883, -0.8903391361236572], [0.3041078448295593, -0.9132542610168457], [0.23989318311214447, -0.9321559071540833], [0.1754854917526245, -0.9469656348228455], [0.11359576880931854, -0.9571113586425781], [0.060843538492918015, -0.9582582116127014], [0.019700130447745323, -0.9257298111915588], [-0.06864722073078156, -0.8520875573158264], [-0.18659549951553345, -0.8140488862991333], [-0.28550317883491516, -0.7818756103515625], [-0.37349358201026917, -0.7337268590927124], [-0.4546233117580414, -0.6644600033760071], [-0.5265757441520691, -0.5700716972351074], [-0.5816873908042908, -0.4460180699825287], [-0.6053464412689209, -0.2891891300678253], [-0.5739161968231201, -0.10383807122707367], [-0.4577346444129944, 0.08660122007131577], [-0.24052129685878754, 0.22734183073043823], [0.04327528923749924, 0.24677953124046326], [0.30122867226600647, 0.11744298040866852], [0.4511864185333252, -0.105842724442482], [0.482224702835083, -0.33896008133888245], [0.4318799376487732, -0.5314743518829346], [0.3408925235271454, -0.6717357635498047], [0.23563843965530396, -0.7665267586708069], [0.12965522706508636, -0.8266893625259399], [0.028903009369969368, -0.861714243888855], [-0.06449864059686661, -0.8786821365356445], [-0.15023364126682281, -0.8826096057891846], [-0.22860372066497803, -0.8769834637641907], [-0.30025890469551086, -0.8642039895057678], [-0.36584094166755676, -0.8459609746932983], [-0.42597541213035583, -0.8234508037567139], [-0.4812430739402771, -0.7975629568099976], [-0.5320901274681091, -0.768947184085846], [-0.5789214968681335, -0.7380927205085754], [-0.6220604181289673, -0.7053768038749695], 