{"case": "xband_inset_patch_issue80_frame", "inset_mm": 2.4, "notch_gap_mm": 0.9, "runtime_s": 35.237425088882446, "num_periods": 200.0, "s11_dip_db": -30.25484275817871, "s11_dip_hz": 10359375872.0, "s11_at_target_db": -0.34900590777397156, "zin_at_dip_ohm": [51.263999938964844, 2.842517375946045], "zin_at_target_ohm": [5.217820167541504, -102.30174255371094], "s11_max_abs": 0.9996938109397888, "freqs_hz": [1500000000.0, 1584375040.0, 1668750080.0, 1753124992.0, 1837500160.0, 1921875072.0, 2006249984.0, 2090625024.0, 2175000064.0, 2259375104.0, 2343750144.0, 2428125184.0, 2512500224.0, 2596875008.0, 2681250304.0, 2765625088.0, 2850000128.0, 2934375168.0, 3018749952.0, 3103125248.0, 3187500032.0, 3271875072.0, 3356250112.0, 3440625152.0, 3525000192.0, 3609375232.0, 3693750272.0, 3778125312.0, 3862500352.0, 3946875392.0, 4031250176.0, 4115625216.0, 4200000256.0, 4284375296.0, 4368750592.0, 4453125120.0, 4537500160.0, 4621875200.0, 4706250240.0, 4790625280.0, 4875000320.0, 4959375360.0, 5043750400.0, 5128125440.0, 5212500480.0, 5296875520.0, 5381250048.0, 5465625600.0, 5550000128.0, 5634375680.0, 5718750208.0, 5803125760.0, 5887500288.0, 5971875840.0, 6056250368.0, 6140625408.0, 6225000448.0, 6309375488.0, 6393750528.0, 6478125568.0, 6562500608.0, 6646875648.0, 6731250688.0, 6815625728.0, 6900000768.0, 6984375296.0, 7068750336.0, 7153125376.0, 7237500416.0, 7321875456.0, 7406250496.0, 7490625536.0, 7575000576.0, 7659375616.0, 7743750656.0, 7828125696.0, 7912500736.0, 7996875264.0, 8081250816.0, 8165625344.0, 8250000896.0, 8334375424.0, 8418750976.0, 8503125504.0, 8587500544.0, 8671875072.0, 8756250624.0, 8840626176.0, 8925000704.0, 9009375232.0, 9093750784.0, 9178125312.0, 9262500864.0, 9346875392.0, 9431250944.0, 9515626496.0, 9600000000.0, 9684375552.0, 9768751104.0, 9853125632.0, 9937500160.0, 10021875712.0, 10106251264.0, 10190625792.0, 10275000320.0, 10359375872.0, 10443751424.0, 10528124928.0, 10612500480.0, 10696876032.0, 10781251584.0, 10865625088.0, 10950000640.0, 11034376192.0, 11118751744.0, 11203125248.0, 11287500800.0, 11371876352.0, 11456250880.0, 11540625408.0, 11625000960.0, 11709376512.0, 11793751040.0, 11878125568.0, 11962501120.0, 12046876672.0, 12131251200.0, 12215625728.0, 12300001280.0, 12384375808.0, 12468750336.0, 12553125888.0, 12637501440.0, 12721875968.0, 12806250496.0, 12890626048.0, 12975001600.0, 13059376128.0, 13143750656.0, 13228126208.0, 13312500736.0, 13396876288.0, 13481250816.0, 13565626368.0, 13650000896.0, 13734376448.0, 13818750976.0, 13903126528.0, 13987501056.0, 14071876608.0, 14156251136.0, 14240625664.0, 14325001216.0, 14409376768.0, 14493751296.0, 14578125824.0, 14662501376.0, 14746876928.0, 14831251456.0, 14915625984.0, 15000000512.0], "s11": [[-0.7596271634101868, -0.6493242979049683], [-0.8287241458892822, -0.5587589740753174], [-0.8856979608535767, -0.4634857177734375], [-0.930601954460144, -0.3651953339576721], [-0.9637317061424255, -0.2655021846294403], [-0.9856233596801758, -0.16587135195732117], [-0.9970036149024963, -0.06756661087274551], [-0.9987101554870605, 0.028392542153596878], [-0.9916115999221802, 0.12121272087097168], [-0.9765512347221375, 0.2102852612733841], [-0.9543201327323914, 0.29512983560562134], [-0.9256737232208252, 0.37534207105636597], [-0.8913544416427612, 0.4506002366542816], [-0.8521137237548828, 0.5206377506256104], [-0.8087007403373718, 0.5853004455566406], [-0.7618497610092163, 0.6445459723472595], [-0.7122275233268738, 0.6984212398529053], [-0.6604331731796265, 0.7470616102218628], [-0.6069722771644592, 0.7906453609466553], [-0.5522789359092712, 0.8293536305427551], [-0.49673357605934143, 0.8633671998977661], [-0.44069382548332214, 0.8928676247596741], [-0.3844972252845764, 0.9180524945259094], [-0.3284602761268616, 0.9391506314277649], [-0.2728360593318939, 0.9564201831817627], [-0.21784384548664093, 0.970135509967804], [-0.1636115312576294, 0.980567991733551], [-0.11022422462701797, 0.9879497289657593], [-0.05771968141198158, 0.9924740195274353], [-0.006169253494590521, 0.994274377822876], [0.04438183084130287, 0.9934666156768799], [0.09382811933755875, 0.990158200263977], [0.14206577837467194, 0.9844729900360107], [0.18899653851985931, 0.9765840172767639], [0.23456162214279175, 0.9666681289672852], [0.278735876083374, 0.9549012780189514], [0.321537584066391, 0.9414304494857788], [0.36299630999565125, 0.9263666868209839], [0.40312692523002625, 0.9097769260406494], [0.441921591758728, 0.891718864440918], [0.479327529668808, 0.8722575306892395], [0.5153018832206726, 0.8514910340309143], [0.5498110055923462, 0.8295462727546692], [0.5828641057014465, 0.8065528273582458], [0.6145095825195312, 0.7826201915740967], [0.6448093056678772, 0.7578223347663879], [0.6738147139549255, 0.7321919798851013], [0.7015437483787537, 0.7057372331619263], [0.7279826998710632, 0.6784660816192627], [0.7530878186225891, 0.6504238843917847], [0.7768285274505615, 0.6216881275177002], [0.7992035746574402, 0.5923542976379395], [0.8202535510063171, 0.5625160932540894], [0.8400450348854065, 0.5322238206863403], [0.8586384057998657, 0.5014880895614624], [0.8760615587234497, 0.4702916741371155], [0.8923044800758362, 0.4386078715324402], [0.9073206186294556, 0.4064442217350006], [0.9210617542266846, 0.3738468587398529], [0.9335029125213623, 0.3408900797367096], [0.9446700215339661, 0.30765771865844727], [0.9546129107475281, 0.2741982042789459], [0.9633895754814148, 0.2405158281326294], [0.9710323214530945, 0.20657910406589508], [0.9775232076644897, 0.17234109342098236], [0.9828036427497864, 0.13778237998485565], [0.9868003129959106, 0.10292117297649384], [0.9894567728042603, 0.06781383603811264], [0.9907494783401489, 0.03251642733812332], [0.9906668663024902, -0.00295644230209291], [0.9891085028648376, -0.03869020193815231], [0.9854048490524292, -0.07482341676950455], [0.9777548909187317, -0.1077444851398468], [0.9769129753112793, -0.14000700414180756], [0.9720125198364258, -0.17687490582466125], [0.9644840955734253, -0.2133132368326187], [0.9551954865455627, -0.2494562417268753], [0.9443029165267944, -0.2853822410106659], [0.9318588376045227, -0.3211214542388916], [0.9178689122200012, -0.35671180486679077], [0.9022800326347351, -0.39219483733177185], [0.8849860429763794, -0.4275840222835541], [0.8658506274223328, -0.46284982562065125], [0.8447375297546387, -0.4979027807712555], [0.8215426802635193, -0.5326306819915771], [0.7961823344230652, -0.5669230818748474], [0.7685713768005371, -0.6006914973258972], [0.7385924458503723, -0.6338641047477722], [0.7060680389404297, -0.6663274765014648], [0.6707929372787476, -0.6978988647460938], [0.6325888633728027, -0.7282719612121582], [0.5914226174354553, -0.7569689750671387], [0.5476172566413879, -0.7832555174827576], [0.5024515986442566, -0.8055788278579712], [0.46019673347473145, -0.8177915811538696], [0.41135457158088684, -0.7723959684371948], [0.23546427488327026, -0.8039196133613586], [0.1704617440700531, -0.845470666885376], [0.09146332740783691, -0.8446179032325745], [-0.0016155041521415114, -0.8192902207374573], [-0.10320048779249191, -0.7639243006706238], [-0.20287935435771942, -0.6673414707183838], [-0.2786339521408081, -0.5183883905410767], [-0.2911800444126129, -0.31900712847709656], [-0.19505168497562408, -0.10896867513656616], [0.013259734027087688, 0.027698159217834473], [0.2576071321964264, 0.02677174285054207], [0.44417956471443176, -0.0886707454919815], [0.5401750206947327, -0.24886775016784668], [0.5629919171333313, -0.4037799537181854], [0.5401207804679871, -0.5344047546386719], [0.491897314786911, -0.6385036110877991], [0.4304753243923187, -0.7194734215736389], [0.3625742197036743, -0.7816174030303955], [0.2917958199977875, -0.8286594748497009], [0.22001639008522034, -0.8634976148605347], [0.1482231765985489, -0.8882323503494263], [0.07695528119802475, -0.9043646454811096], [0.006565135903656483, -0.9129595160484314], [-0.06266700476408005, -0.9148092269897461], [-0.13052549958229065, -0.9105627536773682], [-0.1968286782503128, 