{
  "geometry": {
    "eps_wg": 12.0,
    "wg_width_a": 1.0,
    "mode": "2d_tmz",
    "boundary": "upml",
    "resolution": 10,
    "dx_m": 1e-07,
    "dt_s": 2.3350090506160174e-16,
    "fcen_c_over_a": 0.15,
    "df": 0.1,
    "flux_out_meep_x": 5.0,
    "flux_in_meep_x": -5.0,
    "monitor_position_rfx_xy": [
      1.3e-05,
      4.5e-06
    ]
  },
  "until_decay_run": {
    "until_decay": 1e-05,
    "decay_min_steps": 2000,
    "decay_max_steps": 11056,
    "decay_monitor_component": "ez",
    "decay_monitor_position_rfx": [
      1.3e-05,
      4.5e-06,
      0.0
    ],
    "stop_step": 2201,
    "stop_T_unit_a_c0": 154.07786051376752,
    "T_peak_at_stop": 0.749582786107178,
    "T_bandmean_at_stop": 0.7813422048834653,
    "peak_idx": 26,
    "f_peak": 0.15306122448979592
  },
  "point_field_decay": {
    "monitor_position_rfx": [
      1.3e-05,
      4.5e-06,
      0.0
    ],
    "quiet_step_ratio_sq_below_1e-5": 2201,
    "peak_abs_ez": 1.0373604482083465e-06,
    "step": [
      0,
      50,
      100,
      150,
      200,
      250,
      300,
      350,
      400,
      450,
      500,
      550,
      600,
      650,
      700,
      750,
      800,
      850,
      900,
      950,
      1000,
      1050,
      1100,
      1150,
      1200,
      1250,
      1300,
      1350,
      1400,
      1450,
      1500,
      1550,
      1600,
      1650,
      1700,
      1750,
      1800,
      1850,
      1900,
      1950,
      2000,
      2050,
      2100,
      2150,
      2200,
      2250,
      2300,
      2350,
      2400,
      2450,
      2500,
      2550,
      2600,
      2650,
      2700,
      2750,
      2800,
      2850,
      2900,
      2950,
      3000,
      3050,
      3100,
      3150,
      3200,
      3250,
      3300,
      3350,
      3400,
      3450,
      3500,
      3550,
      3600,
      3650,
      3700,
      3750,
      3800,
      3850,
      3900,
      3950,
      4000,
      4050,
      4100,
      4150,
      4200,
      4250,
      4300,
      4350,
      4400,
      4450,
      4500,
      4550,
      4600,
      4650,
      4700,
      4750,
      4800,
      4850,
      4900,
      4950,
      5000,
      5050,
      5100,
      5150,
      5200,
      5250,
      5300,
      5350,
      5400,
      5450,
      5500,
      5550,
      5600,
      5650,
      5700,
      5750,
      5800,
      5850,
      5900
    ],
    "abs_ez": [
      0.0,
      0.0,
      0.0,
      1.3802251739115907e-34,
      1.2685010834567528e-15,
      6.00298009543164e-14,
      2.6039837536131864e-14,
      3.356161377456035e-13,
      3.893130121664784e-13,
      1.7601069527643093e-13,
      3.126530284669471e-12,
      1.4296737405050663e-11,
      4.016194321554423e-11,
      8.411504132110892e-11,
      1.45207096347022e-10,
      2.5417198901145355e-10,
      6.176042455230402e-10,
      1.952593642329248e-09,
      5.948519898879567e-09,
      1.540199434657552e-08,
      3.289875394330011e-08,
      5.6728410413597885e-08,
      7.450108796547283e-08,
      5.931247670787343e-08,
      2.3123888581721985e-08,
      1.922811634358368e-07,
      4.2583545223351393e-07,
      6.510403522952402e-07,
      7.710999625487602e-07,
      7.161949611145246e-07,
      4.855015731664025e-07,
      1.5120080831820815e-07,
      1.7659777995504555e-07,
      4.0064134054773604e-07,
      4.7533842462144094e-07,
      4.170265128777828e-07,
      2.848102269581432e-07,
      1.4554103699992993e-07,
      4.367626260659563e-08,
      9.001318801438174e-09,
      2.4186466163200748e-08,
      2.0598564631768568e-08,
      1.2352383116365218e-08,
      5.930796742603661e-09,
      2.5333304343178042e-09,
      1.2929892712065794e-09,
      1.1478832329103739e-09,
      1.3755060424003318e-09,
      1.5479141302066068e-09,
      1.4635463951861993e-09,
      1.232902113734724e-09,
      1.5223051708090907e-09,
      3.9276000229904184e-09,
      1.1388079812491014e-08,
      2.8267384877267432e-08,
      5.9264923635282685e-08,
      1.0631026725604897e-07,
      1.6398485058743972e-07,
      2.1664138216692663e-07,
      2.417476707705646e-07,
      2.2085269790750317e-07,
      1.5257535324053606e-07,
      5.7680519915948025e-08,
      2.9368679932417763e-08,
      7.768700527321926e-08,
      7.481505548412315e-08,
      3.067947673685012e-08,
      2.978902813310924e-08,
      7.984832706142697e-08,
      1.0281577544901666e-07,
      9.715335380633405e-08,
      7.32053777596775e-08,
      4.48822241594371e-08,
      2.2162030433037216e-08,
      8.384451355425426e-09,
      2.0280228607560957e-09,
      3.924788272158253e-11,
      3.5205705017915534e-10,
      2.6822763454781295e-10,
      2.9288227398893696e-10,
      5.246069689768262e-10,
      8.958326858099497e-10,
      1.257282278288585e-09,
      1.4300808315326208e-09,
      1.2811316452143728e-09,
      7.849756955558007e-10,
      6.524305401489627e-11,
      5.104907607744735e-10,
      7.993442713294385e-11,
      3.011299209987328e-09,
      1.1053024273621759e-08,
      2.5760396482610304e-08,
      4.6155502531064485e-08,
      6.701748844761823e-08,
      7.990976058636079e-08,
      7.724275263853997e-08,
      5.704300676256935e-08,
      2.4893884287280343e-08,
      8.526791717144988e-09,
      3.264219827769921e-08,
      4.162578548516649e-08,
      3.619100397145303e-08,
      2.2166711133309036e-08,
      7.0218488801288e-09,
      3.6999705521623127e-09,
      8.204532164768352e-09,
      7.89893839225897e-09,
      5.430765170899576e-09,
      2.910713003956289e-09,
      1.25420229757367e-09,
      4.733068381668204e-10,
      2.3827542716681194e-10,
      2.4195884185118643e-10,
      2.917311947570056e-10,
      2.839752599737011e-10,
      1.749312222854016e-10,
      1.5768702316121264e-11,
      1.852597658613675e-10,
      1.505699731563226e-10
    ],