                       Norm,                    Minimum,                    Maximum,                       Mean
        +1.500045814513e-01,        +4.844029210260e-09,        +8.718905667919e-03,        +9.425861824648e-05
